date,open,high,low,close,volume
2026-02-09 08:30:00-06:00,6935.25,6937.5,6924.5,6928.25,7721.0
2026-02-09 08:31:00-06:00,6928.25,6933.75,6924.25,6930.25,4875.0
2026-02-09 08:32:00-06:00,6930.0,6937.75,6927.25,6936.0,5304.0
2026-02-09 08:33:00-06:00,6936.0,6941.0,6933.0,6938.5,5368.0
2026-02-09 08:34:00-06:00,6939.0,6942.75,6937.25,6939.5,4244.0
2026-02-09 08:35:00-06:00,6939.75,6941.75,6936.25,6940.75,4155.0
2026-02-09 08:36:00-06:00,6941.0,6942.5,6935.0,6938.5,4113.0
2026-02-09 08:37:00-06:00,6938.75,6946.0,6938.25,6945.75,4615.0
2026-02-09 08:38:00-06:00,6945.75,6947.5,6943.75,6945.5,3996.0
2026-02-09 08:39:00-06:00,6945.25,6952.75,6943.5,6952.75,5639.0
2026-02-09 08:40:00-06:00,6952.5,6954.25,6950.25,6953.0,5123.0
2026-02-09 08:41:00-06:00,6952.75,6955.75,6950.25,6950.25,4154.0
2026-02-09 08:42:00-06:00,6950.0,6956.75,6949.25,6956.5,3811.0
2026-02-09 08:43:00-06:00,6956.25,6957.0,6951.5,6951.75,2958.0
2026-02-09 08:44:00-06:00,6951.5,6953.75,6950.5,6953.0,2360.0
2026-02-09 08:45:00-06:00,6953.0,6956.0,6950.25,6951.5,3114.0
2026-02-09 08:46:00-06:00,6951.25,6956.75,6950.25,6956.5,3636.0
2026-02-09 08:47:00-06:00,6956.25,6957.0,6945.75,6954.75,8222.0
2026-02-09 08:48:00-06:00,6955.0,6957.75,6953.25,6956.0,2899.0
2026-02-09 08:49:00-06:00,6956.0,6957.5,6951.5,6953.5,3120.0
2026-02-09 08:50:00-06:00,6953.5,6954.0,6944.25,6946.5,5303.0
2026-02-09 08:51:00-06:00,6946.5,6946.75,6941.75,6945.25,4236.0
2026-02-09 08:52:00-06:00,6944.75,6946.5,6940.75,6941.25,3309.0
2026-02-09 08:53:00-06:00,6941.5,6944.25,6940.25,6942.25,2754.0
2026-02-09 08:54:00-06:00,6942.25,6946.0,6938.5,6946.0,3927.0
2026-02-09 08:55:00-06:00,6946.0,6949.5,6945.25,6945.25,4228.0
2026-02-09 08:56:00-06:00,6946.0,6950.0,6943.5,6949.0,3217.0
2026-02-09 08:57:00-06:00,6949.0,6949.5,6944.0,6946.5,2405.0
2026-02-09 08:58:00-06:00,6946.5,6950.0,6945.75,6946.0,1949.0
2026-02-09 08:59:00-06:00,6945.75,6948.0,6945.0,6945.0,1416.0
2026-02-09 09:00:00-06:00,6945.0,6950.75,6943.0,6945.5,4525.0
2026-02-09 09:01:00-06:00,6945.75,6950.75,6945.5,6950.25,2066.0
2026-02-09 09:02:00-06:00,6950.25,6951.0,6943.5,6944.5,2903.0
2026-02-09 09:03:00-06:00,6944.25,6951.25,6943.75,6950.25,2301.0
2026-02-09 09:04:00-06:00,6950.5,6954.0,6948.5,6954.0,2218.0
2026-02-09 09:05:00-06:00,6954.0,6956.75,6953.0,6955.75,3641.0
2026-02-09 09:06:00-06:00,6956.0,6959.25,6955.0,6958.25,4293.0
2026-02-09 09:07:00-06:00,6958.25,6960.75,6958.25,6959.0,3246.0
2026-02-09 09:08:00-06:00,6959.0,6960.5,6958.5,6959.5,1532.0
2026-02-09 09:09:00-06:00,6959.5,6960.0,6955.75,6957.5,2812.0
2026-02-09 09:10:00-06:00,6957.25,6959.0,6954.75,6959.0,2399.0
2026-02-09 09:11:00-06:00,6959.0,6959.0,6955.5,6956.0,1247.0
2026-02-09 09:12:00-06:00,6956.0,6956.5,6952.5,6956.0,2668.0
2026-02-09 09:13:00-06:00,6955.75,6958.25,6953.75,6957.75,1784.0
2026-02-09 09:14:00-06:00,6957.75,6959.5,6956.5,6959.25,2151.0
2026-02-09 09:15:00-06:00,6959.25,6963.5,6959.0,6962.75,3802.0
2026-02-09 09:16:00-06:00,6962.75,6965.5,6962.0,6964.5,3494.0
2026-02-09 09:17:00-06:00,6964.75,6965.75,6962.5,6963.75,2185.0
2026-02-09 09:18:00-06:00,6963.75,6966.75,6963.75,6965.5,2342.0
2026-02-09 09:19:00-06:00,6965.5,6968.25,6965.25,6968.0,2021.0
2026-02-09 09:20:00-06:00,6968.0,6970.75,6967.25,6969.25,3372.0
2026-02-09 09:21:00-06:00,6969.25,6969.75,6967.5,6968.0,1974.0
2026-02-09 09:22:00-06:00,6968.0,6968.5,6965.5,6967.75,2681.0
2026-02-09 09:23:00-06:00,6968.0,6969.75,6965.75,6966.5,1752.0
2026-02-09 09:24:00-06:00,6966.5,6966.5,6963.25,6964.5,3805.0
2026-02-09 09:25:00-06:00,6964.75,6965.25,6961.5,6962.0,2241.0
2026-02-09 09:26:00-06:00,6962.0,6962.75,6959.25,6960.75,3223.0
2026-02-09 09:27:00-06:00,6960.75,6961.5,6958.0,6960.25,2931.0
2026-02-09 09:28:00-06:00,6960.0,6961.25,6958.5,6959.5,1586.0
2026-02-09 09:29:00-06:00,6959.5,6962.5,6958.5,6960.75,2094.0
2026-02-09 09:30:00-06:00,6960.75,6969.75,6960.5,6969.5,4955.0
2026-02-09 09:31:00-06:00,6969.5,6971.25,6968.75,6970.5,3382.0
2026-02-09 09:32:00-06:00,6970.5,6971.75,6969.25,6971.75,1963.0
2026-02-09 09:33:00-06:00,6971.75,6972.5,6970.75,6971.75,1816.0
2026-02-09 09:34:00-06:00,6971.75,6974.25,6971.0,6974.0,2450.0
2026-02-09 09:35:00-06:00,6973.5,6976.75,6973.25,6975.75,3684.0
2026-02-09 09:36:00-06:00,6975.75,6978.75,6974.75,6976.0,3563.0
2026-02-09 09:37:00-06:00,6976.25,6979.0,6975.0,6978.5,2237.0
2026-02-09 09:38:00-06:00,6978.5,6979.0,6975.75,6977.25,1772.0
2026-02-09 09:39:00-06:00,6977.0,6977.5,6973.25,6975.25,2384.0
2026-02-09 09:40:00-06:00,6975.0,6977.25,6974.75,6976.5,1677.0
2026-02-09 09:41:00-06:00,6976.5,6977.5,6974.5,6975.0,1256.0
2026-02-09 09:42:00-06:00,6975.0,6976.25,6974.25,6976.0,1194.0
2026-02-09 09:43:00-06:00,6976.25,6977.0,6975.25,6976.0,967.0
2026-02-09 09:44:00-06:00,6975.75,6977.5,6975.75,6976.75,931.0
2026-02-09 09:45:00-06:00,6976.75,6979.0,6976.5,6978.5,1798.0
2026-02-09 09:46:00-06:00,6978.25,6978.25,6974.5,6975.0,2176.0
2026-02-09 09:47:00-06:00,6974.5,6975.5,6973.5,6975.0,2093.0
2026-02-09 09:48:00-06:00,6975.0,6976.0,6973.75,6974.0,1247.0
2026-02-09 09:49:00-06:00,6974.25,6979.5,6973.75,6979.5,2496.0
2026-02-09 09:50:00-06:00,6979.25,6981.5,6979.0,6979.5,3840.0
2026-02-09 09:51:00-06:00,6979.5,6980.5,6977.0,6977.5,2367.0
2026-02-09 09:52:00-06:00,6977.5,6979.5,6977.25,6978.0,1372.0
2026-02-09 09:53:00-06:00,6978.25,6978.75,6977.0,6978.75,1210.0
2026-02-09 09:54:00-06:00,6978.5,6980.0,6977.75,6979.5,1024.0
2026-02-09 09:55:00-06:00,6979.75,6981.5,6979.25,6979.75,1450.0
2026-02-09 09:56:00-06:00,6979.5,6984.25,6979.5,6983.75,3835.0
2026-02-09 09:57:00-06:00,6983.75,6986.0,6983.0,6985.75,2771.0
2026-02-09 09:58:00-06:00,6985.75,6986.0,6983.5,6985.5,1331.0
2026-02-09 09:59:00-06:00,6985.0,6986.0,6983.25,6983.75,1644.0
2026-02-09 10:00:00-06:00,6983.5,6986.25,6983.5,6985.75,2068.0
2026-02-09 10:01:00-06:00,6985.75,6986.75,6984.75,6985.75,1412.0
2026-02-09 10:02:00-06:00,6986.0,6987.5,6985.5,6986.75,1598.0
2026-02-09 10:03:00-06:00,6986.5,6986.75,6985.0,6985.25,1112.0
2026-02-09 10:04:00-06:00,6985.5,6987.75,6984.75,6987.0,1345.0
2026-02-09 10:05:00-06:00,6987.0,6987.25,6985.25,6986.0,1235.0
2026-02-09 10:06:00-06:00,6986.0,6986.0,6983.0,6985.0,2260.0
2026-02-09 10:07:00-06:00,6985.25,6985.25,6982.5,6982.75,1362.0
2026-02-09 10:08:00-06:00,6982.75,6984.25,6982.25,6984.0,1490.0
2026-02-09 10:09:00-06:00,6984.0,6985.0,6983.0,6983.0,1268.0
2026-02-09 10:10:00-06:00,6983.0,6984.5,6982.0,6984.5,1907.0
2026-02-09 10:11:00-06:00,6984.5,6985.5,6984.0,6985.0,1218.0
2026-02-09 10:12:00-06:00,6985.0,6986.0,6984.0,6984.0,933.0
2026-02-09 10:13:00-06:00,6984.5,6984.75,6982.0,6983.0,1436.0
2026-02-09 10:14:00-06:00,6983.0,6984.75,6982.5,6984.5,996.0
2026-02-09 10:15:00-06:00,6984.5,6986.0,6983.75,6985.0,1061.0
2026-02-09 10:16:00-06:00,6985.25,6985.75,6983.75,6984.25,886.0
2026-02-09 10:17:00-06:00,6984.5,6986.5,6984.25,6985.5,979.0
2026-02-09 10:18:00-06:00,6985.5,6986.25,6985.0,6985.25,854.0
2026-02-09 10:19:00-06:00,6985.0,6985.5,6982.0,6982.25,1635.0
2026-02-09 10:20:00-06:00,6982.25,6984.0,6982.0,6983.5,1325.0
2026-02-09 10:21:00-06:00,6983.75,6984.5,6982.25,6984.0,750.0
2026-02-09 10:22:00-06:00,6983.75,6985.75,6983.75,6984.75,1209.0
2026-02-09 10:23:00-06:00,6985.0,6985.25,6984.0,6985.0,658.0
2026-02-09 10:24:00-06:00,6985.0,6986.5,6984.5,6986.5,771.0
2026-02-09 10:25:00-06:00,6986.5,6986.75,6984.5,6984.75,986.0
2026-02-09 10:26:00-06:00,6985.0,6987.5,6985.0,6986.5,1259.0
2026-02-09 10:27:00-06:00,6986.5,6988.25,6986.0,6987.75,1592.0
2026-02-09 10:28:00-06:00,6988.0,6989.25,6987.25,6989.0,1633.0
2026-02-09 10:29:00-06:00,6988.75,6989.0,6988.0,6988.25,1340.0
2026-02-09 10:30:00-06:00,6988.25,6988.5,6987.5,6987.75,1104.0
2026-02-09 10:31:00-06:00,6987.75,6989.25,6986.75,6989.25,1897.0
2026-02-09 10:32:00-06:00,6989.0,6989.0,6988.0,6988.25,704.0
2026-02-09 10:33:00-06:00,6988.25,6988.75,6986.25,6986.75,1157.0
2026-02-09 10:34:00-06:00,6987.0,6987.25,6986.0,6987.25,1086.0
2026-02-09 10:35:00-06:00,6987.25,6987.25,6985.25,6985.25,928.0
2026-02-09 10:36:00-06:00,6985.5,6986.5,6984.75,6985.5,1458.0
2026-02-09 10:37:00-06:00,6985.25,6986.25,6984.75,6984.75,889.0
2026-02-09 10:38:00-06:00,6984.75,6985.75,6984.0,6985.75,1140.0
2026-02-09 10:39:00-06:00,6985.75,6987.25,6985.0,6987.0,1089.0
2026-02-09 10:40:00-06:00,6987.0,6988.5,6986.75,6987.25,1154.0
2026-02-09 10:41:00-06:00,6987.25,6989.75,6987.25,6989.75,1371.0
2026-02-09 10:42:00-06:00,6989.75,6990.5,6989.25,6990.25,1924.0
2026-02-09 10:43:00-06:00,6990.5,6990.75,6989.0,6990.5,1441.0
2026-02-09 10:44:00-06:00,6990.5,6991.5,6989.75,6991.25,1866.0
2026-02-09 10:45:00-06:00,6991.25,6993.5,6991.0,6993.25,2933.0
2026-02-09 10:46:00-06:00,6993.0,6994.5,6992.75,6994.25,1497.0
2026-02-09 10:47:00-06:00,6994.0,6994.75,6993.0,6993.5,1802.0
2026-02-09 10:48:00-06:00,6993.5,6993.75,6992.25,6993.5,2159.0
2026-02-09 10:49:00-06:00,6993.5,6993.75,6992.5,6993.25,740.0
2026-02-09 10:50:00-06:00,6993.5,6993.75,6992.5,6993.0,977.0
2026-02-09 10:51:00-06:00,6993.25,6994.5,6993.0,6994.5,1029.0
2026-02-09 10:52:00-06:00,6994.5,6996.75,6994.25,6996.25,2428.0
2026-02-09 10:53:00-06:00,6996.25,6996.5,6994.75,6995.5,1424.0
2026-02-09 10:54:00-06:00,6995.5,6996.25,6995.0,6995.0,1029.0
2026-02-09 10:55:00-06:00,6995.25,6996.25,6995.0,6996.0,756.0
2026-02-09 10:56:00-06:00,6996.25,6996.25,6995.0,6995.5,798.0
2026-02-09 10:57:00-06:00,6995.75,6996.75,6995.0,6996.75,842.0
2026-02-09 10:58:00-06:00,6997.0,6997.5,6996.0,6996.75,1416.0
2026-02-09 10:59:00-06:00,6996.75,6997.25,6995.0,6995.5,1322.0
2026-02-09 11:00:00-06:00,6995.5,6996.75,6993.5,6996.5,1708.0
2026-02-09 11:01:00-06:00,6996.5,6996.75,6996.0,6996.5,707.0
2026-02-09 11:02:00-06:00,6996.5,6997.5,6996.25,6997.0,883.0
2026-02-09 11:03:00-06:00,6997.25,6997.75,6996.75,6997.0,794.0
2026-02-09 11:04:00-06:00,6997.0,6997.25,6996.0,6996.25,1005.0
2026-02-09 11:05:00-06:00,6996.5,6997.0,6995.75,6995.75,509.0
2026-02-09 11:06:00-06:00,6996.0,6996.25,6994.25,6995.5,1249.0
2026-02-09 11:07:00-06:00,6995.5,6996.5,6994.75,6996.5,929.0
2026-02-09 11:08:00-06:00,6996.25,6996.25,6995.0,6995.25,690.0
2026-02-09 11:09:00-06:00,6995.25,6995.75,6994.75,6995.0,805.0
2026-02-09 11:10:00-06:00,6995.0,6996.0,6994.75,6995.0,737.0
2026-02-09 11:11:00-06:00,6995.5,6997.5,6995.5,6996.75,1014.0
2026-02-09 11:12:00-06:00,6996.75,6998.0,6996.25,6997.5,954.0
2026-02-09 11:13:00-06:00,6997.75,6998.0,6997.25,6997.75,652.0
2026-02-09 11:14:00-06:00,6997.75,6997.75,6996.0,6996.25,763.0
2026-02-09 11:15:00-06:00,6996.0,6997.0,6995.5,6996.5,808.0
2026-02-09 11:16:00-06:00,6996.75,6997.25,6995.5,6996.0,720.0
2026-02-09 11:17:00-06:00,6996.0,6996.75,6995.5,6996.5,674.0
2026-02-09 11:18:00-06:00,6996.5,6997.25,6996.25,6996.5,667.0
2026-02-09 11:19:00-06:00,6996.75,6997.5,6996.5,6996.75,437.0
2026-02-09 11:20:00-06:00,6996.5,6996.5,6993.5,6994.0,2345.0
2026-02-09 11:21:00-06:00,6994.25,6995.5,6994.0,6994.75,1374.0
2026-02-09 11:22:00-06:00,6994.5,6995.75,6994.5,6995.0,763.0
2026-02-09 11:23:00-06:00,6995.0,6995.0,6994.0,6994.75,787.0
2026-02-09 11:24:00-06:00,6994.75,6996.0,6994.25,6994.5,1019.0
2026-02-09 11:25:00-06:00,6994.75,6995.25,6992.75,6993.0,1631.0
2026-02-09 11:26:00-06:00,6993.25,6994.0,6992.5,6994.0,1352.0
2026-02-09 11:27:00-06:00,6994.0,6994.75,6993.5,6994.0,718.0
2026-02-09 11:28:00-06:00,6994.0,6994.0,6992.75,6993.25,941.0
2026-02-09 11:29:00-06:00,6993.0,6994.0,6992.75,6993.0,820.0
2026-02-09 11:30:00-06:00,6992.75,6994.5,6992.75,6993.25,1165.0
2026-02-09 11:31:00-06:00,6993.0,6993.75,6991.25,6992.0,1316.0
2026-02-09 11:32:00-06:00,6992.0,6993.25,6991.5,6992.5,1360.0
2026-02-09 11:33:00-06:00,6992.5,6993.0,6991.5,6992.25,817.0
2026-02-09 11:34:00-06:00,6992.0,6993.0,6991.75,6993.0,483.0
2026-02-09 11:35:00-06:00,6992.75,6995.75,6992.5,6995.75,1631.0
2026-02-09 11:36:00-06:00,6995.75,6996.5,6995.0,6995.25,1036.0
2026-02-09 11:37:00-06:00,6995.0,6995.5,6993.75,6994.0,934.0
2026-02-09 11:38:00-06:00,6993.75,6994.75,6993.75,6993.75,504.0
2026-02-09 11:39:00-06:00,6993.75,6994.0,6991.5,6992.0,986.0
2026-02-09 11:40:00-06:00,6992.0,6992.5,6991.0,6991.5,1053.0
2026-02-09 11:41:00-06:00,6991.75,6992.25,6990.5,6991.5,1135.0
2026-02-09 11:42:00-06:00,6991.5,6991.5,6990.5,6991.0,1120.0
2026-02-09 11:43:00-06:00,6991.0,6991.25,6989.5,6991.0,1603.0
2026-02-09 11:44:00-06:00,6991.0,6991.5,6990.5,6990.75,588.0
2026-02-09 11:45:00-06:00,6990.75,6991.5,6990.5,6991.25,872.0
2026-02-09 11:46:00-06:00,6991.25,6991.25,6989.75,6990.25,765.0
2026-02-09 11:47:00-06:00,6990.0,6990.25,6988.5,6989.0,1169.0
2026-02-09 11:48:00-06:00,6989.0,6991.0,6988.75,6990.25,1487.0
2026-02-09 11:49:00-06:00,6990.25,6991.25,6990.25,6990.75,756.0
2026-02-09 11:50:00-06:00,6991.0,6991.25,6989.25,6989.5,842.0
2026-02-09 11:51:00-06:00,6989.5,6990.75,6989.0,6989.5,627.0
2026-02-09 11:52:00-06:00,6989.75,6990.5,6989.5,6989.75,535.0
2026-02-09 11:53:00-06:00,6989.75,6990.75,6989.5,6990.0,494.0
2026-02-09 11:54:00-06:00,6990.0,6990.25,6989.0,6990.25,506.0
2026-02-09 11:55:00-06:00,6990.25,6990.25,6989.0,6989.75,449.0
2026-02-09 11:56:00-06:00,6989.75,6990.0,6988.75,6989.25,505.0
2026-02-09 11:57:00-06:00,6989.25,6990.0,6988.75,6989.5,643.0
2026-02-09 11:58:00-06:00,6989.5,6989.5,6986.5,6987.0,2240.0
2026-02-09 11:59:00-06:00,6987.0,6987.75,6986.0,6987.25,1344.0
2026-02-09 12:00:00-06:00,6987.0,6987.25,6985.0,6986.0,1814.0
2026-02-09 12:01:00-06:00,6986.0,6986.5,6984.75,6985.25,1497.0
2026-02-09 12:02:00-06:00,6985.5,6989.5,6985.0,6989.0,1981.0
2026-02-09 12:03:00-06:00,6989.0,6990.75,6989.0,6990.75,1527.0
2026-02-09 12:04:00-06:00,6990.75,6991.0,6988.25,6988.5,1263.0
2026-02-09 12:05:00-06:00,6988.5,6989.0,6986.75,6988.0,913.0
2026-02-09 12:06:00-06:00,6988.0,6988.75,6987.0,6988.5,728.0
2026-02-09 12:07:00-06:00,6988.5,6989.5,6988.5,6988.5,759.0
2026-02-09 12:08:00-06:00,6988.5,6989.25,6987.0,6989.25,678.0
2026-02-09 12:09:00-06:00,6989.0,6991.0,6989.0,6990.0,1184.0
2026-02-09 12:10:00-06:00,6990.0,6990.25,6989.0,6990.0,782.0
2026-02-09 12:11:00-06:00,6990.25,6991.0,6989.0,6989.25,1046.0
2026-02-09 12:12:00-06:00,6989.0,6989.25,6988.0,6989.0,968.0
2026-02-09 12:13:00-06:00,6988.75,6989.25,6988.25,6989.0,433.0
2026-02-09 12:14:00-06:00,6989.5,6990.5,6989.25,6990.25,629.0
2026-02-09 12:15:00-06:00,6990.25,6990.5,6988.5,6988.5,694.0
2026-02-09 12:16:00-06:00,6988.75,6989.75,6988.25,6989.0,560.0
2026-02-09 12:17:00-06:00,6989.0,6989.5,6988.75,6989.25,317.0
2026-02-09 12:18:00-06:00,6989.25,6991.0,6989.0,6989.5,591.0
2026-02-09 12:19:00-06:00,6989.5,6990.0,6988.5,6990.0,435.0
2026-02-09 12:20:00-06:00,6990.0,6991.0,6989.5,6991.0,620.0
2026-02-09 12:21:00-06:00,6991.0,6991.75,6977.0,6981.0,13419.0
2026-02-09 12:22:00-06:00,6980.75,6987.25,6980.5,6986.25,4057.0
2026-02-09 12:23:00-06:00,6986.5,6988.0,6983.75,6987.5,1897.0
2026-02-09 12:24:00-06:00,6987.5,6989.0,6986.75,6987.0,1745.0
2026-02-09 12:25:00-06:00,6987.25,6987.5,6984.75,6985.75,1562.0
2026-02-09 12:26:00-06:00,6986.0,6987.75,6984.0,6984.0,1651.0
2026-02-09 12:27:00-06:00,6984.0,6985.0,6983.0,6984.0,1851.0
2026-02-09 12:28:00-06:00,6984.0,6984.25,6982.5,6983.5,1303.0
2026-02-09 12:29:00-06:00,6983.75,6985.5,6983.5,6984.0,1262.0
2026-02-09 12:30:00-06:00,6983.75,6986.0,6981.25,6983.75,2327.0
2026-02-09 12:31:00-06:00,6983.75,6987.0,6983.25,6987.0,1299.0
2026-02-09 12:32:00-06:00,6987.0,6989.75,6986.5,6989.0,2819.0
2026-02-09 12:33:00-06:00,6989.0,6989.5,6987.75,6988.75,1538.0
2026-02-09 12:34:00-06:00,6988.5,6989.0,6987.0,6988.0,983.0
2026-02-09 12:35:00-06:00,6988.25,6990.25,6987.75,6990.0,1085.0
2026-02-09 12:36:00-06:00,6990.25,6990.25,6988.5,6989.25,904.0
2026-02-09 12:37:00-06:00,6989.25,6989.25,6987.0,6988.75,1009.0
2026-02-09 12:38:00-06:00,6988.5,6989.5,6987.75,6988.5,636.0
2026-02-09 12:39:00-06:00,6989.0,6990.0,6988.0,6989.75,402.0
2026-02-09 12:40:00-06:00,6990.0,6990.75,6989.25,6990.0,1129.0
2026-02-09 12:41:00-06:00,6990.0,6991.5,6989.25,6990.75,1171.0
2026-02-09 12:42:00-06:00,6990.75,6990.75,6988.5,6989.5,751.0
2026-02-09 12:43:00-06:00,6989.75,6992.75,6989.75,6992.0,2015.0
2026-02-09 12:44:00-06:00,6992.5,6993.5,6991.5,6991.75,1774.0
2026-02-09 12:45:00-06:00,6991.5,6993.75,6990.0,6990.25,1851.0
2026-02-09 12:46:00-06:00,6990.25,6991.75,6990.0,6990.75,769.0
2026-02-09 12:47:00-06:00,6990.75,6991.5,6989.25,6991.25,1092.0
2026-02-09 12:48:00-06:00,6991.25,6991.75,6991.0,6991.5,537.0
2026-02-09 12:49:00-06:00,6991.5,6991.5,6989.5,6989.75,767.0
2026-02-09 12:50:00-06:00,6989.75,6990.0,6988.25,6989.5,1287.0
2026-02-09 12:51:00-06:00,6989.75,6991.0,6989.5,6990.5,698.0
2026-02-09 12:52:00-06:00,6990.75,6991.25,6990.0,6990.75,636.0
2026-02-09 12:53:00-06:00,6990.75,6991.0,6989.5,6991.0,617.0
2026-02-09 12:54:00-06:00,6990.75,6991.25,6988.75,6989.0,568.0
2026-02-09 12:55:00-06:00,6989.0,6989.0,6986.5,6988.25,1812.0
2026-02-09 12:56:00-06:00,6988.25,6989.75,6988.25,6988.75,853.0
2026-02-09 12:57:00-06:00,6988.5,6990.25,6988.5,6990.0,825.0
2026-02-09 12:58:00-06:00,6990.0,6990.25,6988.0,6988.25,684.0
2026-02-09 12:59:00-06:00,6988.0,6988.5,6987.5,6988.25,455.0
2026-02-09 13:00:00-06:00,6988.25,6989.0,6986.5,6987.25,1066.0
2026-02-09 13:01:00-06:00,6987.0,6987.5,6986.5,6987.0,1331.0
2026-02-09 13:02:00-06:00,6987.0,6990.0,6987.0,6990.0,1123.0
2026-02-09 13:03:00-06:00,6990.0,6992.25,6989.25,6992.25,1825.0
2026-02-09 13:04:00-06:00,6992.25,6992.5,6991.75,6992.25,808.0
2026-02-09 13:05:00-06:00,6992.25,6992.5,6990.0,6990.75,1102.0
2026-02-09 13:06:00-06:00,6990.75,6991.75,6989.25,6989.5,970.0
2026-02-09 13:07:00-06:00,6989.75,6990.75,6988.75,6988.75,860.0
2026-02-09 13:08:00-06:00,6988.75,6990.0,6988.0,6989.75,829.0
2026-02-09 13:09:00-06:00,6990.0,6990.25,6988.75,6989.25,788.0
2026-02-09 13:10:00-06:00,6989.25,6991.25,6989.25,6991.0,546.0
2026-02-09 13:11:00-06:00,6991.0,6993.5,6990.75,6993.25,1624.0
2026-02-09 13:12:00-06:00,6993.25,6993.25,6991.5,6992.5,870.0
2026-02-09 13:13:00-06:00,6992.25,6994.25,6991.75,6994.25,1272.0
2026-02-09 13:14:00-06:00,6994.0,6995.0,6993.25,6994.25,1701.0
2026-02-09 13:15:00-06:00,6994.0,6994.5,6993.25,6994.25,964.0
2026-02-09 13:16:00-06:00,6994.25,6995.75,6994.25,6994.5,1096.0
2026-02-09 13:17:00-06:00,6994.5,6995.0,6994.0,6994.75,798.0
2026-02-09 13:18:00-06:00,6994.75,6995.25,6993.75,6994.25,560.0
2026-02-09 13:19:00-06:00,6994.25,6995.25,6994.0,6995.0,553.0
2026-02-09 13:20:00-06:00,6995.25,6996.25,6994.75,6996.0,1184.0
2026-02-09 13:21:00-06:00,6996.0,6996.5,6994.75,6995.0,883.0
2026-02-09 13:22:00-06:00,6994.75,6995.75,6994.75,6995.75,802.0
2026-02-09 13:23:00-06:00,6995.75,6997.0,6995.75,6996.75,793.0
2026-02-09 13:24:00-06:00,6996.75,6999.5,6996.5,6998.5,3102.0
2026-02-09 13:25:00-06:00,6998.25,6999.0,6997.75,6998.5,1292.0
2026-02-09 13:26:00-06:00,6998.5,6999.75,6998.0,6998.25,980.0
2026-02-09 13:27:00-06:00,6998.25,6999.0,6998.0,6999.0,706.0
2026-02-09 13:28:00-06:00,6999.0,7000.5,6998.5,6999.75,1852.0
2026-02-09 13:29:00-06:00,6999.75,7000.25,6998.5,6999.0,1170.0
2026-02-09 13:30:00-06:00,6999.25,7000.25,6998.5,6998.75,1244.0
2026-02-09 13:31:00-06:00,6998.5,6998.75,6997.0,6997.75,1647.0
2026-02-09 13:32:00-06:00,6997.75,6999.25,6997.25,6999.0,974.0
2026-02-09 13:33:00-06:00,6999.0,6999.75,6998.75,6999.25,725.0
2026-02-09 13:34:00-06:00,6999.25,6999.25,6997.75,6997.75,670.0
2026-02-09 13:35:00-06:00,6997.75,6998.25,6997.0,6997.25,723.0
2026-02-09 13:36:00-06:00,6997.25,6998.25,6997.0,6997.25,608.0
2026-02-09 13:37:00-06:00,6997.25,6999.0,6997.25,6999.0,542.0
2026-02-09 13:38:00-06:00,6999.0,6999.25,6998.25,6999.0,426.0
2026-02-09 13:39:00-06:00,6998.75,6999.25,6998.0,6998.25,638.0
2026-02-09 13:40:00-06:00,6998.5,6998.5,6996.25,6997.0,1115.0
2026-02-09 13:41:00-06:00,6996.75,6998.25,6996.5,6998.25,586.0
2026-02-09 13:42:00-06:00,6998.0,6998.5,6997.25,6997.25,408.0
2026-02-09 13:43:00-06:00,6997.25,6998.25,6997.0,6997.5,452.0
2026-02-09 13:44:00-06:00,6997.5,6997.75,6996.5,6997.25,495.0
2026-02-09 13:45:00-06:00,6997.25,6998.25,6997.0,6997.5,534.0
2026-02-09 13:46:00-06:00,6997.5,6998.0,6997.25,6997.75,194.0
2026-02-09 13:47:00-06:00,6998.0,6998.25,6996.25,6996.5,1016.0
2026-02-09 13:48:00-06:00,6996.5,6997.25,6996.25,6996.5,601.0
2026-02-09 13:49:00-06:00,6996.75,6998.25,6996.75,6997.75,752.0
2026-02-09 13:50:00-06:00,6997.75,6998.75,6997.5,6998.0,539.0
2026-02-09 13:51:00-06:00,6997.75,6998.25,6996.75,6997.0,429.0
2026-02-09 13:52:00-06:00,6996.75,6997.25,6996.5,6997.0,681.0
2026-02-09 13:53:00-06:00,6997.0,6997.25,6995.75,6996.25,1063.0
2026-02-09 13:54:00-06:00,6996.25,6997.0,6996.25,6996.75,480.0
2026-02-09 13:55:00-06:00,6996.75,6996.75,6994.75,6996.25,885.0
2026-02-09 13:56:00-06:00,6996.25,6996.75,6995.5,6996.5,802.0
2026-02-09 13:57:00-06:00,6996.75,6997.5,6996.5,6997.25,713.0
2026-02-09 13:58:00-06:00,6997.25,6997.25,6995.25,6996.0,616.0
2026-02-09 13:59:00-06:00,6996.0,6996.25,6995.25,6995.5,452.0
2026-02-09 14:00:00-06:00,6995.75,6996.0,6994.5,6995.5,1513.0
2026-02-09 14:01:00-06:00,6995.75,6996.5,6995.25,6996.0,478.0
2026-02-09 14:02:00-06:00,6996.25,6998.0,6995.75,6997.75,842.0
2026-02-09 14:03:00-06:00,6997.75,6998.25,6997.25,6997.25,776.0
2026-02-09 14:04:00-06:00,6997.25,6997.75,6995.75,6996.5,625.0
2026-02-09 14:05:00-06:00,6996.25,6998.25,6996.25,6997.5,530.0
2026-02-09 14:06:00-06:00,6997.75,6998.5,6997.5,6998.0,655.0
2026-02-09 14:07:00-06:00,6997.75,6998.75,6997.5,6997.5,528.0
2026-02-09 14:08:00-06:00,6997.5,6997.75,6996.5,6997.25,487.0
2026-02-09 14:09:00-06:00,6997.25,6997.25,6995.75,6996.25,744.0
2026-02-09 14:10:00-06:00,6996.5,6997.25,6996.0,6997.0,413.0
2026-02-09 14:11:00-06:00,6997.0,6997.5,6996.0,6996.0,455.0
2026-02-09 14:12:00-06:00,6996.0,6997.0,6996.0,6996.75,621.0
2026-02-09 14:13:00-06:00,6996.75,6997.0,6996.0,6996.5,348.0
2026-02-09 14:14:00-06:00,6996.25,6996.5,6995.5,6995.5,844.0
2026-02-09 14:15:00-06:00,6995.5,6995.75,6993.75,6993.75,1642.0
2026-02-09 14:16:00-06:00,6993.75,6994.0,6992.25,6993.25,2468.0
2026-02-09 14:17:00-06:00,6993.25,6994.0,6992.25,6992.5,1271.0
2026-02-09 14:18:00-06:00,6992.5,6993.25,6991.5,6992.5,1527.0
2026-02-09 14:19:00-06:00,6992.5,6993.75,6992.0,6992.25,1137.0
2026-02-09 14:20:00-06:00,6992.5,6992.75,6991.75,6992.0,960.0
2026-02-09 14:21:00-06:00,6992.0,6992.25,6990.5,6991.75,1697.0
2026-02-09 14:22:00-06:00,6991.75,6992.0,6991.0,6991.75,1082.0
2026-02-09 14:23:00-06:00,6992.0,6992.5,6991.0,6992.5,864.0
2026-02-09 14:24:00-06:00,6992.25,6993.0,6989.0,6990.5,1900.0
2026-02-09 14:25:00-06:00,6990.5,6991.0,6989.25,6990.5,1199.0
2026-02-09 14:26:00-06:00,6990.5,6990.5,6987.25,6987.5,2037.0
2026-02-09 14:27:00-06:00,6987.5,6988.75,6987.0,6987.75,2049.0
2026-02-09 14:28:00-06:00,6987.5,6987.5,6984.5,6985.0,2651.0
2026-02-09 14:29:00-06:00,6985.0,6987.75,6984.75,6987.0,1933.0
2026-02-09 14:30:00-06:00,6987.0,6987.0,6984.25,6986.0,2596.0
2026-02-09 14:31:00-06:00,6985.75,6986.75,6983.25,6983.75,1674.0
2026-02-09 14:32:00-06:00,6983.5,6986.75,6983.5,6986.5,1798.0
2026-02-09 14:33:00-06:00,6986.5,6987.25,6983.75,6984.5,2087.0
2026-02-09 14:34:00-06:00,6984.25,6985.0,6982.25,6982.25,1792.0
2026-02-09 14:35:00-06:00,6982.25,6983.75,6980.75,6983.0,2828.0
2026-02-09 14:36:00-06:00,6983.25,6983.5,6980.0,6980.5,2135.0
2026-02-09 14:37:00-06:00,6980.25,6983.0,6980.0,6982.5,2116.0
2026-02-09 14:38:00-06:00,6982.5,6985.0,6981.75,6984.5,1891.0
2026-02-09 14:39:00-06:00,6984.5,6987.25,6983.75,6987.0,2085.0
2026-02-09 14:40:00-06:00,6987.0,6990.0,6986.25,6986.25,3138.0
2026-02-09 14:41:00-06:00,6986.0,6986.5,6984.0,6984.0,1818.0
2026-02-09 14:42:00-06:00,6984.25,6987.5,6984.25,6987.5,1593.0
2026-02-09 14:43:00-06:00,6987.5,6987.5,6985.0,6987.25,1129.0
2026-02-09 14:44:00-06:00,6987.0,6988.25,6986.5,6987.75,1092.0
2026-02-09 14:45:00-06:00,6987.5,6989.25,6987.5,6989.25,1663.0
2026-02-09 14:46:00-06:00,6989.25,6989.75,6987.75,6988.25,1044.0
2026-02-09 14:47:00-06:00,6988.5,6990.0,6988.0,6989.5,841.0
2026-02-09 14:48:00-06:00,6989.75,6989.75,6988.25,6989.0,1097.0
2026-02-09 14:49:00-06:00,6989.0,6990.0,6988.5,6989.5,1034.0
2026-02-09 14:50:00-06:00,6989.5,6990.0,6987.75,6989.0,2563.0
2026-02-09 14:51:00-06:00,6989.0,6992.0,6989.0,6990.0,2163.0
2026-02-09 14:52:00-06:00,6990.25,6991.0,6988.25,6988.25,1856.0
2026-02-09 14:53:00-06:00,6988.5,6988.5,6984.0,6984.75,3184.0
2026-02-09 14:54:00-06:00,6984.75,6986.0,6982.0,6984.5,4377.0
2026-02-09 14:55:00-06:00,6984.5,6988.75,6984.25,6985.75,3931.0
2026-02-09 14:56:00-06:00,6986.0,6986.0,6984.25,6984.75,1380.0
2026-02-09 14:57:00-06:00,6985.0,6986.25,6984.0,6985.75,1398.0
2026-02-09 14:58:00-06:00,6985.75,6989.75,6985.5,6988.0,2260.0
2026-02-09 14:59:00-06:00,6988.0,6989.25,6980.25,6980.25,11400.0
2026-02-09 15:00:00-06:00,6980.5,6984.25,6980.0,6983.25,3774.0
2026-02-09 15:01:00-06:00,6983.25,6983.25,6981.25,6982.5,1839.0
2026-02-09 15:02:00-06:00,6982.5,6984.25,6982.0,6983.25,676.0
2026-02-09 15:03:00-06:00,6983.25,6983.5,6982.0,6982.5,386.0
2026-02-09 15:04:00-06:00,6982.75,6983.0,6981.75,6982.5,266.0
2026-02-09 15:05:00-06:00,6982.5,6982.75,6981.5,6982.75,392.0
2026-02-09 15:06:00-06:00,6982.75,6983.0,6981.5,6982.0,268.0
2026-02-09 15:07:00-06:00,6982.0,6982.5,6981.0,6982.25,351.0
2026-02-09 15:08:00-06:00,6982.25,6982.75,6981.75,6982.75,269.0
2026-02-09 15:09:00-06:00,6982.5,6984.5,6982.0,6984.0,527.0
2026-02-09 15:10:00-06:00,6984.0,6986.5,6983.75,6985.75,886.0
2026-02-09 15:11:00-06:00,6985.75,6985.75,6984.0,6984.0,793.0
2026-02-09 15:12:00-06:00,6984.0,6984.25,6983.25,6984.0,285.0
2026-02-09 15:13:00-06:00,6984.0,6985.25,6984.0,6984.25,360.0
2026-02-09 15:14:00-06:00,6984.5,6986.75,6984.25,6986.0,429.0
2026-02-09 15:15:00-06:00,6986.25,6986.75,6985.0,6985.25,193.0
2026-02-09 15:16:00-06:00,6985.25,6985.25,6983.75,6984.0,231.0
2026-02-09 15:17:00-06:00,6984.0,6984.0,6982.25,6982.5,322.0
2026-02-09 15:18:00-06:00,6982.25,6983.75,6982.25,6983.5,232.0
2026-02-09 15:19:00-06:00,6983.5,6984.0,6982.75,6983.75,95.0
2026-02-09 15:20:00-06:00,6983.5,6984.25,6983.25,6983.5,148.0
2026-02-09 15:21:00-06:00,6983.5,6983.75,6983.25,6983.5,46.0
2026-02-09 15:22:00-06:00,6983.5,6983.5,6983.0,6983.5,94.0
2026-02-09 15:23:00-06:00,6983.5,6984.25,6983.25,6984.0,189.0
2026-02-09 15:24:00-06:00,6984.0,6984.25,6983.5,6984.0,76.0
2026-02-09 15:25:00-06:00,6984.0,6984.0,6983.0,6983.25,103.0
2026-02-09 15:26:00-06:00,6983.0,6983.25,6982.75,6983.25,78.0
2026-02-09 15:27:00-06:00,6983.25,6983.75,6983.0,6983.25,130.0
2026-02-09 15:28:00-06:00,6983.5,6983.5,6983.25,6983.25,46.0
2026-02-09 15:29:00-06:00,6983.5,6984.5,6983.5,6984.25,260.0
2026-02-09 15:30:00-06:00,6984.0,6984.5,6983.75,6983.75,105.0
2026-02-09 15:31:00-06:00,6983.75,6984.75,6983.75,6984.0,143.0
2026-02-09 15:32:00-06:00,6984.0,6984.5,6984.0,6984.25,74.0
2026-02-09 15:33:00-06:00,6984.5,6984.75,6984.25,6984.25,157.0
2026-02-09 15:34:00-06:00,6984.25,6985.0,6984.25,6985.0,260.0
2026-02-09 15:35:00-06:00,6984.75,6984.75,6984.25,6984.5,34.0
2026-02-09 15:36:00-06:00,6985.0,6985.25,6984.75,6985.0,142.0
2026-02-09 15:37:00-06:00,6985.25,6985.25,6984.0,6984.25,112.0
2026-02-09 15:38:00-06:00,6984.25,6984.5,6983.5,6984.25,236.0
2026-02-09 15:39:00-06:00,6984.25,6984.75,6984.0,6984.25,122.0
2026-02-09 15:40:00-06:00,6984.25,6985.25,6984.25,6985.0,58.0
2026-02-09 15:41:00-06:00,6985.0,6985.25,6984.75,6985.0,93.0
2026-02-09 15:42:00-06:00,6984.75,6985.0,6984.0,6984.5,129.0
2026-02-09 15:43:00-06:00,6984.5,6985.0,6984.25,6985.0,157.0
2026-02-09 15:44:00-06:00,6985.0,6985.5,6984.75,6985.5,175.0
2026-02-09 15:45:00-06:00,6985.5,6985.75,6985.25,6985.75,199.0
2026-02-09 15:46:00-06:00,6985.5,6986.25,6985.25,6985.5,241.0
2026-02-09 15:47:00-06:00,6985.25,6985.75,6985.0,6985.75,171.0
2026-02-09 15:48:00-06:00,6985.5,6985.5,6984.75,6985.0,116.0
2026-02-09 15:49:00-06:00,6985.0,6985.25,6985.0,6985.25,68.0
2026-02-09 15:50:00-06:00,6985.0,6985.5,6985.0,6985.25,51.0
2026-02-09 15:51:00-06:00,6985.0,6985.0,6984.0,6984.75,418.0
2026-02-09 15:52:00-06:00,6984.5,6985.25,6984.5,6985.25,55.0
2026-02-09 15:53:00-06:00,6985.25,6985.5,6985.0,6985.25,54.0
2026-02-09 15:54:00-06:00,6985.5,6985.5,6984.75,6984.75,124.0
2026-02-09 15:55:00-06:00,6984.75,6985.0,6984.0,6984.5,270.0
2026-02-09 15:56:00-06:00,6984.75,6984.75,6984.0,6984.25,114.0
2026-02-09 15:57:00-06:00,6984.25,6984.5,6984.25,6984.25,66.0
2026-02-09 15:58:00-06:00,6984.0,6984.25,6983.25,6983.75,79.0
2026-02-09 15:59:00-06:00,6983.25,6984.0,6982.5,6983.75,499.0
2026-02-10 08:30:00-06:00,6990.0,6995.75,6988.5,6991.75,7264.0
2026-02-10 08:31:00-06:00,6992.0,6996.5,6991.25,6993.25,5091.0
2026-02-10 08:32:00-06:00,6993.5,6995.0,6990.5,6993.0,3617.0
2026-02-10 08:33:00-06:00,6993.25,6994.0,6989.75,6990.0,3751.0
2026-02-10 08:34:00-06:00,6990.0,6994.0,6989.25,6991.0,3638.0
2026-02-10 08:35:00-06:00,6991.0,6992.0,6988.75,6989.75,3153.0
2026-02-10 08:36:00-06:00,6989.5,6990.0,6984.0,6985.75,6108.0
2026-02-10 08:37:00-06:00,6985.75,6986.0,6980.75,6981.0,5672.0
2026-02-10 08:38:00-06:00,6981.25,6982.0,6978.0,6980.0,5516.0
2026-02-10 08:39:00-06:00,6980.0,6987.0,6979.25,6984.0,5133.0
2026-02-10 08:40:00-06:00,6984.25,6985.0,6981.0,6983.0,4548.0
2026-02-10 08:41:00-06:00,6982.75,6982.75,6979.25,6980.5,3994.0
2026-02-10 08:42:00-06:00,6980.25,6980.75,6975.0,6975.5,5920.0
2026-02-10 08:43:00-06:00,6975.5,6981.0,6975.25,6979.75,4094.0
2026-02-10 08:44:00-06:00,6979.75,6981.5,6978.0,6980.5,2973.0
2026-02-10 08:45:00-06:00,6980.5,6981.5,6977.75,6979.0,3279.0
2026-02-10 08:46:00-06:00,6979.0,6982.5,6978.0,6980.25,3011.0
2026-02-10 08:47:00-06:00,6980.25,6982.5,6976.75,6977.5,3237.0
2026-02-10 08:48:00-06:00,6977.75,6983.0,6977.5,6978.25,4120.0
2026-02-10 08:49:00-06:00,6978.0,6980.0,6976.75,6980.0,2750.0
2026-02-10 08:50:00-06:00,6979.75,6986.25,6979.5,6986.25,5960.0
2026-02-10 08:51:00-06:00,6986.0,6987.5,6983.25,6986.75,4442.0
2026-02-10 08:52:00-06:00,6986.75,6989.25,6983.75,6988.75,4158.0
2026-02-10 08:53:00-06:00,6988.5,6991.0,6987.25,6990.25,4487.0
2026-02-10 08:54:00-06:00,6990.5,6994.5,6988.75,6994.25,4505.0
2026-02-10 08:55:00-06:00,6994.25,6998.5,6992.75,6997.5,7037.0
2026-02-10 08:56:00-06:00,6997.5,6999.0,6996.5,6997.75,4210.0
2026-02-10 08:57:00-06:00,6997.5,6999.5,6996.25,6999.5,3160.0
2026-02-10 08:58:00-06:00,6999.5,7003.5,6999.0,7001.5,6530.0
2026-02-10 08:59:00-06:00,7001.5,7001.75,6997.5,6998.25,3704.0
2026-02-10 09:00:00-06:00,6998.25,6999.0,6995.5,6996.5,4880.0
2026-02-10 09:01:00-06:00,6996.75,6998.75,6996.5,6998.5,2882.0
2026-02-10 09:02:00-06:00,6998.5,6998.75,6996.5,6998.5,2435.0
2026-02-10 09:03:00-06:00,6998.5,6998.5,6995.5,6996.75,2918.0
2026-02-10 09:04:00-06:00,6996.75,6999.0,6996.5,6998.75,1938.0
2026-02-10 09:05:00-06:00,6998.75,6999.5,6997.5,6998.25,2601.0
2026-02-10 09:06:00-06:00,6998.0,7004.75,6996.0,7003.5,6905.0
2026-02-10 09:07:00-06:00,7003.5,7004.75,7001.25,7003.0,4423.0
2026-02-10 09:08:00-06:00,7003.25,7005.0,7003.0,7003.75,2715.0
2026-02-10 09:09:00-06:00,7003.5,7003.75,7001.0,7002.75,2856.0
2026-02-10 09:10:00-06:00,7002.5,7004.25,7001.25,7004.0,2577.0
2026-02-10 09:11:00-06:00,7004.0,7004.25,7001.5,7001.75,1799.0
2026-02-10 09:12:00-06:00,7002.25,7002.25,6998.75,6999.25,3583.0
2026-02-10 09:13:00-06:00,6999.5,6999.75,6988.25,6989.0,10874.0
2026-02-10 09:14:00-06:00,6988.75,6994.75,6987.25,6994.75,6232.0
2026-02-10 09:15:00-06:00,6994.75,6994.75,6990.0,6990.5,4065.0
2026-02-10 09:16:00-06:00,6990.75,6994.0,6990.25,6993.25,3083.0
2026-02-10 09:17:00-06:00,6993.25,6993.75,6991.0,6993.25,4329.0
2026-02-10 09:18:00-06:00,6993.5,7001.25,6992.25,7001.0,6111.0
2026-02-10 09:19:00-06:00,7000.75,7001.0,6997.5,7001.0,3165.0
2026-02-10 09:20:00-06:00,7001.0,7002.0,6999.0,7001.0,3088.0
2026-02-10 09:21:00-06:00,7001.25,7003.75,7000.75,7002.25,3688.0
2026-02-10 09:22:00-06:00,7002.5,7004.5,7001.5,7003.25,2223.0
2026-02-10 09:23:00-06:00,7003.5,7004.25,7000.5,7002.0,3048.0
2026-02-10 09:24:00-06:00,7001.75,7002.25,6994.75,6995.25,6012.0
2026-02-10 09:25:00-06:00,6995.25,6997.5,6993.75,6996.0,4157.0
2026-02-10 09:26:00-06:00,6995.75,6999.5,6994.75,6999.25,2694.0
2026-02-10 09:27:00-06:00,6999.25,7000.75,6997.75,7000.75,2353.0
2026-02-10 09:28:00-06:00,7000.75,7001.25,6998.5,6999.75,2384.0
2026-02-10 09:29:00-06:00,6999.75,7000.75,6998.75,6999.75,1638.0
2026-02-10 09:30:00-06:00,6999.75,7003.25,6997.0,7003.0,4931.0
2026-02-10 09:31:00-06:00,7003.0,7006.25,7002.5,7003.75,5016.0
2026-02-10 09:32:00-06:00,7004.0,7004.75,7003.25,7004.25,2187.0
2026-02-10 09:33:00-06:00,7004.5,7005.0,7001.0,7001.5,3262.0
2026-02-10 09:34:00-06:00,7001.5,7001.75,6999.0,7000.0,3416.0
2026-02-10 09:35:00-06:00,6999.75,7000.25,6997.5,6998.5,2924.0
2026-02-10 09:36:00-06:00,6998.25,6999.5,6996.0,6999.5,2750.0
2026-02-10 09:37:00-06:00,6999.5,6999.5,6994.25,6994.75,3262.0
2026-02-10 09:38:00-06:00,6995.0,6998.25,6995.0,6998.0,2443.0
2026-02-10 09:39:00-06:00,6998.0,6998.5,6996.75,6996.75,1124.0
2026-02-10 09:40:00-06:00,6996.75,7000.0,6996.25,6998.0,3002.0
2026-02-10 09:41:00-06:00,6998.25,6999.5,6997.5,6998.5,1325.0
2026-02-10 09:42:00-06:00,6998.75,7000.0,6998.5,6999.5,1214.0
2026-02-10 09:43:00-06:00,6999.5,7000.75,6997.75,7000.75,1435.0
2026-02-10 09:44:00-06:00,7000.5,7002.5,7000.0,7001.5,3032.0
2026-02-10 09:45:00-06:00,7001.5,7001.75,6999.5,7000.5,1779.0
2026-02-10 09:46:00-06:00,7000.25,7002.25,6999.5,7002.0,1714.0
2026-02-10 09:47:00-06:00,7002.0,7002.75,6999.5,7000.5,2170.0
2026-02-10 09:48:00-06:00,7000.5,7001.75,6996.5,6997.25,2718.0
2026-02-10 09:49:00-06:00,6997.25,6998.25,6995.25,6998.25,3098.0
2026-02-10 09:50:00-06:00,6997.75,6998.25,6996.0,6997.5,1743.0
2026-02-10 09:51:00-06:00,6997.5,6999.25,6994.75,6995.0,2094.0
2026-02-10 09:52:00-06:00,6995.0,6997.75,6993.25,6997.25,3046.0
2026-02-10 09:53:00-06:00,6997.25,6997.25,6995.75,6996.5,1716.0
2026-02-10 09:54:00-06:00,6996.75,6997.5,6995.25,6997.5,1288.0
2026-02-10 09:55:00-06:00,6997.25,6998.25,6994.75,6994.75,1857.0
2026-02-10 09:56:00-06:00,6995.0,6995.5,6989.5,6990.25,6187.0
2026-02-10 09:57:00-06:00,6990.25,6995.75,6990.0,6995.75,3458.0
2026-02-10 09:58:00-06:00,6995.75,6997.5,6995.5,6997.25,2802.0
2026-02-10 09:59:00-06:00,6997.25,6998.0,6994.25,6994.5,2053.0
2026-02-10 10:00:00-06:00,6994.75,6996.25,6993.0,6995.75,2583.0
2026-02-10 10:01:00-06:00,6996.0,6996.25,6993.75,6993.75,1333.0
2026-02-10 10:02:00-06:00,6994.0,6997.25,6993.5,6994.5,1516.0
2026-02-10 10:03:00-06:00,6994.5,6994.75,6991.75,6993.75,2020.0
2026-02-10 10:04:00-06:00,6993.75,6995.75,6993.25,6994.25,1149.0
2026-02-10 10:05:00-06:00,6994.5,6995.0,6992.5,6992.5,1501.0
2026-02-10 10:06:00-06:00,6992.75,6993.5,6989.5,6990.0,2686.0
2026-02-10 10:07:00-06:00,6990.0,6990.5,6987.75,6989.75,3231.0
2026-02-10 10:08:00-06:00,6989.75,6993.0,6989.25,6992.25,2751.0
2026-02-10 10:09:00-06:00,6992.0,6992.25,6986.5,6986.5,3931.0
2026-02-10 10:10:00-06:00,6986.75,6990.75,6986.75,6989.75,2926.0
2026-02-10 10:11:00-06:00,6990.0,6991.0,6988.25,6990.0,1855.0
2026-02-10 10:12:00-06:00,6990.0,6991.25,6989.0,6990.5,1373.0
2026-02-10 10:13:00-06:00,6990.5,6992.5,6990.0,6990.75,2044.0
2026-02-10 10:14:00-06:00,6990.75,6991.75,6989.25,6989.75,1157.0
2026-02-10 10:15:00-06:00,6989.5,6990.75,6983.5,6989.5,6909.0
2026-02-10 10:16:00-06:00,6989.25,6991.25,6988.75,6990.25,2163.0
2026-02-10 10:17:00-06:00,6990.5,6994.0,6990.25,6992.75,3068.0
2026-02-10 10:18:00-06:00,6993.0,6993.25,6989.75,6992.0,2205.0
2026-02-10 10:19:00-06:00,6992.25,6992.75,6989.75,6990.25,1248.0
2026-02-10 10:20:00-06:00,6990.25,6991.5,6987.0,6987.75,2976.0
2026-02-10 10:21:00-06:00,6987.5,6988.25,6985.25,6986.75,3332.0
2026-02-10 10:22:00-06:00,6986.75,6987.75,6981.5,6983.25,5225.0
2026-02-10 10:23:00-06:00,6983.25,6987.75,6982.75,6987.25,3455.0
2026-02-10 10:24:00-06:00,6987.0,6987.75,6984.75,6986.0,1871.0
2026-02-10 10:25:00-06:00,6986.0,6988.25,6984.5,6988.0,2279.0
2026-02-10 10:26:00-06:00,6988.0,6991.0,6987.5,6990.25,2475.0
2026-02-10 10:27:00-06:00,6990.5,6991.75,6987.5,6988.5,2477.0
2026-02-10 10:28:00-06:00,6988.5,6990.75,6988.25,6990.5,1529.0
2026-02-10 10:29:00-06:00,6990.5,6991.25,6987.75,6988.5,1633.0
2026-02-10 10:30:00-06:00,6988.25,6988.25,6986.0,6986.25,3127.0
2026-02-10 10:31:00-06:00,6986.5,6988.5,6986.5,6988.5,1399.0
2026-02-10 10:32:00-06:00,6988.5,6989.5,6987.0,6987.75,1698.0
2026-02-10 10:33:00-06:00,6987.75,6988.75,6986.75,6987.0,1243.0
2026-02-10 10:34:00-06:00,6987.5,6988.0,6985.0,6986.25,1973.0
2026-02-10 10:35:00-06:00,6986.5,6990.0,6986.0,6989.0,2206.0
2026-02-10 10:36:00-06:00,6988.75,6989.0,6986.5,6988.0,1435.0
2026-02-10 10:37:00-06:00,6988.0,6990.0,6987.25,6987.75,1451.0
2026-02-10 10:38:00-06:00,6987.75,6990.0,6986.25,6989.25,1093.0
2026-02-10 10:39:00-06:00,6989.5,6989.75,6987.25,6989.0,973.0
2026-02-10 10:40:00-06:00,6988.75,6989.25,6987.0,6987.5,1142.0
2026-02-10 10:41:00-06:00,6987.25,6990.75,6987.0,6990.75,1679.0
2026-02-10 10:42:00-06:00,6990.5,6991.75,6987.25,6987.5,3212.0
2026-02-10 10:43:00-06:00,6987.75,6988.5,6986.5,6987.25,1954.0
2026-02-10 10:44:00-06:00,6987.25,6988.0,6986.5,6987.25,1013.0
2026-02-10 10:45:00-06:00,6987.0,6992.5,6987.0,6992.0,3270.0
2026-02-10 10:46:00-06:00,6992.0,6993.5,6991.0,6993.5,2551.0
2026-02-10 10:47:00-06:00,6993.5,6994.75,6991.0,6991.0,2377.0
2026-02-10 10:48:00-06:00,6991.0,6992.0,6987.75,6988.5,2333.0
2026-02-10 10:49:00-06:00,6988.5,6989.5,6986.25,6987.0,1881.0
2026-02-10 10:50:00-06:00,6987.0,6987.5,6984.0,6985.75,3825.0
2026-02-10 10:51:00-06:00,6985.75,6986.0,6984.0,6984.5,1735.0
2026-02-10 10:52:00-06:00,6984.75,6987.25,6984.25,6986.75,1875.0
2026-02-10 10:53:00-06:00,6987.0,6988.25,6986.5,6987.25,1430.0
2026-02-10 10:54:00-06:00,6987.0,6989.75,6987.0,6989.25,1422.0
2026-02-10 10:55:00-06:00,6989.25,6989.5,6987.0,6989.25,1629.0
2026-02-10 10:56:00-06:00,6989.25,6991.75,6989.0,6989.5,1877.0
2026-02-10 10:57:00-06:00,6989.25,6990.0,6988.25,6989.75,1000.0
2026-02-10 10:58:00-06:00,6989.75,6990.25,6988.5,6989.5,835.0
2026-02-10 10:59:00-06:00,6989.75,6990.5,6987.25,6988.5,1173.0
2026-02-10 11:00:00-06:00,6988.5,6989.5,6987.75,6987.75,783.0
2026-02-10 11:01:00-06:00,6987.5,6988.5,6984.75,6984.75,1813.0
2026-02-10 11:02:00-06:00,6985.0,6985.75,6983.5,6985.5,2079.0
2026-02-10 11:03:00-06:00,6985.5,6986.75,6983.25,6983.25,1873.0
2026-02-10 11:04:00-06:00,6983.25,6985.5,6982.5,6985.5,2080.0
2026-02-10 11:05:00-06:00,6985.5,6987.5,6985.25,6987.5,1938.0
2026-02-10 11:06:00-06:00,6987.5,6988.75,6985.75,6988.0,1520.0
2026-02-10 11:07:00-06:00,6988.0,6989.5,6986.75,6989.5,1200.0
2026-02-10 11:08:00-06:00,6989.5,6992.25,6989.5,6991.5,2717.0
2026-02-10 11:09:00-06:00,6991.5,6992.25,6990.5,6992.0,1740.0
2026-02-10 11:10:00-06:00,6992.0,6993.75,6992.0,6992.75,2153.0
2026-02-10 11:11:00-06:00,6992.75,6995.0,6992.75,6994.5,1885.0
2026-02-10 11:12:00-06:00,6994.5,6995.25,6992.75,6994.25,1400.0
2026-02-10 11:13:00-06:00,6994.25,6995.0,6993.0,6994.5,2002.0
2026-02-10 11:14:00-06:00,6994.5,6996.5,6993.5,6995.75,1962.0
2026-02-10 11:15:00-06:00,6995.5,6995.75,6994.0,6995.0,1517.0
2026-02-10 11:16:00-06:00,6995.0,6996.25,6994.0,6995.75,1128.0
2026-02-10 11:17:00-06:00,6995.75,6996.0,6995.25,6995.75,1109.0
2026-02-10 11:18:00-06:00,6995.75,6997.0,6995.25,6996.5,1442.0
2026-02-10 11:19:00-06:00,6996.5,6997.75,6996.25,6997.0,1287.0
2026-02-10 11:20:00-06:00,6997.0,6997.25,6993.25,6994.25,2497.0
2026-02-10 11:21:00-06:00,6994.25,6994.75,6992.0,6994.75,2415.0
2026-02-10 11:22:00-06:00,6994.75,6994.75,6991.5,6991.75,1728.0
2026-02-10 11:23:00-06:00,6991.75,6993.5,6990.25,6993.25,1998.0
2026-02-10 11:24:00-06:00,6993.25,6993.25,6991.5,6992.25,923.0
2026-02-10 11:25:00-06:00,6992.0,6992.75,6991.5,6992.25,839.0
2026-02-10 11:26:00-06:00,6992.0,6992.75,6991.5,6992.75,637.0
2026-02-10 11:27:00-06:00,6992.75,6994.25,6992.5,6993.25,1085.0
2026-02-10 11:28:00-06:00,6993.5,6995.0,6993.25,6994.0,1012.0
2026-02-10 11:29:00-06:00,6994.0,6994.25,6992.75,6993.25,703.0
2026-02-10 11:30:00-06:00,6993.25,6994.25,6991.25,6991.75,1603.0
2026-02-10 11:31:00-06:00,6991.75,6993.25,6991.25,6992.75,1072.0
2026-02-10 11:32:00-06:00,6992.75,6994.75,6992.75,6994.5,949.0
2026-02-10 11:33:00-06:00,6994.5,6994.75,6992.5,6992.75,705.0
2026-02-10 11:34:00-06:00,6992.75,6993.25,6992.0,6993.0,578.0
2026-02-10 11:35:00-06:00,6992.75,6992.75,6989.0,6989.25,1932.0
2026-02-10 11:36:00-06:00,6989.0,6991.5,6989.0,6991.5,1127.0
2026-02-10 11:37:00-06:00,6991.5,6992.5,6990.75,6992.5,814.0
2026-02-10 11:38:00-06:00,6992.25,6993.5,6992.0,6992.75,901.0
2026-02-10 11:39:00-06:00,6992.75,6993.5,6991.25,6992.0,726.0
2026-02-10 11:40:00-06:00,6992.0,6993.75,6991.75,6993.75,745.0
2026-02-10 11:41:00-06:00,6993.75,6995.5,6993.5,6995.25,1358.0
2026-02-10 11:42:00-06:00,6995.5,6995.75,6994.25,6994.75,1064.0
2026-02-10 11:43:00-06:00,6994.5,6996.5,6994.5,6996.25,870.0
2026-02-10 11:44:00-06:00,6996.25,6996.5,6995.0,6995.5,802.0
2026-02-10 11:45:00-06:00,6995.5,6997.5,6995.5,6997.5,1405.0
2026-02-10 11:46:00-06:00,6997.5,6998.5,6996.25,6997.5,1471.0
2026-02-10 11:47:00-06:00,6997.5,6998.75,6997.25,6998.25,982.0
2026-02-10 11:48:00-06:00,6998.25,6998.25,6997.0,6998.0,1041.0
2026-02-10 11:49:00-06:00,6998.0,6998.75,6995.5,6995.75,1366.0
2026-02-10 11:50:00-06:00,6996.0,6997.75,6994.5,6997.25,1663.0
2026-02-10 11:51:00-06:00,6997.25,6998.0,6996.25,6998.0,739.0
2026-02-10 11:52:00-06:00,6998.25,6998.25,6997.0,6997.5,729.0
2026-02-10 11:53:00-06:00,6998.0,6998.25,6997.25,6997.25,570.0
2026-02-10 11:54:00-06:00,6997.25,6997.25,6995.0,6996.5,1161.0
2026-02-10 11:55:00-06:00,6996.5,6996.75,6995.5,6996.0,514.0
2026-02-10 11:56:00-06:00,6996.5,6996.75,6994.75,6995.75,828.0
2026-02-10 11:57:00-06:00,6995.5,6996.0,6995.0,6995.5,433.0
2026-02-10 11:58:00-06:00,6995.5,6995.75,6994.0,6994.75,1238.0
2026-02-10 11:59:00-06:00,6994.5,6995.5,6994.5,6995.25,540.0
2026-02-10 12:00:00-06:00,6995.25,6995.5,6992.75,6993.0,1612.0
2026-02-10 12:01:00-06:00,6993.0,6993.25,6991.0,6992.5,1227.0
2026-02-10 12:02:00-06:00,6992.25,6994.75,6992.25,6994.25,996.0
2026-02-10 12:03:00-06:00,6994.25,6994.5,6993.25,6993.75,676.0
2026-02-10 12:04:00-06:00,6993.75,6994.0,6992.75,6992.75,449.0
2026-02-10 12:05:00-06:00,6992.75,6993.25,6990.25,6990.75,1695.0
2026-02-10 12:06:00-06:00,6990.5,6991.5,6990.25,6990.75,936.0
2026-02-10 12:07:00-06:00,6990.75,6991.0,6988.5,6989.5,2384.0
2026-02-10 12:08:00-06:00,6989.5,6989.75,6988.5,6989.0,953.0
2026-02-10 12:09:00-06:00,6988.75,6989.25,6988.0,6989.0,1088.0
2026-02-10 12:10:00-06:00,6989.0,6990.0,6988.0,6988.5,1711.0
2026-02-10 12:11:00-06:00,6988.5,6989.5,6986.5,6989.0,1941.0
2026-02-10 12:12:00-06:00,6989.25,6989.25,6987.75,6988.5,962.0
2026-02-10 12:13:00-06:00,6988.5,6989.5,6987.25,6987.5,1019.0
2026-02-10 12:14:00-06:00,6987.5,6989.0,6986.0,6986.5,1815.0
2026-02-10 12:15:00-06:00,6986.75,6987.25,6984.25,6985.75,2140.0
2026-02-10 12:16:00-06:00,6985.5,6986.25,6980.25,6982.0,4157.0
2026-02-10 12:17:00-06:00,6982.0,6983.0,6980.75,6981.25,2073.0
2026-02-10 12:18:00-06:00,6981.0,6983.25,6980.75,6981.75,1920.0
2026-02-10 12:19:00-06:00,6981.5,6982.25,6978.5,6981.75,3630.0
2026-02-10 12:20:00-06:00,6981.5,6982.0,6977.0,6979.25,3607.0
2026-02-10 12:21:00-06:00,6979.0,6980.75,6977.25,6977.75,1876.0
2026-02-10 12:22:00-06:00,6978.0,6983.75,6977.5,6983.25,3261.0
2026-02-10 12:23:00-06:00,6983.25,6984.75,6982.25,6983.5,2729.0
2026-02-10 12:24:00-06:00,6983.25,6984.25,6981.75,6982.0,2182.0
2026-02-10 12:25:00-06:00,6982.0,6982.25,6979.25,6979.5,1915.0
2026-02-10 12:26:00-06:00,6979.25,6979.5,6978.0,6979.0,1942.0
2026-02-10 12:27:00-06:00,6979.25,6979.25,6975.75,6976.75,2917.0
2026-02-10 12:28:00-06:00,6977.0,6978.25,6976.25,6977.75,1798.0
2026-02-10 12:29:00-06:00,6978.0,6978.75,6974.25,6974.75,3090.0
2026-02-10 12:30:00-06:00,6974.75,6976.75,6974.0,6975.0,2936.0
2026-02-10 12:31:00-06:00,6974.75,6977.5,6974.0,6974.5,2291.0
2026-02-10 12:32:00-06:00,6974.5,6975.5,6973.5,6974.75,2201.0
2026-02-10 12:33:00-06:00,6974.5,6976.5,6973.0,6973.25,2192.0
2026-02-10 12:34:00-06:00,6973.25,6975.25,6970.25,6973.25,5763.0
2026-02-10 12:35:00-06:00,6973.25,6977.0,6972.5,6976.0,3091.0
2026-02-10 12:36:00-06:00,6976.25,6976.75,6973.5,6974.0,2741.0
2026-02-10 12:37:00-06:00,6974.0,6975.75,6972.25,6975.75,2895.0
2026-02-10 12:38:00-06:00,6975.5,6977.5,6975.0,6976.75,2076.0
2026-02-10 12:39:00-06:00,6976.75,6979.25,6976.75,6977.5,2304.0
2026-02-10 12:40:00-06:00,6977.5,6978.25,6976.0,6978.25,1515.0
2026-02-10 12:41:00-06:00,6978.0,6979.0,6975.75,6976.0,1717.0
2026-02-10 12:42:00-06:00,6976.0,6978.25,6976.0,6976.75,1061.0
2026-02-10 12:43:00-06:00,6977.0,6977.75,6975.75,6977.25,1059.0
2026-02-10 12:44:00-06:00,6977.0,6977.75,6976.25,6976.75,833.0
2026-02-10 12:45:00-06:00,6976.75,6977.0,6974.25,6974.25,1828.0
2026-02-10 12:46:00-06:00,6974.25,6975.5,6971.25,6971.5,2465.0
2026-02-10 12:47:00-06:00,6971.75,6973.5,6971.0,6972.25,1564.0
2026-02-10 12:48:00-06:00,6972.25,6973.25,6971.0,6972.75,1258.0
2026-02-10 12:49:00-06:00,6972.5,6972.75,6970.5,6971.75,1284.0
2026-02-10 12:50:00-06:00,6972.0,6974.0,6971.0,6973.0,1600.0
2026-02-10 12:51:00-06:00,6973.0,6973.25,6970.25,6970.25,1739.0
2026-02-10 12:52:00-06:00,6970.25,6971.5,6968.75,6970.5,3313.0
2026-02-10 12:53:00-06:00,6970.5,6972.5,6970.25,6972.0,1636.0
2026-02-10 12:54:00-06:00,6972.0,6972.0,6969.25,6969.5,1326.0
2026-02-10 12:55:00-06:00,6969.5,6970.75,6969.0,6970.25,2210.0
2026-02-10 12:56:00-06:00,6970.25,6977.0,6970.25,6975.75,3774.0
2026-02-10 12:57:00-06:00,6976.25,6976.25,6973.5,6974.5,1492.0
2026-02-10 12:58:00-06:00,6974.25,6976.75,6974.0,6976.75,1632.0
2026-02-10 12:59:00-06:00,6976.75,6978.75,6976.25,6977.0,2710.0
2026-02-10 13:00:00-06:00,6977.0,6978.0,6974.5,6974.75,2868.0
2026-02-10 13:01:00-06:00,6974.5,6979.0,6974.5,6978.75,2168.0
2026-02-10 13:02:00-06:00,6978.75,6979.5,6976.75,6977.25,2058.0
2026-02-10 13:03:00-06:00,6977.25,6978.0,6976.25,6977.5,1120.0
2026-02-10 13:04:00-06:00,6977.75,6978.5,6975.0,6975.25,1415.0
2026-02-10 13:05:00-06:00,6975.5,6976.0,6974.0,6974.75,2198.0
2026-02-10 13:06:00-06:00,6974.5,6976.0,6974.25,6974.25,974.0
2026-02-10 13:07:00-06:00,6974.25,6975.0,6972.75,6974.5,1879.0
2026-02-10 13:08:00-06:00,6974.5,6975.25,6973.75,6974.25,691.0
2026-02-10 13:09:00-06:00,6974.5,6978.0,6974.5,6975.25,1563.0
2026-02-10 13:10:00-06:00,6974.75,6977.25,6974.75,6976.75,1003.0
2026-02-10 13:11:00-06:00,6976.75,6977.0,6974.5,6975.75,846.0
2026-02-10 13:12:00-06:00,6975.75,6976.0,6974.0,6975.25,1004.0
2026-02-10 13:13:00-06:00,6975.25,6977.25,6974.5,6976.5,1234.0
2026-02-10 13:14:00-06:00,6976.5,6978.5,6976.0,6977.25,1199.0
2026-02-10 13:15:00-06:00,6977.0,6977.5,6974.25,6974.5,1085.0
2026-02-10 13:16:00-06:00,6974.25,6976.0,6974.25,6975.5,843.0
2026-02-10 13:17:00-06:00,6975.25,6975.25,6971.75,6974.5,2224.0
2026-02-10 13:18:00-06:00,6974.5,6975.25,6973.5,6974.75,874.0
2026-02-10 13:19:00-06:00,6975.0,6975.0,6972.75,6973.5,823.0
2026-02-10 13:20:00-06:00,6973.75,6977.5,6973.25,6977.25,1957.0
2026-02-10 13:21:00-06:00,6977.0,6978.5,6977.0,6977.75,1566.0
2026-02-10 13:22:00-06:00,6978.0,6979.0,6976.75,6978.75,864.0
2026-02-10 13:23:00-06:00,6978.5,6978.75,6976.75,6977.0,684.0
2026-02-10 13:24:00-06:00,6976.75,6979.0,6976.75,6978.75,960.0
2026-02-10 13:25:00-06:00,6978.5,6979.0,6976.75,6977.0,854.0
2026-02-10 13:26:00-06:00,6977.0,6978.25,6976.25,6977.5,647.0
2026-02-10 13:27:00-06:00,6977.5,6977.5,6975.75,6977.0,838.0
2026-02-10 13:28:00-06:00,6977.0,6979.0,6976.75,6978.75,947.0
2026-02-10 13:29:00-06:00,6978.75,6979.75,6978.25,6979.25,1976.0
2026-02-10 13:30:00-06:00,6979.5,6981.25,6978.75,6980.5,2477.0
2026-02-10 13:31:00-06:00,6980.25,6981.5,6979.75,6981.5,1336.0
2026-02-10 13:32:00-06:00,6981.25,6982.0,6980.5,6981.0,1416.0
2026-02-10 13:33:00-06:00,6980.75,6981.5,6980.25,6980.25,892.0
2026-02-10 13:34:00-06:00,6980.25,6980.5,6977.25,6977.75,2406.0
2026-02-10 13:35:00-06:00,6977.75,6979.25,6977.5,6979.0,890.0
2026-02-10 13:36:00-06:00,6978.75,6979.75,6978.5,6979.25,934.0
2026-02-10 13:37:00-06:00,6979.5,6980.5,6978.5,6980.5,763.0
2026-02-10 13:38:00-06:00,6980.25,6980.5,6978.75,6979.25,795.0
2026-02-10 13:39:00-06:00,6979.25,6979.75,6978.0,6979.75,735.0
2026-02-10 13:40:00-06:00,6979.75,6979.75,6978.0,6979.75,660.0
2026-02-10 13:41:00-06:00,6979.5,6980.75,6978.75,6980.25,904.0
2026-02-10 13:42:00-06:00,6980.0,6980.5,6978.0,6978.0,716.0
2026-02-10 13:43:00-06:00,6978.25,6978.5,6975.5,6975.5,2331.0
2026-02-10 13:44:00-06:00,6975.5,6976.0,6974.25,6975.75,1894.0
2026-02-10 13:45:00-06:00,6975.75,6977.5,6975.75,6977.5,1513.0
2026-02-10 13:46:00-06:00,6977.75,6978.25,6975.25,6977.25,1206.0
2026-02-10 13:47:00-06:00,6977.25,6977.25,6975.75,6976.25,690.0
2026-02-10 13:48:00-06:00,6976.75,6978.0,6976.25,6977.0,958.0
2026-02-10 13:49:00-06:00,6976.75,6978.75,6976.5,6978.25,1353.0
2026-02-10 13:50:00-06:00,6978.25,6978.25,6976.75,6977.0,678.0
2026-02-10 13:51:00-06:00,6977.0,6977.25,6975.5,6976.5,690.0
2026-02-10 13:52:00-06:00,6976.75,6977.75,6976.5,6977.25,743.0
2026-02-10 13:53:00-06:00,6977.25,6977.25,6974.5,6975.0,936.0
2026-02-10 13:54:00-06:00,6974.75,6975.5,6974.25,6975.5,791.0
2026-02-10 13:55:00-06:00,6975.5,6977.0,6975.25,6976.5,833.0
2026-02-10 13:56:00-06:00,6976.5,6979.0,6976.5,6979.0,1273.0
2026-02-10 13:57:00-06:00,6978.75,6979.75,6978.25,6978.75,1109.0
2026-02-10 13:58:00-06:00,6979.0,6979.0,6977.0,6978.0,687.0
2026-02-10 13:59:00-06:00,6978.25,6978.75,6977.5,6978.5,502.0
2026-02-10 14:00:00-06:00,6978.25,6978.5,6976.5,6978.5,808.0
2026-02-10 14:01:00-06:00,6978.5,6980.0,6978.0,6979.75,634.0
2026-02-10 14:02:00-06:00,6979.75,6980.75,6978.5,6978.75,1519.0
2026-02-10 14:03:00-06:00,6978.75,6978.75,6976.0,6976.5,1149.0
2026-02-10 14:04:00-06:00,6976.5,6976.75,6974.5,6975.25,1387.0
2026-02-10 14:05:00-06:00,6975.25,6976.75,6974.75,6976.0,1267.0
2026-02-10 14:06:00-06:00,6975.75,6976.0,6973.0,6974.0,1937.0
2026-02-10 14:07:00-06:00,6974.0,6976.75,6973.75,6976.25,1125.0
2026-02-10 14:08:00-06:00,6976.25,6977.0,6976.0,6976.75,1178.0
2026-02-10 14:09:00-06:00,6976.75,6976.75,6974.0,6975.75,1126.0
2026-02-10 14:10:00-06:00,6975.5,6976.25,6974.5,6975.5,522.0
2026-02-10 14:11:00-06:00,6975.75,6975.75,6973.0,6974.0,1875.0
2026-02-10 14:12:00-06:00,6973.75,6974.5,6971.25,6973.25,1839.0
2026-02-10 14:13:00-06:00,6973.25,6973.5,6971.5,6973.0,1552.0
2026-02-10 14:14:00-06:00,6973.0,6973.75,6972.5,6972.75,623.0
2026-02-10 14:15:00-06:00,6972.75,6974.0,6972.5,6973.5,1115.0
2026-02-10 14:16:00-06:00,6973.75,6975.75,6973.75,6974.5,1430.0
2026-02-10 14:17:00-06:00,6974.25,6975.5,6974.0,6975.5,728.0
2026-02-10 14:18:00-06:00,6975.5,6976.25,6974.25,6976.0,800.0
2026-02-10 14:19:00-06:00,6976.0,6978.0,6976.0,6977.0,2210.0
2026-02-10 14:20:00-06:00,6977.0,6978.5,6976.0,6978.0,1346.0
2026-02-10 14:21:00-06:00,6978.0,6978.0,6976.25,6977.0,900.0
2026-02-10 14:22:00-06:00,6977.0,6978.5,6976.75,6978.5,993.0
2026-02-10 14:23:00-06:00,6978.5,6979.25,6975.0,6975.0,1710.0
2026-02-10 14:24:00-06:00,6975.0,6976.25,6974.25,6974.5,1260.0
2026-02-10 14:25:00-06:00,6974.25,6975.0,6972.25,6972.25,1706.0
2026-02-10 14:26:00-06:00,6972.5,6973.5,6971.5,6973.0,1109.0
2026-02-10 14:27:00-06:00,6973.0,6974.75,6973.0,6974.5,1033.0
2026-02-10 14:28:00-06:00,6974.25,6976.0,6973.75,6974.75,1649.0
2026-02-10 14:29:00-06:00,6974.75,6976.0,6973.25,6973.75,1028.0
2026-02-10 14:30:00-06:00,6973.5,6975.5,6973.0,6975.25,1438.0
2026-02-10 14:31:00-06:00,6975.5,6976.0,6974.75,6975.0,756.0
2026-02-10 14:32:00-06:00,6975.25,6975.25,6971.75,6971.75,2364.0
2026-02-10 14:33:00-06:00,6972.0,6973.75,6971.75,6972.5,1074.0
2026-02-10 14:34:00-06:00,6972.75,6973.0,6970.5,6972.0,1747.0
2026-02-10 14:35:00-06:00,6972.0,6972.0,6969.5,6970.75,2090.0
2026-02-10 14:36:00-06:00,6970.75,6971.75,6970.0,6971.0,1123.0
2026-02-10 14:37:00-06:00,6971.0,6972.75,6970.5,6972.25,1180.0
2026-02-10 14:38:00-06:00,6972.5,6972.75,6970.0,6971.25,1087.0
2026-02-10 14:39:00-06:00,6971.25,6973.0,6969.25,6969.75,1517.0
2026-02-10 14:40:00-06:00,6970.0,6971.25,6969.25,6970.5,1250.0
2026-02-10 14:41:00-06:00,6970.5,6972.5,6969.5,6972.25,1741.0
2026-02-10 14:42:00-06:00,6972.0,6972.75,6969.5,6970.75,1718.0
2026-02-10 14:43:00-06:00,6970.5,6972.0,6970.5,6971.25,1093.0
2026-02-10 14:44:00-06:00,6971.25,6971.25,6970.5,6971.0,519.0
2026-02-10 14:45:00-06:00,6971.0,6972.5,6970.25,6971.5,1187.0
2026-02-10 14:46:00-06:00,6971.75,6973.5,6970.25,6973.5,1160.0
2026-02-10 14:47:00-06:00,6973.5,6973.5,6971.75,6972.5,912.0
2026-02-10 14:48:00-06:00,6972.75,6974.5,6972.5,6974.5,1295.0
2026-02-10 14:49:00-06:00,6974.75,6974.75,6973.5,6974.5,1231.0
2026-02-10 14:50:00-06:00,6974.5,6974.5,6966.25,6967.5,9775.0
2026-02-10 14:51:00-06:00,6967.25,6968.5,6966.5,6967.75,2918.0
2026-02-10 14:52:00-06:00,6967.75,6969.25,6964.75,6965.25,3699.0
2026-02-10 14:53:00-06:00,6965.25,6965.75,6963.25,6964.75,3708.0
2026-02-10 14:54:00-06:00,6964.75,6965.0,6962.5,6964.0,4550.0
2026-02-10 14:55:00-06:00,6963.75,6965.0,6960.5,6962.0,5334.0
2026-02-10 14:56:00-06:00,6962.0,6962.25,6957.0,6957.5,4055.0
2026-02-10 14:57:00-06:00,6957.5,6959.5,6957.0,6959.0,4480.0
2026-02-10 14:58:00-06:00,6959.0,6962.0,6959.0,6961.5,4503.0
2026-02-10 14:59:00-06:00,6961.5,6964.0,6958.0,6961.25,13204.0
2026-02-10 15:00:00-06:00,6961.25,6965.5,6959.25,6964.5,4959.0
2026-02-10 15:01:00-06:00,6964.25,6964.5,6962.0,6962.25,1783.0
2026-02-10 15:02:00-06:00,6962.25,6964.75,6962.0,6963.5,823.0
2026-02-10 15:03:00-06:00,6963.5,6965.0,6963.5,6964.75,438.0
2026-02-10 15:04:00-06:00,6964.75,6966.0,6964.25,6965.5,737.0
2026-02-10 15:05:00-06:00,6965.5,6966.0,6964.5,6965.0,725.0
2026-02-10 15:06:00-06:00,6964.75,6966.5,6964.75,6966.25,578.0
2026-02-10 15:07:00-06:00,6966.25,6966.25,6965.25,6965.75,507.0
2026-02-10 15:08:00-06:00,6965.5,6966.0,6964.75,6965.75,329.0
2026-02-10 15:09:00-06:00,6965.75,6966.25,6965.25,6966.0,529.0
2026-02-10 15:10:00-06:00,6966.0,6966.75,6965.75,6966.5,522.0
2026-02-10 15:11:00-06:00,6966.25,6967.25,6965.5,6965.75,637.0
2026-02-10 15:12:00-06:00,6965.75,6966.5,6965.0,6965.5,469.0
2026-02-10 15:13:00-06:00,6965.5,6965.75,6965.0,6965.5,300.0
2026-02-10 15:14:00-06:00,6965.25,6966.5,6965.25,6966.5,357.0
2026-02-10 15:15:00-06:00,6966.5,6967.0,6965.75,6966.5,406.0
2026-02-10 15:16:00-06:00,6966.0,6966.75,6965.25,6965.25,164.0
2026-02-10 15:17:00-06:00,6965.5,6966.5,6965.5,6965.75,167.0
2026-02-10 15:18:00-06:00,6965.5,6966.0,6965.25,6965.5,108.0
2026-02-10 15:19:00-06:00,6965.5,6965.5,6964.5,6964.75,315.0
2026-02-10 15:20:00-06:00,6964.75,6965.25,6963.75,6964.0,361.0
2026-02-10 15:21:00-06:00,6964.25,6965.25,6964.0,6965.25,332.0
2026-02-10 15:22:00-06:00,6965.25,6965.5,6964.75,6965.0,224.0
2026-02-10 15:23:00-06:00,6965.25,6965.25,6964.75,6965.25,116.0
2026-02-10 15:24:00-06:00,6965.25,6965.75,6965.0,6965.25,149.0
2026-02-10 15:25:00-06:00,6965.25,6965.5,6965.0,6965.25,61.0
2026-02-10 15:26:00-06:00,6965.0,6965.25,6964.75,6965.0,155.0
2026-02-10 15:27:00-06:00,6965.0,6965.75,6964.5,6964.75,151.0
2026-02-10 15:28:00-06:00,6964.75,6965.0,6964.5,6964.75,51.0
2026-02-10 15:29:00-06:00,6964.75,6965.5,6964.5,6964.5,277.0
2026-02-10 15:30:00-06:00,6965.0,6966.0,6964.75,6966.0,345.0
2026-02-10 15:31:00-06:00,6966.0,6966.0,6965.25,6965.5,73.0
2026-02-10 15:32:00-06:00,6965.25,6966.5,6965.25,6965.75,213.0
2026-02-10 15:33:00-06:00,6966.0,6966.25,6965.25,6966.0,115.0
2026-02-10 15:34:00-06:00,6966.0,6966.0,6965.25,6965.5,178.0
2026-02-10 15:35:00-06:00,6965.5,6966.0,6965.0,6966.0,149.0
2026-02-10 15:36:00-06:00,6965.75,6966.75,6965.5,6966.5,217.0
2026-02-10 15:37:00-06:00,6966.5,6967.25,6966.25,6966.5,247.0
2026-02-10 15:38:00-06:00,6966.25,6966.75,6966.25,6966.5,80.0
2026-02-10 15:39:00-06:00,6966.5,6966.5,6966.0,6966.5,125.0
2026-02-10 15:40:00-06:00,6966.5,6966.75,6966.0,6966.25,135.0
2026-02-10 15:41:00-06:00,6966.25,6967.0,6966.25,6967.0,143.0
2026-02-10 15:42:00-06:00,6967.0,6967.0,6966.5,6967.0,341.0
2026-02-10 15:43:00-06:00,6966.5,6968.0,6966.5,6967.75,212.0
2026-02-10 15:44:00-06:00,6968.0,6968.5,6967.0,6968.5,489.0
2026-02-10 15:45:00-06:00,6968.25,6968.75,6967.75,6968.0,222.0
2026-02-10 15:46:00-06:00,6968.0,6968.5,6967.5,6968.25,249.0
2026-02-10 15:47:00-06:00,6968.25,6968.5,6967.75,6968.25,196.0
2026-02-10 15:48:00-06:00,6968.25,6969.0,6968.25,6968.75,149.0
2026-02-10 15:49:00-06:00,6968.75,6969.0,6968.5,6968.75,147.0
2026-02-10 15:50:00-06:00,6968.75,6969.5,6968.75,6969.5,199.0
2026-02-10 15:51:00-06:00,6969.5,6970.0,6969.25,6970.0,299.0
2026-02-10 15:52:00-06:00,6969.75,6970.25,6969.5,6969.75,172.0
2026-02-10 15:53:00-06:00,6969.75,6970.75,6969.75,6970.25,276.0
2026-02-10 15:54:00-06:00,6970.25,6970.75,6970.0,6970.0,233.0
2026-02-10 15:55:00-06:00,6970.25,6970.25,6969.5,6970.25,110.0
2026-02-10 15:56:00-06:00,6970.25,6970.5,6970.0,6970.0,100.0
2026-02-10 15:57:00-06:00,6970.25,6970.75,6969.75,6970.0,471.0
2026-02-10 15:58:00-06:00,6970.25,6970.5,6970.0,6970.25,46.0
2026-02-10 15:59:00-06:00,6970.5,6970.5,6970.0,6970.25,163.0
2026-02-11 08:30:00-06:00,7004.0,7010.5,7001.5,7009.25,10602.0
2026-02-11 08:31:00-06:00,7009.0,7011.5,7006.5,7010.5,6133.0
2026-02-11 08:32:00-06:00,7010.5,7011.0,7006.75,7009.25,4728.0
2026-02-11 08:33:00-06:00,7009.0,7009.0,7003.75,7006.25,5208.0
2026-02-11 08:34:00-06:00,7006.5,7008.0,6999.75,7001.0,5751.0
2026-02-11 08:35:00-06:00,7001.0,7001.0,6996.5,6999.25,7776.0
2026-02-11 08:36:00-06:00,6999.75,7003.0,6994.75,6995.0,7971.0
2026-02-11 08:37:00-06:00,6995.0,6999.25,6992.5,6998.75,6699.0
2026-02-11 08:38:00-06:00,6998.75,6999.25,6993.0,6994.5,4021.0
2026-02-11 08:39:00-06:00,6994.25,6996.0,6992.0,6993.0,3733.0
2026-02-11 08:40:00-06:00,6993.0,6998.5,6991.75,6994.75,6307.0
2026-02-11 08:41:00-06:00,6994.5,6998.5,6992.0,6995.75,5076.0
2026-02-11 08:42:00-06:00,6995.75,6997.5,6991.25,6992.75,3875.0
2026-02-11 08:43:00-06:00,6992.75,6995.75,6991.75,6993.0,2789.0
2026-02-11 08:44:00-06:00,6993.0,6995.25,6991.5,6994.0,2741.0
2026-02-11 08:45:00-06:00,6994.0,7000.75,6993.0,7000.75,6714.0
2026-02-11 08:46:00-06:00,7000.75,7004.0,6993.75,6995.0,8566.0
2026-02-11 08:47:00-06:00,6995.25,6998.75,6995.0,6996.75,4039.0
2026-02-11 08:48:00-06:00,6996.5,6999.5,6995.5,6998.75,2771.0
2026-02-11 08:49:00-06:00,6998.75,6999.25,6994.5,6996.25,3357.0
2026-02-11 08:50:00-06:00,6996.5,6997.75,6989.25,6990.25,7363.0
2026-02-11 08:51:00-06:00,6990.25,6996.5,6989.0,6993.25,5456.0
2026-02-11 08:52:00-06:00,6993.5,6996.0,6989.75,6992.25,4067.0
2026-02-11 08:53:00-06:00,6992.25,6993.5,6988.75,6993.0,3739.0
2026-02-11 08:54:00-06:00,6992.75,6994.0,6989.5,6991.25,3067.0
2026-02-11 08:55:00-06:00,6991.25,6994.75,6989.0,6989.0,3539.0
2026-02-11 08:56:00-06:00,6988.75,6989.5,6984.5,6986.5,6740.0
2026-02-11 08:57:00-06:00,6986.75,6987.25,6978.25,6983.75,8679.0
2026-02-11 08:58:00-06:00,6984.0,6984.25,6978.5,6978.75,4610.0
2026-02-11 08:59:00-06:00,6978.75,6981.75,6977.5,6981.0,5032.0
2026-02-11 09:00:00-06:00,6981.25,6984.0,6979.75,6981.5,5641.0
2026-02-11 09:01:00-06:00,6981.5,6987.5,6980.75,6983.75,6202.0
2026-02-11 09:02:00-06:00,6983.75,6984.25,6974.75,6975.25,8021.0
2026-02-11 09:03:00-06:00,6975.0,6978.25,6973.75,6976.0,4889.0
2026-02-11 09:04:00-06:00,6976.0,6979.5,6974.75,6976.75,3570.0
2026-02-11 09:05:00-06:00,6976.75,6977.75,6972.5,6977.25,5363.0
2026-02-11 09:06:00-06:00,6977.0,6977.5,6972.75,6974.5,3478.0
2026-02-11 09:07:00-06:00,6974.25,6975.0,6971.5,6973.0,4168.0
2026-02-11 09:08:00-06:00,6973.0,6974.75,6970.25,6970.75,4783.0
2026-02-11 09:09:00-06:00,6970.75,6970.75,6966.0,6966.25,8319.0
2026-02-11 09:10:00-06:00,6966.25,6967.25,6962.5,6965.5,7635.0
2026-02-11 09:11:00-06:00,6965.5,6965.75,6959.25,6959.75,6092.0
2026-02-11 09:12:00-06:00,6960.0,6960.25,6952.25,6954.0,8286.0
2026-02-11 09:13:00-06:00,6954.0,6955.0,6947.5,6949.5,9399.0
2026-02-11 09:14:00-06:00,6949.5,6958.5,6948.0,6956.75,9512.0
2026-02-11 09:15:00-06:00,6956.75,6959.0,6952.5,6953.25,7465.0
2026-02-11 09:16:00-06:00,6953.25,6954.75,6949.75,6951.25,5318.0
2026-02-11 09:17:00-06:00,6951.0,6955.25,6951.0,6952.5,4022.0
2026-02-11 09:18:00-06:00,6952.5,6953.25,6946.0,6952.0,7301.0
2026-02-11 09:19:00-06:00,6952.5,6952.75,6946.25,6947.0,4384.0
2026-02-11 09:20:00-06:00,6947.25,6948.25,6941.0,6942.0,7510.0
2026-02-11 09:21:00-06:00,6942.0,6945.5,6939.25,6943.0,7811.0
2026-02-11 09:22:00-06:00,6943.25,6947.0,6940.5,6942.25,4835.0
2026-02-11 09:23:00-06:00,6942.0,6945.25,6938.0,6939.75,5324.0
2026-02-11 09:24:00-06:00,6939.75,6940.75,6932.75,6935.25,7883.0
2026-02-11 09:25:00-06:00,6935.0,6939.25,6933.25,6934.0,6069.0
2026-02-11 09:26:00-06:00,6934.0,6937.5,6931.0,6935.5,5524.0
2026-02-11 09:27:00-06:00,6935.25,6938.5,6932.25,6935.5,4531.0
2026-02-11 09:28:00-06:00,6935.75,6944.0,6935.0,6939.25,6259.0
2026-02-11 09:29:00-06:00,6939.0,6944.0,6936.0,6936.25,4482.0
2026-02-11 09:30:00-06:00,6936.5,6939.5,6934.75,6938.75,4940.0
2026-02-11 09:31:00-06:00,6938.75,6944.5,6936.5,6944.0,5950.0
2026-02-11 09:32:00-06:00,6943.75,6946.5,6941.25,6945.75,6213.0
2026-02-11 09:33:00-06:00,6945.75,6946.25,6939.75,6944.5,5086.0
2026-02-11 09:34:00-06:00,6944.25,6947.25,6943.25,6946.5,3751.0
2026-02-11 09:35:00-06:00,6946.5,6950.75,6946.0,6949.75,5488.0
2026-02-11 09:36:00-06:00,6949.5,6952.75,6947.0,6947.25,5173.0
2026-02-11 09:37:00-06:00,6947.75,6949.0,6941.5,6946.75,5948.0
2026-02-11 09:38:00-06:00,6946.75,6951.5,6945.5,6950.5,2898.0
2026-02-11 09:39:00-06:00,6950.75,6953.25,6949.25,6952.0,3994.0
2026-02-11 09:40:00-06:00,6952.25,6955.5,6951.75,6954.75,4900.0
2026-02-11 09:41:00-06:00,6954.75,6956.75,6952.5,6952.5,3841.0
2026-02-11 09:42:00-06:00,6953.0,6954.0,6949.25,6952.75,4051.0
2026-02-11 09:43:00-06:00,6952.75,6954.5,6946.5,6948.25,4341.0
2026-02-11 09:44:00-06:00,6948.0,6953.75,6947.5,6951.25,3360.0
2026-02-11 09:45:00-06:00,6951.25,6956.5,6951.0,6952.0,4755.0
2026-02-11 09:46:00-06:00,6952.25,6954.75,6949.5,6949.75,3743.0
2026-02-11 09:47:00-06:00,6949.75,6951.75,6948.0,6949.75,3128.0
2026-02-11 09:48:00-06:00,6950.0,6950.25,6946.5,6946.75,3292.0
2026-02-11 09:49:00-06:00,6947.0,6947.75,6943.0,6944.0,5323.0
2026-02-11 09:50:00-06:00,6944.0,6947.25,6941.75,6945.5,4212.0
2026-02-11 09:51:00-06:00,6945.75,6952.5,6945.0,6951.25,5905.0
2026-02-11 09:52:00-06:00,6951.25,6957.75,6951.0,6957.25,6435.0
2026-02-11 09:53:00-06:00,6957.25,6962.75,6957.25,6960.75,7520.0
2026-02-11 09:54:00-06:00,6961.0,6965.0,6960.25,6964.0,4228.0
2026-02-11 09:55:00-06:00,6964.0,6965.5,6962.75,6964.25,3952.0
2026-02-11 09:56:00-06:00,6964.25,6965.5,6961.5,6963.25,3767.0
2026-02-11 09:57:00-06:00,6963.25,6965.5,6961.5,6962.0,3203.0
2026-02-11 09:58:00-06:00,6962.0,6964.0,6960.75,6964.0,3780.0
2026-02-11 09:59:00-06:00,6963.75,6964.75,6961.25,6963.25,2791.0
2026-02-11 10:00:00-06:00,6963.25,6966.25,6961.5,6963.25,5179.0
2026-02-11 10:01:00-06:00,6963.25,6965.5,6962.5,6964.75,2861.0
2026-02-11 10:02:00-06:00,6964.75,6966.25,6959.75,6959.75,3754.0
2026-02-11 10:03:00-06:00,6959.75,6961.0,6955.5,6956.0,4595.0
2026-02-11 10:04:00-06:00,6956.0,6959.0,6955.5,6957.5,3245.0
2026-02-11 10:05:00-06:00,6957.5,6959.25,6955.75,6956.75,2962.0
2026-02-11 10:06:00-06:00,6957.25,6958.5,6954.25,6957.0,3139.0
2026-02-11 10:07:00-06:00,6957.25,6957.75,6954.75,6956.0,1741.0
2026-02-11 10:08:00-06:00,6956.25,6957.0,6954.0,6955.5,2239.0
2026-02-11 10:09:00-06:00,6955.25,6958.0,6953.0,6954.25,2513.0
2026-02-11 10:10:00-06:00,6954.25,6964.5,6953.5,6962.0,5804.0
2026-02-11 10:11:00-06:00,6961.75,6964.75,6958.25,6964.75,3689.0
2026-02-11 10:12:00-06:00,6964.75,6965.5,6962.25,6965.5,3293.0
2026-02-11 10:13:00-06:00,6965.5,6968.0,6965.25,6967.5,5011.0
2026-02-11 10:14:00-06:00,6967.5,6968.75,6965.75,6967.5,2993.0
2026-02-11 10:15:00-06:00,6967.75,6968.0,6963.25,6964.75,4073.0
2026-02-11 10:16:00-06:00,6964.5,6967.0,6964.25,6966.5,2354.0
2026-02-11 10:17:00-06:00,6966.5,6969.0,6965.5,6966.25,2608.0
2026-02-11 10:18:00-06:00,6966.5,6966.75,6963.0,6964.75,2572.0
2026-02-11 10:19:00-06:00,6965.0,6968.25,6964.0,6968.0,2072.0
2026-02-11 10:20:00-06:00,6968.0,6969.75,6967.5,6969.0,3130.0
2026-02-11 10:21:00-06:00,6968.75,6970.75,6967.75,6968.0,3062.0
2026-02-11 10:22:00-06:00,6968.0,6972.25,6966.5,6972.0,3444.0
2026-02-11 10:23:00-06:00,6972.0,6973.25,6971.25,6972.0,3782.0
2026-02-11 10:24:00-06:00,6972.0,6974.25,6972.0,6972.5,2822.0
2026-02-11 10:25:00-06:00,6972.5,6973.75,6969.5,6969.5,2698.0
2026-02-11 10:26:00-06:00,6969.5,6969.75,6964.5,6966.0,4796.0
2026-02-11 10:27:00-06:00,6966.0,6966.0,6961.25,6961.25,4073.0
2026-02-11 10:28:00-06:00,6961.25,6964.0,6959.25,6961.0,3595.0
2026-02-11 10:29:00-06:00,6961.25,6961.25,6957.75,6957.75,2400.0
2026-02-11 10:30:00-06:00,6957.75,6962.75,6954.5,6962.25,6226.0
2026-02-11 10:31:00-06:00,6962.25,6962.75,6959.0,6960.0,3255.0
2026-02-11 10:32:00-06:00,6960.75,6962.0,6957.75,6958.25,2430.0
2026-02-11 10:33:00-06:00,6958.0,6966.5,6958.0,6965.75,3823.0
2026-02-11 10:34:00-06:00,6965.75,6965.75,6961.5,6963.75,2722.0
2026-02-11 10:35:00-06:00,6963.75,6965.0,6960.5,6961.0,2178.0
2026-02-11 10:36:00-06:00,6961.0,6964.0,6959.5,6960.0,2482.0
2026-02-11 10:37:00-06:00,6959.75,6963.0,6959.0,6961.25,1958.0
2026-02-11 10:38:00-06:00,6961.75,6966.5,6961.0,6962.25,2267.0
2026-02-11 10:39:00-06:00,6962.25,6967.5,6961.75,6967.5,2137.0
2026-02-11 10:40:00-06:00,6967.5,6973.25,6967.0,6973.0,4134.0
2026-02-11 10:41:00-06:00,6973.0,6973.25,6970.0,6970.5,2696.0
2026-02-11 10:42:00-06:00,6970.5,6971.25,6968.75,6970.75,2343.0
2026-02-11 10:43:00-06:00,6971.0,6971.25,6968.25,6968.75,1811.0
2026-02-11 10:44:00-06:00,6968.5,6971.75,6967.0,6969.5,2087.0
2026-02-11 10:45:00-06:00,6969.75,6970.75,6967.75,6969.5,1677.0
2026-02-11 10:46:00-06:00,6969.75,6971.75,6968.25,6971.5,1650.0
2026-02-11 10:47:00-06:00,6971.5,6972.75,6969.75,6970.0,1971.0
2026-02-11 10:48:00-06:00,6970.25,6970.75,6967.25,6967.25,2784.0
2026-02-11 10:49:00-06:00,6967.25,6969.0,6964.25,6966.25,2810.0
2026-02-11 10:50:00-06:00,6966.25,6966.5,6964.25,6964.25,2052.0
2026-02-11 10:51:00-06:00,6964.25,6968.75,6963.75,6967.0,2824.0
2026-02-11 10:52:00-06:00,6967.0,6969.75,6965.75,6969.25,1976.0
2026-02-11 10:53:00-06:00,6969.0,6969.75,6967.0,6968.0,1782.0
2026-02-11 10:54:00-06:00,6968.0,6969.0,6966.75,6967.0,1085.0
2026-02-11 10:55:00-06:00,6967.0,6967.75,6965.25,6966.25,1666.0
2026-02-11 10:56:00-06:00,6966.5,6966.5,6961.25,6963.0,3207.0
2026-02-11 10:57:00-06:00,6963.0,6964.75,6961.25,6962.0,2024.0
2026-02-11 10:58:00-06:00,6961.75,6963.75,6960.5,6961.0,2241.0
2026-02-11 10:59:00-06:00,6961.25,6962.0,6959.5,6960.25,1942.0
2026-02-11 11:00:00-06:00,6960.0,6960.75,6957.5,6959.75,4001.0
2026-02-11 11:01:00-06:00,6959.75,6961.0,6954.5,6956.0,4240.0
2026-02-11 11:02:00-06:00,6956.0,6957.75,6953.25,6957.25,3881.0
2026-02-11 11:03:00-06:00,6957.0,6959.0,6955.25,6956.5,2667.0
2026-02-11 11:04:00-06:00,6956.5,6959.25,6954.25,6954.25,2481.0
2026-02-11 11:05:00-06:00,6954.25,6956.75,6954.0,6955.25,2535.0
2026-02-11 11:06:00-06:00,6955.5,6957.5,6954.75,6956.25,1715.0
2026-02-11 11:07:00-06:00,6956.5,6958.75,6955.0,6957.75,2221.0
2026-02-11 11:08:00-06:00,6957.5,6960.75,6956.75,6960.25,2606.0
2026-02-11 11:09:00-06:00,6960.25,6963.5,6960.0,6963.0,3083.0
2026-02-11 11:10:00-06:00,6963.25,6964.5,6961.25,6962.5,2309.0
2026-02-11 11:11:00-06:00,6962.25,6965.25,6959.0,6959.75,2810.0
2026-02-11 11:12:00-06:00,6959.5,6965.5,6959.5,6965.0,1916.0
2026-02-11 11:13:00-06:00,6965.0,6965.5,6963.0,6963.25,1872.0
2026-02-11 11:14:00-06:00,6963.25,6965.25,6961.5,6963.0,1429.0
2026-02-11 11:15:00-06:00,6963.25,6964.0,6960.25,6962.0,1567.0
2026-02-11 11:16:00-06:00,6962.25,6967.5,6960.5,6967.0,2857.0
2026-02-11 11:17:00-06:00,6967.0,6970.0,6966.25,6966.75,3518.0
2026-02-11 11:18:00-06:00,6967.0,6968.5,6964.25,6965.25,2106.0
2026-02-11 11:19:00-06:00,6965.25,6965.75,6963.25,6965.5,2205.0
2026-02-11 11:20:00-06:00,6965.5,6967.25,6961.25,6962.5,3474.0
2026-02-11 11:21:00-06:00,6962.5,6965.25,6962.0,6964.75,1716.0
2026-02-11 11:22:00-06:00,6964.5,6969.25,6964.5,6969.0,2298.0
2026-02-11 11:23:00-06:00,6969.25,6970.5,6967.5,6968.75,2021.0
2026-02-11 11:24:00-06:00,6968.75,6971.5,6968.5,6971.0,1703.0
2026-02-11 11:25:00-06:00,6970.75,6977.0,6970.75,6975.5,5369.0
2026-02-11 11:26:00-06:00,6975.75,6978.25,6975.0,6977.25,4025.0
2026-02-11 11:27:00-06:00,6977.25,6977.75,6974.25,6974.25,3090.0
2026-02-11 11:28:00-06:00,6974.5,6976.25,6973.0,6976.0,2162.0
2026-02-11 11:29:00-06:00,6976.25,6976.75,6974.5,6975.75,1157.0
2026-02-11 11:30:00-06:00,6975.5,6976.5,6972.0,6972.5,2273.0
2026-02-11 11:31:00-06:00,6972.75,6974.25,6972.25,6973.0,2082.0
2026-02-11 11:32:00-06:00,6973.0,6973.75,6970.75,6971.75,2023.0
2026-02-11 11:33:00-06:00,6971.5,6974.5,6970.5,6974.5,1657.0
2026-02-11 11:34:00-06:00,6974.5,6975.0,6970.75,6972.0,2109.0
2026-02-11 11:35:00-06:00,6972.0,6973.5,6971.0,6972.0,1254.0
2026-02-11 11:36:00-06:00,6972.0,6972.25,6969.75,6971.25,1728.0
2026-02-11 11:37:00-06:00,6971.25,6973.5,6969.5,6972.75,1536.0
2026-02-11 11:38:00-06:00,6973.0,6973.25,6969.5,6972.25,1290.0
2026-02-11 11:39:00-06:00,6972.25,6974.0,6971.5,6971.75,1460.0
2026-02-11 11:40:00-06:00,6972.0,6975.5,6971.75,6975.25,1708.0
2026-02-11 11:41:00-06:00,6975.25,6975.5,6973.25,6974.25,1101.0
2026-02-11 11:42:00-06:00,6974.25,6975.75,6973.0,6975.5,1346.0
2026-02-11 11:43:00-06:00,6975.25,6978.5,6974.0,6977.0,2171.0
2026-02-11 11:44:00-06:00,6976.75,6977.5,6975.0,6977.0,1486.0
2026-02-11 11:45:00-06:00,6977.0,6978.0,6972.5,6974.0,2526.0
2026-02-11 11:46:00-06:00,6974.25,6976.5,6974.0,6976.25,1377.0
2026-02-11 11:47:00-06:00,6976.0,6976.25,6973.75,6975.75,1234.0
2026-02-11 11:48:00-06:00,6975.75,6977.0,6974.5,6975.5,763.0
2026-02-11 11:49:00-06:00,6975.75,6978.0,6975.25,6976.5,1055.0
2026-02-11 11:50:00-06:00,6976.5,6977.25,6975.0,6975.25,1326.0
2026-02-11 11:51:00-06:00,6975.25,6979.5,6974.25,6977.0,1971.0
2026-02-11 11:52:00-06:00,6977.0,6977.5,6975.0,6975.0,1127.0
2026-02-11 11:53:00-06:00,6975.25,6975.5,6973.0,6974.0,1405.0
2026-02-11 11:54:00-06:00,6974.25,6975.25,6973.0,6975.0,1220.0
2026-02-11 11:55:00-06:00,6975.0,6975.25,6970.75,6970.75,1995.0
2026-02-11 11:56:00-06:00,6970.75,6971.75,6969.25,6969.25,2773.0
2026-02-11 11:57:00-06:00,6969.25,6971.0,6966.5,6967.0,2817.0
2026-02-11 11:58:00-06:00,6967.0,6968.25,6964.75,6967.0,3034.0
2026-02-11 11:59:00-06:00,6967.25,6968.0,6965.5,6967.0,1243.0
2026-02-11 12:00:00-06:00,6967.25,6968.75,6965.75,6968.0,2072.0
2026-02-11 12:01:00-06:00,6968.25,6968.5,6964.5,6965.0,1465.0
2026-02-11 12:02:00-06:00,6965.0,6967.5,6962.25,6966.25,3917.0
2026-02-11 12:03:00-06:00,6966.25,6969.25,6965.5,6967.0,2454.0
2026-02-11 12:04:00-06:00,6966.75,6967.75,6965.5,6965.5,1006.0
2026-02-11 12:05:00-06:00,6965.5,6966.0,6962.75,6963.25,2498.0
2026-02-11 12:06:00-06:00,6963.0,6965.25,6961.0,6961.0,1874.0
2026-02-11 12:07:00-06:00,6961.25,6963.25,6960.25,6962.25,2488.0
2026-02-11 12:08:00-06:00,6962.5,6963.0,6960.75,6961.75,1091.0
2026-02-11 12:09:00-06:00,6962.0,6962.5,6959.75,6960.0,1351.0
2026-02-11 12:10:00-06:00,6959.75,6959.75,6955.75,6956.75,4275.0
2026-02-11 12:11:00-06:00,6956.75,6959.25,6955.25,6957.75,2381.0
2026-02-11 12:12:00-06:00,6958.0,6958.75,6956.5,6956.75,1802.0
2026-02-11 12:13:00-06:00,6956.75,6958.5,6955.5,6956.75,1922.0
2026-02-11 12:14:00-06:00,6956.75,6956.75,6954.75,6956.0,2163.0
2026-02-11 12:15:00-06:00,6955.5,6956.5,6953.5,6954.75,2278.0
2026-02-11 12:16:00-06:00,6954.75,6961.75,6954.0,6961.25,4767.0
2026-02-11 12:17:00-06:00,6961.0,6962.5,6959.75,6962.0,1902.0
2026-02-11 12:18:00-06:00,6962.0,6964.75,6961.25,6963.0,3754.0
2026-02-11 12:19:00-06:00,6963.25,6964.5,6959.0,6960.5,2757.0
2026-02-11 12:20:00-06:00,6960.5,6960.75,6958.0,6958.5,2057.0
2026-02-11 12:21:00-06:00,6958.5,6960.0,6958.0,6958.5,1281.0
2026-02-11 12:22:00-06:00,6958.5,6962.0,6958.25,6961.25,1722.0
2026-02-11 12:23:00-06:00,6961.25,6962.0,6959.5,6961.0,1140.0
2026-02-11 12:24:00-06:00,6960.75,6963.5,6960.5,6961.5,1706.0
2026-02-11 12:25:00-06:00,6961.5,6962.5,6959.5,6961.25,1543.0
2026-02-11 12:26:00-06:00,6961.0,6962.25,6960.0,6961.5,734.0
2026-02-11 12:27:00-06:00,6961.75,6965.75,6960.75,6965.0,2504.0
2026-02-11 12:28:00-06:00,6965.0,6968.5,6964.75,6967.5,3047.0
2026-02-11 12:29:00-06:00,6967.5,6968.0,6965.0,6967.5,1383.0
2026-02-11 12:30:00-06:00,6967.5,6969.75,6965.5,6965.75,2756.0
2026-02-11 12:31:00-06:00,6965.75,6967.25,6964.5,6965.0,1796.0
2026-02-11 12:32:00-06:00,6965.0,6965.5,6962.75,6964.5,1984.0
2026-02-11 12:33:00-06:00,6964.5,6966.25,6964.25,6964.75,1166.0
2026-02-11 12:34:00-06:00,6964.75,6965.0,6962.25,6962.5,2285.0
2026-02-11 12:35:00-06:00,6962.5,6966.25,6961.75,6963.5,1923.0
2026-02-11 12:36:00-06:00,6963.5,6964.75,6961.75,6964.25,1418.0
2026-02-11 12:37:00-06:00,6964.25,6965.25,6963.5,6964.0,805.0
2026-02-11 12:38:00-06:00,6964.25,6967.25,6962.75,6966.25,1116.0
2026-02-11 12:39:00-06:00,6966.5,6967.75,6966.0,6967.0,2057.0
2026-02-11 12:40:00-06:00,6967.25,6967.25,6962.5,6962.75,1802.0
2026-02-11 12:41:00-06:00,6963.0,6963.5,6961.0,6962.5,2013.0
2026-02-11 12:42:00-06:00,6962.5,6964.0,6961.5,6964.0,1110.0
2026-02-11 12:43:00-06:00,6964.0,6965.5,6962.0,6963.25,1517.0
2026-02-11 12:44:00-06:00,6963.25,6964.25,6961.5,6963.75,937.0
2026-02-11 12:45:00-06:00,6963.75,6965.0,6963.25,6964.5,967.0
2026-02-11 12:46:00-06:00,6964.25,6966.75,6963.75,6966.25,1071.0
2026-02-11 12:47:00-06:00,6966.5,6967.5,6964.75,6965.0,1307.0
2026-02-11 12:48:00-06:00,6965.5,6966.25,6964.75,6966.25,920.0
2026-02-11 12:49:00-06:00,6966.5,6968.75,6966.5,6968.5,1695.0
2026-02-11 12:50:00-06:00,6968.5,6968.75,6959.5,6964.5,4991.0
2026-02-11 12:51:00-06:00,6964.5,6965.75,6963.5,6965.0,1156.0
2026-02-11 12:52:00-06:00,6965.0,6966.5,6963.5,6966.25,1094.0
2026-02-11 12:53:00-06:00,6966.25,6968.25,6965.75,6967.5,1578.0
2026-02-11 12:54:00-06:00,6967.25,6969.5,6965.5,6968.0,3538.0
2026-02-11 12:55:00-06:00,6968.5,6969.25,6967.75,6969.25,1225.0
2026-02-11 12:56:00-06:00,6969.0,6969.5,6968.0,6969.0,969.0
2026-02-11 12:57:00-06:00,6969.0,6969.5,6967.25,6967.5,899.0
2026-02-11 12:58:00-06:00,6967.25,6967.75,6965.75,6966.5,1657.0
2026-02-11 12:59:00-06:00,6966.5,6967.5,6966.0,6966.75,781.0
2026-02-11 13:00:00-06:00,6966.75,6967.5,6965.25,6967.0,1273.0
2026-02-11 13:01:00-06:00,6967.0,6967.0,6964.5,6964.75,1178.0
2026-02-11 13:02:00-06:00,6965.0,6968.0,6963.75,6967.25,1687.0
2026-02-11 13:03:00-06:00,6967.25,6967.5,6964.25,6965.25,1404.0
2026-02-11 13:04:00-06:00,6965.25,6968.0,6964.75,6968.0,1318.0
2026-02-11 13:05:00-06:00,6968.0,6968.0,6965.25,6965.75,1040.0
2026-02-11 13:06:00-06:00,6965.75,6966.0,6964.0,6964.25,1308.0
2026-02-11 13:07:00-06:00,6964.75,6967.75,6964.0,6967.25,1286.0
2026-02-11 13:08:00-06:00,6967.0,6968.5,6966.25,6967.75,1273.0
2026-02-11 13:09:00-06:00,6967.75,6969.0,6960.5,6966.0,8180.0
2026-02-11 13:10:00-06:00,6966.0,6966.75,6964.5,6966.0,1236.0
2026-02-11 13:11:00-06:00,6966.0,6968.25,6965.75,6967.5,1102.0
2026-02-11 13:12:00-06:00,6967.75,6969.0,6967.25,6968.5,1613.0
2026-02-11 13:13:00-06:00,6968.5,6973.25,6968.5,6973.0,3370.0
2026-02-11 13:14:00-06:00,6973.25,6974.0,6972.0,6972.25,2260.0
2026-02-11 13:15:00-06:00,6972.25,6974.5,6972.25,6973.25,1485.0
2026-02-11 13:16:00-06:00,6973.0,6974.0,6972.25,6973.75,1130.0
2026-02-11 13:17:00-06:00,6973.5,6974.0,6971.75,6973.5,884.0
2026-02-11 13:18:00-06:00,6973.5,6974.0,6971.75,6971.75,786.0
2026-02-11 13:19:00-06:00,6972.0,6973.5,6971.5,6972.5,805.0
2026-02-11 13:20:00-06:00,6972.5,6974.5,6972.25,6974.0,902.0
2026-02-11 13:21:00-06:00,6974.0,6976.75,6974.0,6975.25,2325.0
2026-02-11 13:22:00-06:00,6975.25,6975.5,6973.25,6974.25,1333.0
2026-02-11 13:23:00-06:00,6974.25,6976.25,6974.0,6976.0,847.0
2026-02-11 13:24:00-06:00,6975.75,6977.0,6975.5,6976.5,1131.0
2026-02-11 13:25:00-06:00,6976.5,6978.0,6975.5,6978.0,1529.0
2026-02-11 13:26:00-06:00,6978.0,6979.25,6977.25,6977.5,2458.0
2026-02-11 13:27:00-06:00,6977.75,6978.5,6976.25,6976.25,1273.0
2026-02-11 13:28:00-06:00,6976.25,6977.5,6975.0,6976.0,1375.0
2026-02-11 13:29:00-06:00,6976.0,6977.25,6975.75,6977.0,894.0
2026-02-11 13:30:00-06:00,6977.0,6977.25,6972.5,6973.5,2726.0
2026-02-11 13:31:00-06:00,6973.25,6976.25,6972.25,6976.25,1512.0
2026-02-11 13:32:00-06:00,6976.25,6976.75,6975.5,6976.0,672.0
2026-02-11 13:33:00-06:00,6975.75,6976.5,6975.25,6976.0,470.0
2026-02-11 13:34:00-06:00,6976.25,6977.0,6975.75,6976.0,604.0
2026-02-11 13:35:00-06:00,6976.25,6977.5,6976.25,6977.25,686.0
2026-02-11 13:36:00-06:00,6977.0,6978.0,6976.5,6978.0,711.0
2026-02-11 13:37:00-06:00,6978.0,6978.0,6976.0,6977.5,758.0
2026-02-11 13:38:00-06:00,6977.5,6977.75,6977.0,6977.75,449.0
2026-02-11 13:39:00-06:00,6977.75,6977.75,6975.0,6975.0,1017.0
2026-02-11 13:40:00-06:00,6974.75,6976.5,6974.5,6975.75,777.0
2026-02-11 13:41:00-06:00,6975.75,6976.25,6974.0,6974.75,940.0
2026-02-11 13:42:00-06:00,6975.0,6975.75,6973.5,6975.25,1304.0
2026-02-11 13:43:00-06:00,6975.25,6975.75,6974.5,6974.5,621.0
2026-02-11 13:44:00-06:00,6974.25,6977.0,6974.0,6976.75,908.0
2026-02-11 13:45:00-06:00,6976.75,6977.0,6964.5,6965.25,6757.0
2026-02-11 13:46:00-06:00,6965.0,6973.5,6963.5,6973.0,4665.0
2026-02-11 13:47:00-06:00,6973.25,6973.5,6971.0,6972.25,1567.0
2026-02-11 13:48:00-06:00,6972.25,6973.25,6970.75,6973.0,806.0
2026-02-11 13:49:00-06:00,6973.25,6973.5,6970.75,6971.5,1174.0
2026-02-11 13:50:00-06:00,6971.5,6972.0,6969.5,6970.25,1245.0
2026-02-11 13:51:00-06:00,6970.25,6971.75,6968.0,6970.75,1180.0
2026-02-11 13:52:00-06:00,6970.75,6971.75,6970.0,6970.75,724.0
2026-02-11 13:53:00-06:00,6970.75,6971.0,6969.0,6969.5,591.0
2026-02-11 13:54:00-06:00,6969.25,6970.25,6968.0,6970.0,854.0
2026-02-11 13:55:00-06:00,6970.0,6970.75,6968.25,6969.25,681.0
2026-02-11 13:56:00-06:00,6969.0,6969.5,6968.0,6968.75,575.0
2026-02-11 13:57:00-06:00,6968.75,6971.5,6968.75,6971.0,892.0
2026-02-11 13:58:00-06:00,6971.25,6971.25,6967.5,6967.75,709.0
2026-02-11 13:59:00-06:00,6967.75,6969.5,6967.75,6968.5,683.0
2026-02-11 14:00:00-06:00,6968.5,6968.5,6967.25,6967.75,980.0
2026-02-11 14:01:00-06:00,6967.75,6970.0,6967.25,6969.25,983.0
2026-02-11 14:02:00-06:00,6969.25,6970.0,6968.75,6969.0,712.0
2026-02-11 14:03:00-06:00,6969.25,6970.0,6967.5,6969.25,934.0
2026-02-11 14:04:00-06:00,6969.5,6970.5,6969.0,6969.5,741.0
2026-02-11 14:05:00-06:00,6969.5,6970.25,6968.25,6969.75,605.0
2026-02-11 14:06:00-06:00,6969.25,6970.0,6967.0,6967.5,970.0
2026-02-11 14:07:00-06:00,6967.5,6968.25,6966.75,6968.0,654.0
2026-02-11 14:08:00-06:00,6968.25,6968.5,6967.0,6967.0,534.0
2026-02-11 14:09:00-06:00,6967.0,6967.75,6966.25,6967.25,931.0
2026-02-11 14:10:00-06:00,6967.0,6968.0,6966.0,6967.25,1029.0
2026-02-11 14:11:00-06:00,6967.0,6968.0,6966.5,6967.75,643.0
2026-02-11 14:12:00-06:00,6967.5,6968.0,6966.0,6966.75,767.0
2026-02-11 14:13:00-06:00,6966.75,6968.5,6966.5,6968.25,715.0
2026-02-11 14:14:00-06:00,6967.75,6967.75,6966.75,6967.25,463.0
2026-02-11 14:15:00-06:00,6967.25,6969.0,6966.0,6969.0,926.0
2026-02-11 14:16:00-06:00,6969.0,6970.25,6968.75,6968.75,1351.0
2026-02-11 14:17:00-06:00,6968.75,6968.75,6966.75,6967.25,897.0
2026-02-11 14:18:00-06:00,6967.25,6967.5,6965.5,6967.0,1269.0
2026-02-11 14:19:00-06:00,6967.0,6968.0,6966.5,6966.75,701.0
2026-02-11 14:20:00-06:00,6966.5,6966.75,6965.0,6966.75,1268.0
2026-02-11 14:21:00-06:00,6966.75,6966.75,6965.5,6965.5,623.0
2026-02-11 14:22:00-06:00,6965.25,6965.25,6962.75,6964.75,2403.0
2026-02-11 14:23:00-06:00,6965.0,6967.0,6963.75,6966.75,1106.0
2026-02-11 14:24:00-06:00,6967.0,6967.25,6965.25,6966.0,1135.0
2026-02-11 14:25:00-06:00,6966.25,6967.0,6964.75,6966.25,920.0
2026-02-11 14:26:00-06:00,6966.25,6966.75,6965.5,6966.0,504.0
2026-02-11 14:27:00-06:00,6966.25,6966.5,6964.75,6965.25,919.0
2026-02-11 14:28:00-06:00,6965.0,6965.75,6963.75,6964.0,1014.0
2026-02-11 14:29:00-06:00,6963.75,6964.25,6961.75,6962.0,2166.0
2026-02-11 14:30:00-06:00,6961.75,6961.75,6959.0,6960.5,4238.0
2026-02-11 14:31:00-06:00,6960.5,6961.25,6958.75,6961.0,1426.0
2026-02-11 14:32:00-06:00,6961.0,6963.0,6961.0,6961.0,2296.0
2026-02-11 14:33:00-06:00,6961.25,6962.25,6959.25,6959.25,1408.0
2026-02-11 14:34:00-06:00,6959.25,6959.5,6958.0,6959.25,1573.0
2026-02-11 14:35:00-06:00,6959.25,6960.25,6958.5,6959.25,1099.0
2026-02-11 14:36:00-06:00,6959.25,6962.75,6958.75,6961.5,1813.0
2026-02-11 14:37:00-06:00,6961.5,6963.5,6961.0,6961.0,2107.0
2026-02-11 14:38:00-06:00,6961.0,6962.75,6961.0,6962.0,936.0
2026-02-11 14:39:00-06:00,6962.0,6966.0,6961.75,6965.75,2030.0
2026-02-11 14:40:00-06:00,6965.75,6968.75,6964.75,6968.25,2653.0
2026-02-11 14:41:00-06:00,6968.5,6968.5,6965.5,6965.5,1447.0
2026-02-11 14:42:00-06:00,6965.5,6966.25,6964.5,6965.75,1229.0
2026-02-11 14:43:00-06:00,6965.5,6966.25,6964.75,6965.75,879.0
2026-02-11 14:44:00-06:00,6965.75,6965.75,6963.5,6964.25,931.0
2026-02-11 14:45:00-06:00,6964.25,6966.5,6964.25,6965.0,1421.0
2026-02-11 14:46:00-06:00,6965.0,6965.5,6964.0,6965.0,1155.0
2026-02-11 14:47:00-06:00,6964.75,6965.75,6964.5,6965.0,1006.0
2026-02-11 14:48:00-06:00,6965.0,6968.25,6964.5,6968.0,1213.0
2026-02-11 14:49:00-06:00,6968.25,6969.5,6967.0,6969.0,1645.0
2026-02-11 14:50:00-06:00,6968.75,6969.75,6962.75,6962.75,4307.0
2026-02-11 14:51:00-06:00,6963.0,6963.5,6961.5,6962.75,1953.0
2026-02-11 14:52:00-06:00,6962.5,6965.5,6962.5,6965.5,2519.0
2026-02-11 14:53:00-06:00,6965.5,6969.0,6965.5,6968.0,2196.0
2026-02-11 14:54:00-06:00,6968.0,6968.25,6966.25,6966.75,2532.0
2026-02-11 14:55:00-06:00,6966.75,6966.75,6963.75,6964.25,2955.0
2026-02-11 14:56:00-06:00,6964.5,6965.0,6963.0,6964.0,1626.0
2026-02-11 14:57:00-06:00,6964.0,6965.5,6963.5,6965.0,1500.0
2026-02-11 14:58:00-06:00,6964.5,6964.75,6962.25,6963.5,2873.0
2026-02-11 14:59:00-06:00,6963.5,6966.5,6957.5,6959.0,13099.0
2026-02-11 15:00:00-06:00,6958.75,6961.25,6958.5,6959.75,4249.0
2026-02-11 15:01:00-06:00,6959.5,6961.75,6959.5,6961.25,1633.0
2026-02-11 15:02:00-06:00,6961.75,6962.0,6960.25,6960.5,488.0
2026-02-11 15:03:00-06:00,6960.25,6961.25,6960.0,6961.0,376.0
2026-02-11 15:04:00-06:00,6961.0,6962.25,6960.0,6961.0,1018.0
2026-02-11 15:05:00-06:00,6961.25,6964.0,6961.25,6962.5,1565.0
2026-02-11 15:06:00-06:00,6962.5,6963.75,6961.75,6962.25,380.0
2026-02-11 15:07:00-06:00,6962.5,6964.0,6962.25,6964.0,406.0
2026-02-11 15:08:00-06:00,6963.75,6965.25,6963.5,6964.25,753.0
2026-02-11 15:09:00-06:00,6964.5,6966.75,6964.5,6965.75,1084.0
2026-02-11 15:10:00-06:00,6966.0,6966.25,6963.75,6964.25,621.0
2026-02-11 15:11:00-06:00,6964.5,6965.0,6964.25,6964.5,241.0
2026-02-11 15:12:00-06:00,6964.25,6965.75,6964.0,6964.0,486.0
2026-02-11 15:13:00-06:00,6964.0,6964.25,6962.75,6962.75,256.0
2026-02-11 15:14:00-06:00,6962.75,6963.25,6962.25,6962.5,293.0
2026-02-11 15:15:00-06:00,6962.75,6964.25,6962.75,6963.75,572.0
2026-02-11 15:16:00-06:00,6963.5,6964.75,6963.25,6964.75,251.0
2026-02-11 15:17:00-06:00,6964.75,6965.5,6964.0,6965.5,208.0
2026-02-11 15:18:00-06:00,6965.75,6966.75,6965.5,6965.5,406.0
2026-02-11 15:19:00-06:00,6965.5,6965.75,6964.0,6964.25,205.0
2026-02-11 15:20:00-06:00,6964.25,6964.5,6963.0,6963.75,347.0
2026-02-11 15:21:00-06:00,6964.25,6964.25,6963.5,6963.75,140.0
2026-02-11 15:22:00-06:00,6963.5,6964.0,6962.75,6962.75,93.0
2026-02-11 15:23:00-06:00,6963.0,6963.25,6962.5,6962.75,120.0
2026-02-11 15:24:00-06:00,6962.5,6963.5,6962.5,6963.25,149.0
2026-02-11 15:25:00-06:00,6963.25,6964.25,6963.25,6964.25,175.0
2026-02-11 15:26:00-06:00,6964.25,6964.5,6963.25,6963.75,117.0
2026-02-11 15:27:00-06:00,6963.5,6964.0,6963.25,6963.75,126.0
2026-02-11 15:28:00-06:00,6964.0,6965.5,6964.0,6965.5,336.0
2026-02-11 15:29:00-06:00,6965.5,6965.75,6965.0,6965.5,123.0
2026-02-11 15:30:00-06:00,6965.5,6967.25,6965.25,6966.75,428.0
2026-02-11 15:31:00-06:00,6966.75,6966.75,6965.75,6966.25,148.0
2026-02-11 15:32:00-06:00,6966.25,6966.75,6965.75,6966.0,237.0
2026-02-11 15:33:00-06:00,6966.25,6966.25,6965.75,6965.75,95.0
2026-02-11 15:34:00-06:00,6965.75,6966.0,6965.25,6965.5,165.0
2026-02-11 15:35:00-06:00,6965.75,6965.75,6965.25,6965.25,64.0
2026-02-11 15:36:00-06:00,6965.25,6966.0,6965.0,6965.25,186.0
2026-02-11 15:37:00-06:00,6965.25,6965.75,6965.0,6965.75,198.0
2026-02-11 15:38:00-06:00,6965.75,6966.0,6965.5,6966.0,161.0
2026-02-11 15:39:00-06:00,6966.25,6966.5,6965.75,6966.0,107.0
2026-02-11 15:40:00-06:00,6966.0,6966.0,6965.5,6965.5,141.0
2026-02-11 15:41:00-06:00,6965.25,6965.5,6964.75,6965.0,187.0
2026-02-11 15:42:00-06:00,6965.25,6966.0,6965.0,6966.0,129.0
2026-02-11 15:43:00-06:00,6966.0,6966.0,6965.25,6965.25,152.0
2026-02-11 15:44:00-06:00,6965.5,6965.5,6965.0,6965.5,226.0
2026-02-11 15:45:00-06:00,6965.5,6968.0,6965.25,6966.25,715.0
2026-02-11 15:46:00-06:00,6966.0,6966.0,6964.25,6964.75,378.0
2026-02-11 15:47:00-06:00,6964.75,6965.0,6964.25,6965.0,186.0
2026-02-11 15:48:00-06:00,6965.0,6965.75,6965.0,6965.5,146.0
2026-02-11 15:49:00-06:00,6965.5,6966.0,6965.25,6966.0,178.0
2026-02-11 15:50:00-06:00,6966.25,6966.5,6965.0,6965.25,223.0
2026-02-11 15:51:00-06:00,6965.25,6965.75,6965.25,6965.5,165.0
2026-02-11 15:52:00-06:00,6965.25,6966.0,6965.25,6965.5,152.0
2026-02-11 15:53:00-06:00,6965.5,6965.5,6964.75,6965.0,74.0
2026-02-11 15:54:00-06:00,6965.25,6965.5,6965.0,6965.5,73.0
2026-02-11 15:55:00-06:00,6965.5,6966.5,6965.0,6966.5,305.0
2026-02-11 15:56:00-06:00,6966.25,6966.25,6965.75,6966.0,29.0
2026-02-11 15:57:00-06:00,6966.0,6966.25,6965.75,6966.0,118.0
2026-02-11 15:58:00-06:00,6966.0,6966.25,6965.5,6965.75,138.0
2026-02-11 15:59:00-06:00,6965.5,6965.5,6962.75,6963.0,249.0
2026-02-12 08:30:00-06:00,6981.5,6987.25,6979.75,6981.75,9171.0
2026-02-12 08:31:00-06:00,6981.75,6985.0,6980.5,6980.75,4193.0
2026-02-12 08:32:00-06:00,6981.25,6989.0,6981.0,6988.75,4389.0
2026-02-12 08:33:00-06:00,6988.75,6989.25,6984.25,6987.5,3602.0
2026-02-12 08:34:00-06:00,6987.25,6988.75,6985.25,6988.75,2572.0
2026-02-12 08:35:00-06:00,6988.75,6990.0,6986.0,6986.75,3911.0
2026-02-12 08:36:00-06:00,6987.0,6987.5,6984.0,6984.75,4103.0
2026-02-12 08:37:00-06:00,6985.0,6985.75,6982.5,6984.75,3515.0
2026-02-12 08:38:00-06:00,6984.75,6988.75,6983.25,6985.25,4536.0
2026-02-12 08:39:00-06:00,6985.25,6987.25,6983.75,6987.0,2820.0
2026-02-12 08:40:00-06:00,6987.0,6991.5,6986.0,6988.5,6377.0
2026-02-12 08:41:00-06:00,6988.5,6992.75,6988.0,6988.5,5923.0
2026-02-12 08:42:00-06:00,6988.5,6990.25,6985.75,6986.0,5177.0
2026-02-12 08:43:00-06:00,6986.0,6986.75,6983.75,6985.25,3672.0
2026-02-12 08:44:00-06:00,6985.25,6985.25,6978.75,6979.5,7423.0
2026-02-12 08:45:00-06:00,6979.25,6982.75,6975.0,6975.25,8785.0
2026-02-12 08:46:00-06:00,6975.25,6979.5,6972.75,6977.5,8687.0
2026-02-12 08:47:00-06:00,6977.5,6981.5,6975.5,6976.25,6027.0
2026-02-12 08:48:00-06:00,6976.25,6977.5,6972.5,6975.25,6414.0
2026-02-12 08:49:00-06:00,6975.5,6977.75,6970.0,6972.0,7302.0
2026-02-12 08:50:00-06:00,6972.25,6976.5,6969.5,6975.0,6830.0
2026-02-12 08:51:00-06:00,6974.75,6978.5,6972.5,6972.75,5964.0
2026-02-12 08:52:00-06:00,6973.0,6974.75,6971.5,6972.5,3038.0
2026-02-12 08:53:00-06:00,6972.5,6979.0,6972.5,6974.25,4449.0
2026-02-12 08:54:00-06:00,6974.5,6978.5,6974.25,6976.5,2781.0
2026-02-12 08:55:00-06:00,6976.25,6976.5,6972.25,6973.25,3082.0
2026-02-12 08:56:00-06:00,6973.0,6973.75,6968.25,6968.5,5839.0
2026-02-12 08:57:00-06:00,6968.5,6969.5,6965.75,6967.5,6820.0
2026-02-12 08:58:00-06:00,6967.5,6967.5,6964.0,6964.25,3997.0
2026-02-12 08:59:00-06:00,6964.0,6967.5,6962.0,6966.75,5285.0
2026-02-12 09:00:00-06:00,6967.0,6967.5,6962.5,6964.0,5124.0
2026-02-12 09:01:00-06:00,6963.75,6972.5,6962.5,6972.25,6872.0
2026-02-12 09:02:00-06:00,6971.75,6975.25,6971.25,6972.25,6629.0
2026-02-12 09:03:00-06:00,6972.25,6974.0,6970.75,6971.0,3403.0
2026-02-12 09:04:00-06:00,6971.0,6971.5,6965.0,6965.25,5066.0
2026-02-12 09:05:00-06:00,6965.5,6968.0,6965.25,6966.5,2668.0
2026-02-12 09:06:00-06:00,6966.25,6971.5,6966.0,6969.5,3845.0
2026-02-12 09:07:00-06:00,6969.25,6970.5,6966.5,6966.75,3037.0
2026-02-12 09:08:00-06:00,6966.75,6967.25,6960.75,6961.25,6585.0
2026-02-12 09:09:00-06:00,6960.75,6963.5,6960.25,6963.0,3723.0
2026-02-12 09:10:00-06:00,6962.75,6966.5,6962.25,6966.25,4116.0
2026-02-12 09:11:00-06:00,6966.0,6966.75,6961.75,6962.25,2722.0
2026-02-12 09:12:00-06:00,6962.0,6968.5,6961.0,6966.0,4858.0
2026-02-12 09:13:00-06:00,6966.0,6968.5,6965.25,6968.0,2839.0
2026-02-12 09:14:00-06:00,6968.25,6972.75,6967.5,6972.5,5129.0
2026-02-12 09:15:00-06:00,6972.5,6974.0,6969.0,6972.5,5123.0
2026-02-12 09:16:00-06:00,6972.75,6975.0,6970.25,6975.0,3816.0
2026-02-12 09:17:00-06:00,6974.75,6975.0,6970.25,6970.75,2845.0
2026-02-12 09:18:00-06:00,6970.5,6973.0,6967.75,6970.5,3916.0
2026-02-12 09:19:00-06:00,6970.25,6971.75,6966.75,6967.0,2845.0
2026-02-12 09:20:00-06:00,6966.75,6971.75,6966.75,6968.75,3230.0
2026-02-12 09:21:00-06:00,6968.75,6969.75,6964.0,6964.0,3778.0
2026-02-12 09:22:00-06:00,6964.0,6976.25,6963.75,6973.75,6175.0
2026-02-12 09:23:00-06:00,6973.75,6974.0,6968.5,6969.25,2951.0
2026-02-12 09:24:00-06:00,6969.25,6970.5,6967.75,6969.0,1862.0
2026-02-12 09:25:00-06:00,6969.25,6971.25,6967.5,6969.0,2314.0
2026-02-12 09:26:00-06:00,6969.0,6969.0,6965.5,6968.75,2508.0
2026-02-12 09:27:00-06:00,6969.0,6970.25,6966.25,6968.5,1852.0
2026-02-12 09:28:00-06:00,6969.0,6972.5,6967.75,6971.25,2231.0
2026-02-12 09:29:00-06:00,6971.0,6971.5,6967.25,6969.5,2121.0
2026-02-12 09:30:00-06:00,6969.5,6973.75,6968.25,6973.0,3416.0
2026-02-12 09:31:00-06:00,6972.75,6973.0,6967.5,6967.75,2519.0
2026-02-12 09:32:00-06:00,6968.25,6969.0,6962.75,6963.5,3689.0
2026-02-12 09:33:00-06:00,6963.5,6964.25,6960.0,6960.75,4505.0
2026-02-12 09:34:00-06:00,6960.5,6962.5,6958.0,6958.25,4467.0
2026-02-12 09:35:00-06:00,6958.25,6960.25,6957.75,6958.0,3260.0
2026-02-12 09:36:00-06:00,6958.0,6958.25,6955.25,6956.75,6546.0
2026-02-12 09:37:00-06:00,6957.0,6957.75,6953.5,6953.75,4099.0
2026-02-12 09:38:00-06:00,6953.75,6954.0,6948.5,6951.0,8049.0
2026-02-12 09:39:00-06:00,6951.0,6951.25,6948.25,6950.0,3536.0
2026-02-12 09:40:00-06:00,6950.25,6952.0,6945.75,6945.75,5697.0
2026-02-12 09:41:00-06:00,6945.75,6948.0,6943.75,6944.5,4123.0
2026-02-12 09:42:00-06:00,6944.5,6947.25,6942.5,6946.0,5508.0
2026-02-12 09:43:00-06:00,6945.75,6948.75,6943.5,6943.75,4052.0
2026-02-12 09:44:00-06:00,6944.0,6945.25,6941.75,6942.25,3880.0
2026-02-12 09:45:00-06:00,6942.25,6947.0,6941.0,6946.75,5163.0
2026-02-12 09:46:00-06:00,6946.75,6947.75,6944.25,6946.0,3982.0
2026-02-12 09:47:00-06:00,6946.0,6947.0,6944.0,6946.75,2482.0
2026-02-12 09:48:00-06:00,6946.75,6947.25,6940.5,6941.25,3675.0
2026-02-12 09:49:00-06:00,6941.25,6945.25,6941.0,6943.5,4056.0
2026-02-12 09:50:00-06:00,6943.75,6944.75,6940.0,6940.5,3643.0
2026-02-12 09:51:00-06:00,6940.75,6947.0,6940.25,6945.25,3555.0
2026-02-12 09:52:00-06:00,6945.25,6946.0,6939.5,6940.0,4130.0
2026-02-12 09:53:00-06:00,6940.0,6941.25,6938.5,6939.25,3171.0
2026-02-12 09:54:00-06:00,6939.25,6939.25,6933.5,6933.75,5912.0
2026-02-12 09:55:00-06:00,6933.75,6935.0,6931.5,6931.75,6625.0
2026-02-12 09:56:00-06:00,6931.75,6932.75,6929.75,6931.5,4847.0
2026-02-12 09:57:00-06:00,6931.5,6933.25,6927.5,6929.25,5234.0
2026-02-12 09:58:00-06:00,6929.25,6931.0,6925.75,6926.5,5054.0
2026-02-12 09:59:00-06:00,6926.5,6927.25,6924.25,6925.0,5154.0
2026-02-12 10:00:00-06:00,6925.0,6926.0,6921.5,6924.5,8190.0
2026-02-12 10:01:00-06:00,6924.5,6924.5,6921.75,6922.0,3315.0
2026-02-12 10:02:00-06:00,6922.25,6922.5,6918.75,6920.5,6524.0
2026-02-12 10:03:00-06:00,6920.25,6926.5,6920.25,6923.0,7276.0
2026-02-12 10:04:00-06:00,6922.75,6924.0,6917.75,6919.75,5328.0
2026-02-12 10:05:00-06:00,6919.5,6921.0,6912.5,6912.75,7298.0
2026-02-12 10:06:00-06:00,6912.5,6912.5,6910.0,6910.0,5639.0
2026-02-12 10:07:00-06:00,6910.25,6912.5,6906.5,6911.0,7349.0
2026-02-12 10:08:00-06:00,6911.0,6914.0,6910.25,6912.5,5611.0
2026-02-12 10:09:00-06:00,6912.5,6914.0,6908.0,6908.5,5474.0
2026-02-12 10:10:00-06:00,6908.25,6909.75,6903.75,6903.75,7407.0
2026-02-12 10:11:00-06:00,6904.25,6907.5,6902.0,6902.0,8069.0
2026-02-12 10:12:00-06:00,6902.0,6903.75,6899.25,6903.25,7898.0
2026-02-12 10:13:00-06:00,6903.0,6903.5,6899.25,6900.0,4701.0
2026-02-12 10:14:00-06:00,6900.0,6902.0,6898.25,6901.25,4674.0
2026-02-12 10:15:00-06:00,6901.25,6903.0,6894.5,6894.75,7341.0
2026-02-12 10:16:00-06:00,6894.75,6895.75,6891.75,6894.0,5610.0
2026-02-12 10:17:00-06:00,6894.0,6899.25,6893.75,6896.25,5502.0
2026-02-12 10:18:00-06:00,6896.25,6897.5,6889.75,6889.75,5297.0
2026-02-12 10:19:00-06:00,6890.0,6894.0,6889.25,6893.5,5320.0
2026-02-12 10:20:00-06:00,6893.5,6894.25,6885.5,6885.75,6657.0
2026-02-12 10:21:00-06:00,6886.0,6889.25,6883.75,6885.0,6298.0
2026-02-12 10:22:00-06:00,6885.0,6887.5,6882.25,6883.0,6529.0
2026-02-12 10:23:00-06:00,6883.0,6892.75,6883.0,6892.5,8167.0
2026-02-12 10:24:00-06:00,6892.5,6895.0,6887.75,6888.5,6807.0
2026-02-12 10:25:00-06:00,6888.25,6889.0,6882.5,6882.75,4758.0
2026-02-12 10:26:00-06:00,6882.75,6885.5,6881.0,6882.25,4870.0
2026-02-12 10:27:00-06:00,6882.5,6886.5,6879.5,6886.25,7233.0
2026-02-12 10:28:00-06:00,6886.25,6886.5,6880.5,6881.5,4753.0
2026-02-12 10:29:00-06:00,6881.25,6881.75,6873.5,6873.75,7677.0
2026-02-12 10:30:00-06:00,6874.0,6878.5,6873.25,6876.25,7980.0
2026-02-12 10:31:00-06:00,6876.25,6879.25,6873.25,6877.5,5019.0
2026-02-12 10:32:00-06:00,6877.5,6887.25,6877.25,6886.25,9535.0
2026-02-12 10:33:00-06:00,6886.25,6888.75,6881.0,6883.75,7545.0
2026-02-12 10:34:00-06:00,6883.75,6887.25,6881.25,6883.75,4630.0
2026-02-12 10:35:00-06:00,6883.5,6888.5,6882.0,6887.5,4964.0
2026-02-12 10:36:00-06:00,6887.5,6896.25,6885.0,6896.25,8405.0
2026-02-12 10:37:00-06:00,6896.0,6896.25,6887.5,6893.25,6281.0
2026-02-12 10:38:00-06:00,6893.5,6894.25,6887.0,6890.0,4633.0
2026-02-12 10:39:00-06:00,6889.75,6894.75,6888.75,6894.0,4508.0
2026-02-12 10:40:00-06:00,6894.0,6896.25,6890.5,6891.5,5622.0
2026-02-12 10:41:00-06:00,6891.5,6895.5,6890.25,6894.75,3752.0
2026-02-12 10:42:00-06:00,6894.75,6895.25,6890.75,6893.25,3069.0
2026-02-12 10:43:00-06:00,6893.5,6896.75,6890.0,6894.75,4968.0
2026-02-12 10:44:00-06:00,6894.75,6895.0,6885.25,6887.25,5085.0
2026-02-12 10:45:00-06:00,6887.25,6891.75,6886.75,6889.75,3810.0
2026-02-12 10:46:00-06:00,6889.5,6891.75,6880.75,6882.25,5253.0
2026-02-12 10:47:00-06:00,6882.0,6887.5,6880.5,6880.75,5067.0
2026-02-12 10:48:00-06:00,6880.75,6882.25,6878.75,6879.25,3973.0
2026-02-12 10:49:00-06:00,6879.25,6885.25,6878.5,6883.0,4698.0
2026-02-12 10:50:00-06:00,6883.0,6886.5,6880.25,6881.5,3719.0
2026-02-12 10:51:00-06:00,6881.75,6887.25,6879.75,6883.0,5114.0
2026-02-12 10:52:00-06:00,6883.0,6884.5,6879.5,6882.25,3014.0
2026-02-12 10:53:00-06:00,6882.0,6882.25,6879.0,6881.0,3819.0
2026-02-12 10:54:00-06:00,6880.75,6882.5,6876.75,6880.0,3698.0
2026-02-12 10:55:00-06:00,6880.75,6885.0,6879.75,6885.0,3905.0
2026-02-12 10:56:00-06:00,6885.25,6885.5,6879.75,6881.0,3332.0
2026-02-12 10:57:00-06:00,6880.75,6883.25,6879.75,6881.0,1946.0
2026-02-12 10:58:00-06:00,6881.5,6883.75,6880.25,6883.25,1968.0
2026-02-12 10:59:00-06:00,6883.25,6885.0,6880.25,6884.75,2578.0
2026-02-12 11:00:00-06:00,6884.25,6884.5,6875.0,6875.5,6833.0
2026-02-12 11:01:00-06:00,6875.5,6876.5,6871.5,6873.25,5880.0
2026-02-12 11:02:00-06:00,6873.25,6883.0,6873.0,6883.0,4251.0
2026-02-12 11:03:00-06:00,6882.75,6884.75,6879.5,6880.25,4088.0
2026-02-12 11:04:00-06:00,6880.0,6882.75,6879.5,6882.25,2293.0
2026-02-12 11:05:00-06:00,6882.25,6882.75,6875.0,6875.0,3636.0
2026-02-12 11:06:00-06:00,6875.25,6886.0,6874.0,6885.25,5721.0
2026-02-12 11:07:00-06:00,6884.75,6886.75,6881.5,6886.25,4657.0
2026-02-12 11:08:00-06:00,6886.25,6886.75,6879.25,6880.5,3178.0
2026-02-12 11:09:00-06:00,6880.0,6889.25,6879.25,6886.5,4021.0
2026-02-12 11:10:00-06:00,6886.25,6886.75,6879.0,6880.0,4344.0
2026-02-12 11:11:00-06:00,6880.0,6881.25,6875.75,6876.25,3483.0
2026-02-12 11:12:00-06:00,6876.25,6878.25,6874.25,6874.5,3155.0
2026-02-12 11:13:00-06:00,6874.75,6878.25,6874.25,6877.25,2778.0
2026-02-12 11:14:00-06:00,6877.25,6880.75,6875.25,6876.5,2633.0
2026-02-12 11:15:00-06:00,6876.5,6879.25,6874.75,6875.0,2280.0
2026-02-12 11:16:00-06:00,6875.0,6879.5,6873.75,6879.0,2980.0
2026-02-12 11:17:00-06:00,6879.0,6879.0,6872.75,6873.5,3050.0
2026-02-12 11:18:00-06:00,6873.75,6874.75,6872.75,6874.5,2554.0
2026-02-12 11:19:00-06:00,6874.5,6876.5,6873.25,6873.25,2760.0
2026-02-12 11:20:00-06:00,6873.25,6882.25,6873.25,6881.25,4192.0
2026-02-12 11:21:00-06:00,6881.0,6882.25,6879.0,6882.25,2884.0
2026-02-12 11:22:00-06:00,6882.0,6886.25,6880.25,6886.0,2672.0
2026-02-12 11:23:00-06:00,6886.0,6888.5,6884.75,6887.75,3176.0
2026-02-12 11:24:00-06:00,6888.0,6888.0,6885.0,6887.0,2615.0
2026-02-12 11:25:00-06:00,6886.75,6888.0,6883.25,6886.75,2482.0
2026-02-12 11:26:00-06:00,6886.75,6888.75,6884.25,6886.0,3181.0
2026-02-12 11:27:00-06:00,6886.0,6888.75,6885.0,6887.75,2109.0
2026-02-12 11:28:00-06:00,6887.5,6890.75,6887.25,6888.25,3833.0
2026-02-12 11:29:00-06:00,6887.75,6888.0,6876.75,6879.25,6174.0
2026-02-12 11:30:00-06:00,6878.75,6885.0,6877.75,6879.75,4424.0
2026-02-12 11:31:00-06:00,6879.5,6881.0,6877.25,6878.0,2459.0
2026-02-12 11:32:00-06:00,6877.75,6879.5,6876.75,6878.0,2168.0
2026-02-12 11:33:00-06:00,6878.25,6886.0,6877.5,6885.75,3547.0
2026-02-12 11:34:00-06:00,6885.75,6886.5,6882.75,6885.0,2396.0
2026-02-12 11:35:00-06:00,6885.25,6888.0,6885.0,6886.25,2065.0
2026-02-12 11:36:00-06:00,6886.25,6890.0,6885.75,6888.75,2269.0
2026-02-12 11:37:00-06:00,6888.75,6892.5,6888.5,6890.75,2950.0
2026-02-12 11:38:00-06:00,6891.0,6894.0,6887.5,6888.75,4420.0
2026-02-12 11:39:00-06:00,6888.75,6891.25,6885.5,6886.25,3515.0
2026-02-12 11:40:00-06:00,6886.5,6889.75,6883.25,6889.25,3287.0
2026-02-12 11:41:00-06:00,6889.25,6890.25,6886.25,6886.25,2469.0
2026-02-12 11:42:00-06:00,6886.25,6888.75,6885.75,6887.25,2382.0
2026-02-12 11:43:00-06:00,6887.5,6891.0,6887.0,6889.5,1777.0
2026-02-12 11:44:00-06:00,6889.5,6891.75,6888.25,6889.25,2282.0
2026-02-12 11:45:00-06:00,6889.5,6890.5,6887.75,6888.75,1595.0
2026-02-12 11:46:00-06:00,6889.0,6892.25,6882.75,6883.25,3809.0
2026-02-12 11:47:00-06:00,6883.0,6885.75,6882.75,6883.75,2237.0
2026-02-12 11:48:00-06:00,6883.75,6884.5,6879.0,6879.25,3358.0
2026-02-12 11:49:00-06:00,6879.5,6884.0,6879.5,6882.5,1875.0
2026-02-12 11:50:00-06:00,6882.5,6887.25,6880.25,6880.75,2908.0
2026-02-12 11:51:00-06:00,6881.0,6884.0,6880.0,6880.0,1823.0
2026-02-12 11:52:00-06:00,6880.0,6881.75,6879.0,6879.75,2311.0
2026-02-12 11:53:00-06:00,6879.75,6880.75,6874.0,6874.25,3028.0
2026-02-12 11:54:00-06:00,6874.0,6876.0,6873.0,6875.5,2563.0
2026-02-12 11:55:00-06:00,6875.25,6878.25,6875.25,6877.25,2452.0
2026-02-12 11:56:00-06:00,6877.0,6877.25,6872.0,6872.25,2558.0
2026-02-12 11:57:00-06:00,6872.5,6873.0,6868.5,6869.75,5765.0
2026-02-12 11:58:00-06:00,6869.75,6870.0,6868.25,6869.25,2178.0
2026-02-12 11:59:00-06:00,6869.25,6870.0,6867.25,6867.75,2262.0
2026-02-12 12:00:00-06:00,6867.75,6868.25,6862.5,6865.5,6881.0
2026-02-12 12:01:00-06:00,6865.5,6869.0,6865.0,6868.75,3054.0
2026-02-12 12:02:00-06:00,6868.5,6874.5,6867.75,6870.0,5110.0
2026-02-12 12:03:00-06:00,6870.0,6870.5,6866.0,6866.75,2433.0
2026-02-12 12:04:00-06:00,6866.25,6871.25,6866.0,6869.25,2287.0
2026-02-12 12:05:00-06:00,6869.75,6872.5,6868.75,6871.75,1971.0
2026-02-12 12:06:00-06:00,6871.75,6873.0,6869.5,6872.25,2254.0
2026-02-12 12:07:00-06:00,6872.5,6879.25,6872.25,6877.5,4982.0
2026-02-12 12:08:00-06:00,6877.5,6878.25,6870.75,6870.75,3015.0
2026-02-12 12:09:00-06:00,6871.0,6873.5,6870.75,6871.5,1718.0
2026-02-12 12:10:00-06:00,6872.0,6872.25,6868.5,6871.75,2568.0
2026-02-12 12:11:00-06:00,6871.75,6873.25,6869.25,6873.0,1750.0
2026-02-12 12:12:00-06:00,6873.0,6873.75,6870.75,6872.0,1645.0
2026-02-12 12:13:00-06:00,6872.0,6873.5,6871.0,6871.0,1097.0
2026-02-12 12:14:00-06:00,6871.25,6872.5,6870.5,6871.0,1128.0
2026-02-12 12:15:00-06:00,6870.75,6871.5,6869.25,6870.0,1547.0
2026-02-12 12:16:00-06:00,6869.75,6871.25,6867.0,6868.25,2378.0
2026-02-12 12:17:00-06:00,6868.25,6869.0,6864.25,6864.5,2143.0
2026-02-12 12:18:00-06:00,6864.5,6865.75,6862.25,6864.75,2905.0
2026-02-12 12:19:00-06:00,6864.75,6868.0,6863.75,6864.0,2393.0
2026-02-12 12:20:00-06:00,6864.0,6869.75,6864.0,6868.0,2442.0
2026-02-12 12:21:00-06:00,6868.0,6868.25,6866.0,6866.75,1324.0
2026-02-12 12:22:00-06:00,6866.5,6872.75,6865.75,6872.25,2089.0
2026-02-12 12:23:00-06:00,6872.5,6873.25,6870.75,6872.75,2217.0
2026-02-12 12:24:00-06:00,6872.75,6875.5,6871.5,6873.5,2717.0
2026-02-12 12:25:00-06:00,6873.5,6874.0,6869.75,6871.75,1820.0
2026-02-12 12:26:00-06:00,6872.0,6875.5,6871.5,6875.0,1881.0
2026-02-12 12:27:00-06:00,6874.5,6875.5,6871.0,6871.25,1724.0
2026-02-12 12:28:00-06:00,6871.0,6873.75,6859.75,6864.25,8614.0
2026-02-12 12:29:00-06:00,6864.25,6870.75,6861.5,6869.5,5779.0
2026-02-12 12:30:00-06:00,6869.75,6870.25,6866.0,6868.0,3845.0
2026-02-12 12:31:00-06:00,6868.0,6868.5,6866.0,6868.5,2069.0
2026-02-12 12:32:00-06:00,6868.75,6870.5,6867.5,6868.0,1760.0
2026-02-12 12:33:00-06:00,6867.75,6873.75,6867.75,6872.5,3677.0
2026-02-12 12:34:00-06:00,6872.75,6873.75,6871.25,6871.5,2367.0
2026-02-12 12:35:00-06:00,6871.75,6875.0,6870.25,6873.0,2354.0
2026-02-12 12:36:00-06:00,6873.25,6875.0,6871.25,6871.75,2107.0
2026-02-12 12:37:00-06:00,6871.5,6876.5,6871.25,6876.25,2258.0
2026-02-12 12:38:00-06:00,6876.25,6880.5,6876.0,6878.75,4900.0
2026-02-12 12:39:00-06:00,6878.75,6880.5,6876.5,6880.5,2035.0
2026-02-12 12:40:00-06:00,6880.5,6880.75,6876.75,6879.0,2788.0
2026-02-12 12:41:00-06:00,6879.0,6882.25,6878.75,6879.75,2986.0
2026-02-12 12:42:00-06:00,6879.75,6883.5,6879.75,6883.0,2355.0
2026-02-12 12:43:00-06:00,6882.75,6885.5,6882.25,6883.5,3059.0
2026-02-12 12:44:00-06:00,6883.75,6887.5,6883.0,6886.5,3367.0
2026-02-12 12:45:00-06:00,6886.5,6886.75,6884.5,6885.5,1864.0
2026-02-12 12:46:00-06:00,6885.75,6887.5,6883.0,6887.5,2149.0
2026-02-12 12:47:00-06:00,6887.25,6887.75,6884.75,6886.25,1697.0
2026-02-12 12:48:00-06:00,6886.25,6888.75,6885.5,6886.75,1916.0
2026-02-12 12:49:00-06:00,6886.75,6887.5,6883.5,6884.0,2620.0
2026-02-12 12:50:00-06:00,6883.75,6884.0,6881.5,6883.25,2719.0
2026-02-12 12:51:00-06:00,6883.75,6889.5,6883.5,6889.25,2341.0
2026-02-12 12:52:00-06:00,6889.25,6890.5,6887.5,6890.25,2462.0
2026-02-12 12:53:00-06:00,6890.0,6890.5,6888.5,6889.25,1418.0
2026-02-12 12:54:00-06:00,6889.25,6891.5,6887.25,6888.5,2075.0
2026-02-12 12:55:00-06:00,6888.5,6890.75,6887.25,6890.5,1144.0
2026-02-12 12:56:00-06:00,6890.75,6890.75,6883.75,6885.25,4124.0
2026-02-12 12:57:00-06:00,6885.25,6888.0,6884.75,6886.75,1652.0
2026-02-12 12:58:00-06:00,6887.0,6888.75,6881.0,6887.0,4544.0
2026-02-12 12:59:00-06:00,6886.75,6887.25,6884.5,6885.25,1712.0
2026-02-12 13:00:00-06:00,6885.5,6888.5,6884.75,6888.25,2491.0
2026-02-12 13:01:00-06:00,6888.25,6889.75,6886.25,6886.75,2749.0
2026-02-12 13:02:00-06:00,6886.5,6888.25,6885.5,6886.5,1539.0
2026-02-12 13:03:00-06:00,6886.5,6887.5,6885.0,6887.25,1500.0
2026-02-12 13:04:00-06:00,6887.25,6887.5,6881.25,6882.75,2716.0
2026-02-12 13:05:00-06:00,6883.0,6886.25,6882.5,6885.5,1944.0
2026-02-12 13:06:00-06:00,6885.25,6886.5,6884.0,6884.75,1419.0
2026-02-12 13:07:00-06:00,6885.0,6885.5,6883.0,6883.75,1328.0
2026-02-12 13:08:00-06:00,6883.5,6886.25,6883.0,6886.0,1767.0
2026-02-12 13:09:00-06:00,6886.0,6887.5,6882.5,6882.75,1724.0
2026-02-12 13:10:00-06:00,6882.75,6884.75,6881.25,6882.75,1508.0
2026-02-12 13:11:00-06:00,6882.75,6883.25,6874.0,6876.75,5208.0
2026-02-12 13:12:00-06:00,6876.5,6878.75,6875.0,6876.0,1905.0
2026-02-12 13:13:00-06:00,6876.0,6880.0,6876.0,6879.5,2138.0
2026-02-12 13:14:00-06:00,6879.75,6882.0,6878.0,6879.75,2261.0
2026-02-12 13:15:00-06:00,6879.5,6884.25,6879.25,6883.75,1858.0
2026-02-12 13:16:00-06:00,6883.75,6884.25,6881.75,6883.5,1978.0
2026-02-12 13:17:00-06:00,6883.75,6887.75,6882.75,6886.75,2228.0
2026-02-12 13:18:00-06:00,6887.0,6889.25,6886.75,6888.5,2023.0
2026-02-12 13:19:00-06:00,6888.25,6889.75,6886.25,6888.75,1947.0
2026-02-12 13:20:00-06:00,6888.75,6890.5,6888.0,6889.5,2191.0
2026-02-12 13:21:00-06:00,6889.5,6891.0,6887.75,6889.75,2089.0
2026-02-12 13:22:00-06:00,6889.75,6890.25,6887.0,6889.5,1619.0
2026-02-12 13:23:00-06:00,6889.25,6891.25,6889.25,6891.0,1462.0
2026-02-12 13:24:00-06:00,6891.25,6892.5,6888.5,6890.0,2623.0
2026-02-12 13:25:00-06:00,6890.0,6891.25,6887.75,6888.0,1397.0
2026-02-12 13:26:00-06:00,6887.75,6887.75,6883.0,6884.75,6209.0
2026-02-12 13:27:00-06:00,6884.75,6884.75,6879.0,6879.75,2962.0
2026-02-12 13:28:00-06:00,6879.75,6880.25,6878.25,6880.0,2270.0
2026-02-12 13:29:00-06:00,6880.25,6881.0,6878.5,6879.75,2081.0
2026-02-12 13:30:00-06:00,6879.5,6882.75,6879.25,6881.75,2520.0
2026-02-12 13:31:00-06:00,6882.0,6885.5,6881.25,6884.25,2195.0
2026-02-12 13:32:00-06:00,6884.75,6889.0,6884.75,6887.25,2141.0
2026-02-12 13:33:00-06:00,6887.25,6889.0,6887.0,6887.25,1402.0
2026-02-12 13:34:00-06:00,6887.5,6887.5,6885.5,6886.5,1645.0
2026-02-12 13:35:00-06:00,6886.25,6891.0,6885.25,6890.5,1962.0
2026-02-12 13:36:00-06:00,6890.25,6891.5,6888.75,6889.75,1859.0
2026-02-12 13:37:00-06:00,6889.5,6891.75,6888.75,6890.5,1404.0
2026-02-12 13:38:00-06:00,6890.75,6891.5,6888.75,6889.75,1219.0
2026-02-12 13:39:00-06:00,6890.0,6891.75,6888.25,6891.25,1253.0
2026-02-12 13:40:00-06:00,6891.25,6891.75,6889.75,6890.25,1161.0
2026-02-12 13:41:00-06:00,6890.25,6891.5,6889.25,6890.5,1191.0
2026-02-12 13:42:00-06:00,6890.75,6893.75,6889.25,6893.0,2966.0
2026-02-12 13:43:00-06:00,6893.25,6893.25,6887.75,6888.25,2334.0
2026-02-12 13:44:00-06:00,6887.75,6889.5,6885.75,6888.5,2894.0
2026-02-12 13:45:00-06:00,6888.5,6892.5,6888.5,6892.5,2123.0
2026-02-12 13:46:00-06:00,6892.5,6893.5,6890.75,6893.0,1816.0
2026-02-12 13:47:00-06:00,6893.0,6894.25,6892.5,6893.25,1478.0
2026-02-12 13:48:00-06:00,6893.25,6894.5,6892.25,6893.25,1647.0
2026-02-12 13:49:00-06:00,6893.25,6895.75,6892.25,6895.25,2249.0
2026-02-12 13:50:00-06:00,6895.25,6898.0,6895.0,6895.75,2968.0
2026-02-12 13:51:00-06:00,6895.75,6896.5,6892.25,6894.25,3340.0
2026-02-12 13:52:00-06:00,6894.0,6894.5,6891.0,6892.25,2685.0
2026-02-12 13:53:00-06:00,6892.25,6893.75,6891.25,6891.5,1203.0
2026-02-12 13:54:00-06:00,6891.5,6893.5,6891.0,6891.5,1118.0
2026-02-12 13:55:00-06:00,6892.0,6893.5,6889.0,6892.75,2114.0
2026-02-12 13:56:00-06:00,6893.0,6893.25,6891.5,6892.75,1051.0
2026-02-12 13:57:00-06:00,6893.0,6896.5,6892.25,6894.5,2021.0
2026-02-12 13:58:00-06:00,6894.75,6894.75,6886.25,6890.0,4778.0
2026-02-12 13:59:00-06:00,6890.25,6890.5,6886.5,6889.75,2223.0
2026-02-12 14:00:00-06:00,6890.0,6892.75,6889.75,6891.75,1810.0
2026-02-12 14:01:00-06:00,6891.5,6892.75,6890.75,6892.5,936.0
2026-02-12 14:02:00-06:00,6892.25,6893.0,6889.0,6889.0,1080.0
2026-02-12 14:03:00-06:00,6889.0,6890.75,6887.75,6888.75,1193.0
2026-02-12 14:04:00-06:00,6889.0,6892.5,6888.5,6892.25,1113.0
2026-02-12 14:05:00-06:00,6892.5,6893.75,6890.75,6892.0,1216.0
2026-02-12 14:06:00-06:00,6892.0,6892.75,6890.5,6890.5,608.0
2026-02-12 14:07:00-06:00,6890.75,6891.75,6887.5,6887.75,1197.0
2026-02-12 14:08:00-06:00,6887.5,6889.5,6885.5,6887.0,1910.0
2026-02-12 14:09:00-06:00,6886.75,6887.0,6884.5,6885.25,1321.0
2026-02-12 14:10:00-06:00,6885.5,6886.0,6881.0,6881.5,2446.0
2026-02-12 14:11:00-06:00,6881.75,6884.0,6880.0,6882.75,2940.0
2026-02-12 14:12:00-06:00,6882.75,6886.25,6882.75,6883.25,2179.0
2026-02-12 14:13:00-06:00,6883.25,6885.5,6882.75,6885.5,1129.0
2026-02-12 14:14:00-06:00,6885.75,6887.25,6884.5,6886.5,1699.0
2026-02-12 14:15:00-06:00,6886.75,6887.0,6883.25,6883.5,1458.0
2026-02-12 14:16:00-06:00,6883.75,6884.0,6881.75,6882.25,1626.0
2026-02-12 14:17:00-06:00,6882.25,6884.25,6880.5,6881.5,1664.0
2026-02-12 14:18:00-06:00,6881.5,6883.75,6879.25,6880.25,2350.0
2026-02-12 14:19:00-06:00,6880.25,6881.75,6878.75,6879.25,1911.0
2026-02-12 14:20:00-06:00,6879.25,6879.75,6874.75,6875.25,3997.0
2026-02-12 14:21:00-06:00,6875.5,6879.0,6875.25,6876.75,2213.0
2026-02-12 14:22:00-06:00,6876.75,6878.0,6875.0,6875.5,1992.0
2026-02-12 14:23:00-06:00,6875.5,6877.0,6873.5,6874.0,1907.0
2026-02-12 14:24:00-06:00,6874.0,6876.0,6874.0,6875.5,2053.0
2026-02-12 14:25:00-06:00,6875.5,6876.0,6873.25,6873.5,1681.0
2026-02-12 14:26:00-06:00,6873.25,6874.5,6872.0,6874.0,2656.0
2026-02-12 14:27:00-06:00,6874.25,6875.25,6872.25,6872.25,1771.0
2026-02-12 14:28:00-06:00,6872.0,6873.75,6871.0,6873.25,1984.0
2026-02-12 14:29:00-06:00,6873.5,6874.0,6869.0,6870.0,2783.0
2026-02-12 14:30:00-06:00,6870.25,6872.0,6868.25,6869.5,3928.0
2026-02-12 14:31:00-06:00,6869.75,6872.0,6865.75,6866.0,3525.0
2026-02-12 14:32:00-06:00,6866.0,6867.0,6863.0,6867.0,4354.0
2026-02-12 14:33:00-06:00,6867.0,6868.25,6865.0,6867.25,2453.0
2026-02-12 14:34:00-06:00,6867.5,6870.0,6866.75,6867.25,3064.0
2026-02-12 14:35:00-06:00,6867.5,6869.0,6866.0,6869.0,1645.0
2026-02-12 14:36:00-06:00,6868.75,6869.5,6867.25,6867.25,2015.0
2026-02-12 14:37:00-06:00,6867.25,6869.75,6866.75,6868.0,1649.0
2026-02-12 14:38:00-06:00,6868.0,6869.5,6867.25,6868.25,1510.0
2026-02-12 14:39:00-06:00,6868.0,6869.5,6865.25,6867.25,2307.0
2026-02-12 14:40:00-06:00,6867.25,6871.25,6866.75,6870.0,2572.0
2026-02-12 14:41:00-06:00,6870.0,6872.0,6867.5,6868.0,2209.0
2026-02-12 14:42:00-06:00,6867.75,6868.25,6863.75,6865.75,2244.0
2026-02-12 14:43:00-06:00,6865.75,6866.0,6862.25,6862.75,2266.0
2026-02-12 14:44:00-06:00,6862.75,6865.5,6862.25,6864.75,2680.0
2026-02-12 14:45:00-06:00,6864.75,6865.75,6860.75,6861.25,3046.0
2026-02-12 14:46:00-06:00,6861.0,6861.75,6857.25,6858.75,5263.0
2026-02-12 14:47:00-06:00,6858.5,6858.5,6856.0,6857.0,3662.0
2026-02-12 14:48:00-06:00,6857.0,6858.25,6854.0,6855.0,3338.0
2026-02-12 14:49:00-06:00,6855.0,6857.5,6854.5,6856.75,2416.0
2026-02-12 14:50:00-06:00,6856.5,6856.5,6845.25,6847.0,10155.0
2026-02-12 14:51:00-06:00,6847.0,6847.75,6841.75,6843.0,5129.0
2026-02-12 14:52:00-06:00,6843.0,6848.25,6842.0,6846.5,6024.0
2026-02-12 14:53:00-06:00,6846.5,6851.0,6845.5,6849.75,5325.0
2026-02-12 14:54:00-06:00,6850.0,6855.5,6849.75,6855.5,7662.0
2026-02-12 14:55:00-06:00,6855.5,6856.5,6852.0,6853.75,6329.0
2026-02-12 14:56:00-06:00,6854.0,6854.5,6847.5,6849.25,4003.0
2026-02-12 14:57:00-06:00,6849.5,6853.0,6849.25,6851.25,3233.0
2026-02-12 14:58:00-06:00,6851.25,6853.25,6850.25,6850.75,2822.0
2026-02-12 14:59:00-06:00,6850.75,6853.25,6848.0,6850.5,13502.0
2026-02-12 15:00:00-06:00,6850.75,6852.0,6847.75,6848.75,5474.0
2026-02-12 15:01:00-06:00,6848.75,6850.25,6846.75,6849.75,3868.0
2026-02-12 15:02:00-06:00,6849.75,6851.75,6848.75,6850.0,1654.0
2026-02-12 15:03:00-06:00,6850.5,6851.0,6849.25,6850.0,956.0
2026-02-12 15:04:00-06:00,6850.0,6851.5,6849.5,6851.0,1028.0
2026-02-12 15:05:00-06:00,6850.75,6851.75,6848.75,6851.0,1259.0
2026-02-12 15:06:00-06:00,6851.0,6851.75,6849.75,6850.75,1020.0
2026-02-12 15:07:00-06:00,6850.75,6853.75,6850.25,6852.0,1073.0
2026-02-12 15:08:00-06:00,6851.75,6856.0,6850.75,6855.5,1591.0
2026-02-12 15:09:00-06:00,6855.25,6856.0,6853.75,6854.5,1093.0
2026-02-12 15:10:00-06:00,6854.5,6855.5,6853.5,6854.25,799.0
2026-02-12 15:11:00-06:00,6854.25,6855.0,6853.75,6854.5,394.0
2026-02-12 15:12:00-06:00,6854.75,6855.75,6854.5,6854.75,415.0
2026-02-12 15:13:00-06:00,6854.75,6856.75,6854.0,6856.0,715.0
2026-02-12 15:14:00-06:00,6856.0,6856.25,6855.0,6855.75,489.0
2026-02-12 15:15:00-06:00,6855.75,6856.5,6855.25,6856.25,611.0
2026-02-12 15:16:00-06:00,6856.25,6856.5,6854.0,6855.75,593.0
2026-02-12 15:17:00-06:00,6855.75,6856.0,6855.0,6855.75,377.0
2026-02-12 15:18:00-06:00,6856.0,6857.5,6856.0,6856.5,475.0
2026-02-12 15:19:00-06:00,6856.5,6857.5,6855.25,6856.75,570.0
2026-02-12 15:20:00-06:00,6857.0,6857.25,6856.25,6856.75,293.0
2026-02-12 15:21:00-06:00,6856.75,6857.5,6856.25,6857.25,282.0
2026-02-12 15:22:00-06:00,6857.0,6857.5,6856.0,6857.5,476.0
2026-02-12 15:23:00-06:00,6857.25,6858.5,6857.25,6857.25,395.0
2026-02-12 15:24:00-06:00,6857.5,6858.0,6857.0,6857.75,152.0
2026-02-12 15:25:00-06:00,6858.0,6858.25,6856.5,6857.0,302.0
2026-02-12 15:26:00-06:00,6857.0,6857.75,6857.0,6857.0,226.0
2026-02-12 15:27:00-06:00,6857.25,6858.0,6857.0,6858.0,179.0
2026-02-12 15:28:00-06:00,6858.0,6858.25,6857.5,6858.0,171.0
2026-02-12 15:29:00-06:00,6858.25,6859.75,6857.5,6859.5,461.0
2026-02-12 15:30:00-06:00,6859.5,6861.75,6859.0,6861.75,776.0
2026-02-12 15:31:00-06:00,6861.25,6861.75,6860.75,6861.0,533.0
2026-02-12 15:32:00-06:00,6860.75,6861.25,6860.0,6860.75,220.0
2026-02-12 15:33:00-06:00,6861.0,6862.25,6860.75,6862.0,260.0
2026-02-12 15:34:00-06:00,6862.0,6863.0,6862.0,6862.5,558.0
2026-02-12 15:35:00-06:00,6862.25,6863.0,6862.25,6862.5,180.0
2026-02-12 15:36:00-06:00,6862.75,6863.5,6862.5,6863.0,281.0
2026-02-12 15:37:00-06:00,6863.25,6863.75,6862.25,6862.75,270.0
2026-02-12 15:38:00-06:00,6862.75,6863.75,6862.5,6863.25,211.0
2026-02-12 15:39:00-06:00,6863.5,6864.0,6862.0,6862.0,411.0
2026-02-12 15:40:00-06:00,6862.0,6862.0,6860.75,6861.25,497.0
2026-02-12 15:41:00-06:00,6861.5,6862.25,6861.0,6862.0,222.0
2026-02-12 15:42:00-06:00,6862.0,6862.5,6861.75,6862.0,211.0
2026-02-12 15:43:00-06:00,6862.25,6862.5,6861.25,6862.0,320.0
2026-02-12 15:44:00-06:00,6862.25,6863.0,6861.5,6861.75,376.0
2026-02-12 15:45:00-06:00,6862.0,6862.25,6860.0,6861.0,841.0
2026-02-12 15:46:00-06:00,6861.25,6861.75,6860.25,6860.75,620.0
2026-02-12 15:47:00-06:00,6861.0,6862.75,6860.75,6862.5,258.0
2026-02-12 15:48:00-06:00,6862.25,6863.0,6861.75,6862.0,249.0
2026-02-12 15:49:00-06:00,6862.0,6863.25,6862.0,6863.25,160.0
2026-02-12 15:50:00-06:00,6863.25,6865.0,6863.25,6864.75,428.0
2026-02-12 15:51:00-06:00,6864.75,6865.0,6863.5,6863.75,388.0
2026-02-12 15:52:00-06:00,6863.75,6864.5,6863.75,6864.25,77.0
2026-02-12 15:53:00-06:00,6864.25,6865.0,6864.25,6864.5,109.0
2026-02-12 15:54:00-06:00,6864.5,6864.5,6863.0,6863.25,278.0
2026-02-12 15:55:00-06:00,6863.25,6863.5,6861.75,6863.0,394.0
2026-02-12 15:56:00-06:00,6862.5,6862.5,6860.75,6860.75,205.0
2026-02-12 15:57:00-06:00,6861.0,6863.0,6860.75,6862.75,159.0
2026-02-12 15:58:00-06:00,6862.75,6863.0,6861.0,6861.5,182.0
2026-02-12 15:59:00-06:00,6861.5,6862.0,6861.0,6861.75,618.0
2026-02-13 08:30:00-06:00,6851.5,6852.75,6843.0,6852.0,9506.0
2026-02-13 08:31:00-06:00,6852.0,6857.5,6846.5,6855.25,6532.0
2026-02-13 08:32:00-06:00,6855.25,6859.75,6851.75,6855.5,7252.0
2026-02-13 08:33:00-06:00,6855.5,6857.25,6847.0,6848.5,5990.0
2026-02-13 08:34:00-06:00,6848.25,6854.75,6845.75,6846.5,5153.0
2026-02-13 08:35:00-06:00,6846.5,6847.0,6838.5,6845.25,8188.0
2026-02-13 08:36:00-06:00,6845.25,6847.0,6840.5,6844.0,4758.0
2026-02-13 08:37:00-06:00,6843.25,6845.5,6834.5,6835.0,5089.0
2026-02-13 08:38:00-06:00,6835.0,6841.75,6834.25,6840.75,5054.0
2026-02-13 08:39:00-06:00,6841.0,6842.0,6832.0,6832.75,4161.0
2026-02-13 08:40:00-06:00,6833.0,6833.75,6821.5,6821.75,9270.0
2026-02-13 08:41:00-06:00,6822.0,6827.5,6814.75,6816.25,9409.0
2026-02-13 08:42:00-06:00,6816.25,6817.25,6809.25,6816.75,8999.0
2026-02-13 08:43:00-06:00,6816.5,6833.5,6816.25,6831.75,9733.0
2026-02-13 08:44:00-06:00,6831.75,6840.0,6827.5,6839.0,8474.0
2026-02-13 08:45:00-06:00,6839.0,6855.5,6838.25,6855.25,10361.0
2026-02-13 08:46:00-06:00,6855.0,6859.0,6850.25,6856.75,9527.0
2026-02-13 08:47:00-06:00,6856.5,6859.0,6849.25,6857.0,8070.0
2026-02-13 08:48:00-06:00,6857.25,6863.0,6856.5,6856.75,8860.0
2026-02-13 08:49:00-06:00,6857.0,6858.75,6847.75,6848.75,7817.0
2026-02-13 08:50:00-06:00,6848.5,6849.5,6833.0,6838.0,14548.0
2026-02-13 08:51:00-06:00,6837.75,6843.75,6834.0,6842.5,8633.0
2026-02-13 08:52:00-06:00,6842.5,6844.25,6831.75,6838.25,6481.0
2026-02-13 08:53:00-06:00,6838.5,6849.75,6838.25,6841.25,7900.0
2026-02-13 08:54:00-06:00,6841.25,6848.75,6839.0,6839.25,6925.0
2026-02-13 08:55:00-06:00,6839.0,6855.0,6839.0,6853.0,8206.0
2026-02-13 08:56:00-06:00,6852.75,6855.0,6832.75,6832.75,8186.0
2026-02-13 08:57:00-06:00,6832.75,6837.5,6830.5,6831.0,6675.0
2026-02-13 08:58:00-06:00,6830.75,6837.75,6830.75,6834.0,4682.0
2026-02-13 08:59:00-06:00,6834.0,6835.5,6830.0,6833.5,5608.0
2026-02-13 09:00:00-06:00,6833.5,6845.0,6832.5,6844.0,9133.0
2026-02-13 09:01:00-06:00,6844.0,6847.75,6837.5,6843.5,5466.0
2026-02-13 09:02:00-06:00,6843.5,6849.25,6842.75,6848.0,4000.0
2026-02-13 09:03:00-06:00,6847.75,6851.25,6838.75,6839.75,4840.0
2026-02-13 09:04:00-06:00,6839.5,6847.5,6838.75,6844.25,4056.0
2026-02-13 09:05:00-06:00,6844.0,6844.75,6834.75,6836.75,5089.0
2026-02-13 09:06:00-06:00,6836.75,6848.25,6835.75,6848.0,4554.0
2026-02-13 09:07:00-06:00,6848.0,6848.25,6839.0,6845.0,4035.0
2026-02-13 09:08:00-06:00,6845.0,6856.25,6844.0,6855.75,4992.0
2026-02-13 09:09:00-06:00,6855.75,6859.5,6851.0,6859.0,7078.0
2026-02-13 09:10:00-06:00,6859.25,6861.0,6853.0,6861.0,5906.0
2026-02-13 09:11:00-06:00,6860.75,6864.25,6859.5,6862.5,5091.0
2026-02-13 09:12:00-06:00,6862.25,6863.25,6855.0,6855.75,4433.0
2026-02-13 09:13:00-06:00,6856.25,6861.75,6856.0,6858.25,3060.0
2026-02-13 09:14:00-06:00,6858.25,6860.5,6847.25,6848.0,4438.0
2026-02-13 09:15:00-06:00,6848.0,6856.5,6846.5,6853.5,5483.0
2026-02-13 09:16:00-06:00,6854.0,6858.0,6840.0,6840.0,6052.0
2026-02-13 09:17:00-06:00,6839.75,6845.0,6839.5,6843.0,3969.0
2026-02-13 09:18:00-06:00,6843.0,6848.75,6840.5,6847.5,4072.0
2026-02-13 09:19:00-06:00,6847.75,6848.5,6842.25,6844.75,3123.0
2026-02-13 09:20:00-06:00,6844.75,6856.5,6842.75,6854.5,5568.0
2026-02-13 09:21:00-06:00,6854.25,6854.75,6841.75,6845.0,4550.0
2026-02-13 09:22:00-06:00,6844.75,6849.5,6839.0,6840.75,4258.0
2026-02-13 09:23:00-06:00,6841.0,6848.0,6840.0,6847.0,3147.0
2026-02-13 09:24:00-06:00,6847.0,6850.25,6843.5,6847.0,2711.0
2026-02-13 09:25:00-06:00,6847.0,6854.25,6846.0,6852.5,3394.0
2026-02-13 09:26:00-06:00,6852.25,6857.25,6850.75,6856.5,3435.0
2026-02-13 09:27:00-06:00,6856.5,6862.75,6853.75,6862.0,3941.0
2026-02-13 09:28:00-06:00,6862.0,6867.5,6858.75,6867.5,5974.0
2026-02-13 09:29:00-06:00,6867.5,6868.5,6862.75,6864.5,4368.0
2026-02-13 09:30:00-06:00,6864.25,6874.0,6863.25,6873.5,6627.0
2026-02-13 09:31:00-06:00,6873.5,6874.0,6868.5,6869.5,3838.0
2026-02-13 09:32:00-06:00,6869.25,6875.0,6868.75,6874.5,3991.0
2026-02-13 09:33:00-06:00,6874.5,6880.0,6874.5,6879.25,5796.0
2026-02-13 09:34:00-06:00,6879.0,6879.75,6875.25,6876.0,3517.0
2026-02-13 09:35:00-06:00,6876.0,6879.5,6872.75,6879.0,4081.0
2026-02-13 09:36:00-06:00,6878.75,6881.0,6876.5,6880.5,3583.0
2026-02-13 09:37:00-06:00,6880.5,6880.5,6876.25,6877.25,2468.0
2026-02-13 09:38:00-06:00,6877.5,6877.75,6865.0,6865.5,5686.0
2026-02-13 09:39:00-06:00,6865.5,6869.0,6862.75,6863.5,4378.0
2026-02-13 09:40:00-06:00,6863.25,6863.75,6859.25,6861.75,4521.0
2026-02-13 09:41:00-06:00,6861.75,6864.75,6860.25,6862.5,3258.0
2026-02-13 09:42:00-06:00,6862.5,6866.75,6858.75,6859.75,4298.0
2026-02-13 09:43:00-06:00,6859.75,6863.0,6855.5,6856.25,3752.0
2026-02-13 09:44:00-06:00,6856.25,6858.5,6850.25,6851.25,4479.0
2026-02-13 09:45:00-06:00,6851.5,6855.25,6850.5,6854.5,3771.0
2026-02-13 09:46:00-06:00,6854.25,6858.0,6844.25,6845.5,6251.0
2026-02-13 09:47:00-06:00,6845.25,6848.0,6843.0,6846.5,4277.0
2026-02-13 09:48:00-06:00,6846.25,6849.25,6845.0,6845.0,2518.0
2026-02-13 09:49:00-06:00,6845.25,6846.5,6842.5,6846.5,3134.0
2026-02-13 09:50:00-06:00,6846.75,6852.0,6845.75,6851.5,4239.0
2026-02-13 09:51:00-06:00,6851.25,6862.0,6850.25,6860.0,5707.0
2026-02-13 09:52:00-06:00,6860.0,6863.25,6855.5,6857.75,4194.0
2026-02-13 09:53:00-06:00,6857.25,6862.5,6856.75,6860.0,2476.0
2026-02-13 09:54:00-06:00,6860.0,6863.0,6859.5,6860.5,2115.0
2026-02-13 09:55:00-06:00,6861.0,6867.0,6860.0,6865.25,3975.0
2026-02-13 09:56:00-06:00,6865.5,6866.0,6857.25,6858.0,3646.0
2026-02-13 09:57:00-06:00,6858.25,6864.5,6858.25,6861.75,2746.0
2026-02-13 09:58:00-06:00,6861.75,6864.25,6861.25,6862.0,1377.0
2026-02-13 09:59:00-06:00,6862.25,6862.75,6858.0,6860.25,2725.0
2026-02-13 10:00:00-06:00,6860.25,6864.75,6859.5,6863.5,2843.0
2026-02-13 10:01:00-06:00,6863.25,6866.75,6860.5,6866.25,2370.0
2026-02-13 10:02:00-06:00,6866.5,6868.5,6863.25,6863.5,2868.0
2026-02-13 10:03:00-06:00,6864.0,6867.75,6862.5,6867.5,1731.0
2026-02-13 10:04:00-06:00,6867.25,6869.5,6864.5,6869.25,2056.0
2026-02-13 10:05:00-06:00,6869.0,6872.25,6868.0,6872.25,3161.0
2026-02-13 10:06:00-06:00,6872.5,6876.5,6870.5,6875.5,4734.0
2026-02-13 10:07:00-06:00,6875.5,6876.25,6870.5,6872.5,3009.0
2026-02-13 10:08:00-06:00,6872.75,6876.5,6871.75,6876.5,2477.0
2026-02-13 10:09:00-06:00,6876.25,6877.0,6873.25,6874.5,2090.0
2026-02-13 10:10:00-06:00,6874.75,6875.0,6866.75,6867.5,5436.0
2026-02-13 10:11:00-06:00,6868.0,6869.5,6865.5,6868.25,2746.0
2026-02-13 10:12:00-06:00,6868.5,6871.25,6861.5,6863.0,3984.0
2026-02-13 10:13:00-06:00,6863.0,6866.0,6862.0,6865.25,2245.0
2026-02-13 10:14:00-06:00,6865.5,6870.0,6864.5,6869.25,2332.0
2026-02-13 10:15:00-06:00,6869.5,6870.25,6867.0,6868.5,2274.0
2026-02-13 10:16:00-06:00,6869.0,6872.5,6867.75,6868.5,2688.0
2026-02-13 10:17:00-06:00,6868.5,6876.5,6867.75,6873.5,3871.0
2026-02-13 10:18:00-06:00,6873.5,6874.25,6870.5,6871.0,2093.0
2026-02-13 10:19:00-06:00,6870.75,6871.25,6865.5,6865.75,1904.0
2026-02-13 10:20:00-06:00,6866.25,6869.5,6860.5,6860.75,3384.0
2026-02-13 10:21:00-06:00,6860.75,6861.5,6858.25,6861.25,2994.0
2026-02-13 10:22:00-06:00,6861.25,6862.25,6859.5,6859.75,1720.0
2026-02-13 10:23:00-06:00,6860.0,6861.75,6852.75,6853.0,3887.0
2026-02-13 10:24:00-06:00,6853.0,6858.5,6853.0,6858.5,2544.0
2026-02-13 10:25:00-06:00,6858.5,6860.75,6856.75,6860.25,2886.0
2026-02-13 10:26:00-06:00,6860.5,6866.5,6858.0,6865.5,4081.0
2026-02-13 10:27:00-06:00,6865.75,6872.75,6863.5,6872.75,3445.0
2026-02-13 10:28:00-06:00,6873.0,6874.5,6870.25,6872.25,2887.0
2026-02-13 10:29:00-06:00,6872.25,6873.75,6868.75,6873.0,2861.0
2026-02-13 10:30:00-06:00,6872.75,6874.5,6870.5,6873.0,2599.0
2026-02-13 10:31:00-06:00,6873.0,6873.75,6863.5,6873.5,4535.0
2026-02-13 10:32:00-06:00,6873.5,6875.5,6871.25,6875.25,3066.0
2026-02-13 10:33:00-06:00,6875.0,6877.25,6873.0,6876.0,2406.0
2026-02-13 10:34:00-06:00,6876.0,6876.5,6869.75,6873.5,2382.0
2026-02-13 10:35:00-06:00,6873.5,6874.25,6872.0,6872.75,1933.0
2026-02-13 10:36:00-06:00,6873.0,6876.5,6872.25,6876.25,1886.0
2026-02-13 10:37:00-06:00,6876.25,6877.5,6867.75,6868.25,2657.0
2026-02-13 10:38:00-06:00,6868.0,6876.0,6867.75,6876.0,2064.0
2026-02-13 10:39:00-06:00,6876.0,6879.5,6875.25,6879.5,2509.0
2026-02-13 10:40:00-06:00,6879.25,6880.25,6875.25,6879.5,2635.0
2026-02-13 10:41:00-06:00,6879.5,6880.0,6876.0,6878.75,1586.0
2026-02-13 10:42:00-06:00,6879.0,6879.0,6875.0,6877.5,1479.0
2026-02-13 10:43:00-06:00,6877.25,6881.25,6874.25,6879.5,2286.0
2026-02-13 10:44:00-06:00,6879.5,6881.0,6878.75,6880.5,1453.0
2026-02-13 10:45:00-06:00,6880.5,6883.75,6880.0,6882.75,2893.0
2026-02-13 10:46:00-06:00,6882.75,6885.25,6881.75,6883.25,2414.0
2026-02-13 10:47:00-06:00,6883.0,6885.0,6881.0,6884.75,1866.0
2026-02-13 10:48:00-06:00,6884.75,6885.0,6877.5,6878.75,2826.0
2026-02-13 10:49:00-06:00,6878.5,6880.75,6877.75,6879.25,1798.0
2026-02-13 10:50:00-06:00,6879.25,6883.0,6877.0,6882.75,2980.0
2026-02-13 10:51:00-06:00,6883.0,6885.0,6879.5,6884.5,2464.0
2026-02-13 10:52:00-06:00,6884.5,6884.75,6880.5,6880.75,1567.0
2026-02-13 10:53:00-06:00,6881.0,6883.75,6880.25,6882.75,1788.0
2026-02-13 10:54:00-06:00,6882.5,6885.0,6881.75,6885.0,1034.0
2026-02-13 10:55:00-06:00,6885.0,6886.25,6883.75,6884.25,1875.0
2026-02-13 10:56:00-06:00,6884.25,6890.25,6884.25,6888.5,4356.0
2026-02-13 10:57:00-06:00,6888.5,6889.0,6886.5,6887.25,2033.0
2026-02-13 10:58:00-06:00,6887.5,6888.5,6885.75,6885.75,1692.0
2026-02-13 10:59:00-06:00,6886.0,6887.0,6882.5,6882.5,2442.0
2026-02-13 11:00:00-06:00,6882.5,6883.25,6879.5,6881.75,2985.0
2026-02-13 11:01:00-06:00,6882.0,6887.25,6882.0,6887.25,2106.0
2026-02-13 11:02:00-06:00,6887.25,6887.5,6884.25,6886.5,1652.0
2026-02-13 11:03:00-06:00,6886.5,6889.0,6884.75,6888.5,1439.0
2026-02-13 11:04:00-06:00,6888.75,6889.5,6887.5,6888.0,1140.0
2026-02-13 11:05:00-06:00,6888.0,6890.25,6887.5,6890.0,1228.0
2026-02-13 11:06:00-06:00,6890.0,6891.5,6888.25,6890.0,1743.0
2026-02-13 11:07:00-06:00,6890.25,6891.75,6885.25,6887.5,1933.0
2026-02-13 11:08:00-06:00,6887.75,6889.5,6886.25,6887.0,1173.0
2026-02-13 11:09:00-06:00,6887.0,6888.25,6886.75,6887.0,687.0
2026-02-13 11:10:00-06:00,6887.0,6890.0,6887.0,6887.75,1033.0
2026-02-13 11:11:00-06:00,6888.0,6889.75,6887.75,6888.0,736.0
2026-02-13 11:12:00-06:00,6888.25,6890.0,6886.75,6889.5,1021.0
2026-02-13 11:13:00-06:00,6889.5,6892.5,6889.5,6892.25,1914.0
2026-02-13 11:14:00-06:00,6892.25,6895.5,6891.5,6894.75,3099.0
2026-02-13 11:15:00-06:00,6894.75,6895.25,6891.25,6891.5,1987.0
2026-02-13 11:16:00-06:00,6891.5,6892.0,6888.75,6890.0,2437.0
2026-02-13 11:17:00-06:00,6890.25,6891.25,6886.25,6887.75,1759.0
2026-02-13 11:18:00-06:00,6887.75,6887.75,6883.0,6885.25,2812.0
2026-02-13 11:19:00-06:00,6885.25,6886.75,6884.5,6885.5,1510.0
2026-02-13 11:20:00-06:00,6885.5,6890.5,6884.5,6890.25,2709.0
2026-02-13 11:21:00-06:00,6890.25,6894.75,6889.25,6892.75,2648.0
2026-02-13 11:22:00-06:00,6892.75,6894.0,6892.0,6894.0,1194.0
2026-02-13 11:23:00-06:00,6894.25,6895.25,6892.5,6893.25,2276.0
2026-02-13 11:24:00-06:00,6893.0,6894.25,6891.75,6892.5,1216.0
2026-02-13 11:25:00-06:00,6892.75,6893.25,6888.0,6892.0,2559.0
2026-02-13 11:26:00-06:00,6892.0,6892.25,6887.5,6889.0,1387.0
2026-02-13 11:27:00-06:00,6889.25,6891.0,6888.5,6890.0,1246.0
2026-02-13 11:28:00-06:00,6890.0,6892.25,6888.5,6891.0,1558.0
2026-02-13 11:29:00-06:00,6891.25,6893.0,6888.25,6888.75,1202.0
2026-02-13 11:30:00-06:00,6889.0,6891.75,6887.75,6890.75,2064.0
2026-02-13 11:31:00-06:00,6890.75,6896.0,6890.75,6895.75,2256.0
2026-02-13 11:32:00-06:00,6895.75,6895.75,6893.0,6893.0,1559.0
2026-02-13 11:33:00-06:00,6892.75,6894.75,6892.5,6894.0,967.0
2026-02-13 11:34:00-06:00,6894.0,6895.0,6892.75,6893.5,975.0
2026-02-13 11:35:00-06:00,6893.5,6895.5,6892.25,6895.25,1207.0
2026-02-13 11:36:00-06:00,6895.5,6895.5,6893.25,6894.25,998.0
2026-02-13 11:37:00-06:00,6894.0,6895.25,6892.5,6893.25,701.0
2026-02-13 11:38:00-06:00,6893.0,6894.0,6890.75,6892.0,1413.0
2026-02-13 11:39:00-06:00,6892.0,6894.75,6891.5,6894.75,694.0
2026-02-13 11:40:00-06:00,6894.75,6895.75,6893.5,6895.0,1090.0
2026-02-13 11:41:00-06:00,6894.75,6897.75,6894.5,6897.0,2025.0
2026-02-13 11:42:00-06:00,6897.0,6897.75,6894.5,6895.0,1586.0
2026-02-13 11:43:00-06:00,6895.25,6895.75,6893.5,6894.25,971.0
2026-02-13 11:44:00-06:00,6894.75,6895.0,6892.0,6892.0,1397.0
2026-02-13 11:45:00-06:00,6891.75,6892.75,6889.75,6891.0,2346.0
2026-02-13 11:46:00-06:00,6891.0,6894.75,6891.0,6893.25,1530.0
2026-02-13 11:47:00-06:00,6893.25,6894.0,6889.75,6890.25,1073.0
2026-02-13 11:48:00-06:00,6890.25,6893.75,6889.25,6893.75,1708.0
2026-02-13 11:49:00-06:00,6893.5,6895.75,6892.25,6894.75,1376.0
2026-02-13 11:50:00-06:00,6895.0,6895.0,6892.25,6894.25,795.0
2026-02-13 11:51:00-06:00,6894.25,6895.0,6890.75,6892.0,1330.0
2026-02-13 11:52:00-06:00,6892.25,6894.25,6891.75,6893.5,967.0
2026-02-13 11:53:00-06:00,6893.0,6893.25,6890.5,6890.75,648.0
2026-02-13 11:54:00-06:00,6891.0,6891.5,6888.0,6890.0,1579.0
2026-02-13 11:55:00-06:00,6890.25,6891.25,6887.0,6887.5,1888.0
2026-02-13 11:56:00-06:00,6887.5,6889.5,6885.0,6888.75,3040.0
2026-02-13 11:57:00-06:00,6889.25,6889.25,6886.0,6886.75,1188.0
2026-02-13 11:58:00-06:00,6886.75,6888.0,6885.5,6886.5,1162.0
2026-02-13 11:59:00-06:00,6886.75,6887.5,6883.75,6886.25,1626.0
2026-02-13 12:00:00-06:00,6886.25,6889.0,6886.0,6887.0,1896.0
2026-02-13 12:01:00-06:00,6886.75,6887.0,6881.0,6881.25,3510.0
2026-02-13 12:02:00-06:00,6881.25,6884.0,6880.0,6881.25,2995.0
2026-02-13 12:03:00-06:00,6881.5,6882.75,6878.5,6882.0,3058.0
2026-02-13 12:04:00-06:00,6882.0,6882.75,6878.75,6879.75,1497.0
2026-02-13 12:05:00-06:00,6879.75,6880.75,6875.5,6878.25,3524.0
2026-02-13 12:06:00-06:00,6878.5,6882.25,6878.0,6879.75,2173.0
2026-02-13 12:07:00-06:00,6880.0,6883.25,6879.25,6880.25,1787.0
2026-02-13 12:08:00-06:00,6880.25,6884.0,6880.0,6883.0,1758.0
2026-02-13 12:09:00-06:00,6883.0,6884.75,6882.0,6882.0,1540.0
2026-02-13 12:10:00-06:00,6882.25,6887.5,6882.0,6887.25,2718.0
2026-02-13 12:11:00-06:00,6887.25,6889.5,6886.0,6889.5,2167.0
2026-02-13 12:12:00-06:00,6889.5,6889.75,6886.5,6887.5,1681.0
2026-02-13 12:13:00-06:00,6887.75,6888.5,6884.75,6887.75,1764.0
2026-02-13 12:14:00-06:00,6888.0,6889.0,6887.0,6887.75,1071.0
2026-02-13 12:15:00-06:00,6887.5,6890.25,6884.5,6890.0,1999.0
2026-02-13 12:16:00-06:00,6890.25,6892.0,6887.75,6892.0,1700.0
2026-02-13 12:17:00-06:00,6892.0,6892.5,6890.25,6891.75,1425.0
2026-02-13 12:18:00-06:00,6891.5,6893.25,6891.0,6892.5,1271.0
2026-02-13 12:19:00-06:00,6892.25,6892.75,6885.5,6888.5,2483.0
2026-02-13 12:20:00-06:00,6888.5,6892.75,6888.25,6891.75,1173.0
2026-02-13 12:21:00-06:00,6891.5,6892.5,6889.5,6892.25,1258.0
2026-02-13 12:22:00-06:00,6892.25,6895.75,6891.25,6895.25,1578.0
2026-02-13 12:23:00-06:00,6895.5,6897.75,6895.25,6897.0,1835.0
2026-02-13 12:24:00-06:00,6897.25,6897.25,6893.25,6894.25,1576.0
2026-02-13 12:25:00-06:00,6894.5,6894.5,6889.25,6890.0,1773.0
2026-02-13 12:26:00-06:00,6890.0,6890.25,6887.0,6889.75,1757.0
2026-02-13 12:27:00-06:00,6889.75,6890.25,6888.5,6889.25,990.0
2026-02-13 12:28:00-06:00,6889.25,6894.0,6889.25,6894.0,1435.0
2026-02-13 12:29:00-06:00,6894.0,6896.75,6884.5,6888.75,6652.0
2026-02-13 12:30:00-06:00,6889.0,6890.5,6886.25,6888.75,2282.0
2026-02-13 12:31:00-06:00,6888.75,6892.25,6888.5,6892.0,1392.0
2026-02-13 12:32:00-06:00,6892.0,6892.0,6889.5,6891.0,750.0
2026-02-13 12:33:00-06:00,6891.0,6893.5,6890.5,6893.5,903.0
2026-02-13 12:34:00-06:00,6893.5,6894.0,6892.5,6893.0,1036.0
2026-02-13 12:35:00-06:00,6893.25,6894.5,6891.75,6894.25,1011.0
2026-02-13 12:36:00-06:00,6894.5,6896.0,6893.0,6894.25,1085.0
2026-02-13 12:37:00-06:00,6894.25,6894.25,6890.0,6891.25,1249.0
2026-02-13 12:38:00-06:00,6891.0,6892.25,6888.0,6892.25,1426.0
2026-02-13 12:39:00-06:00,6892.25,6893.75,6891.5,6892.75,1007.0
2026-02-13 12:40:00-06:00,6893.0,6893.5,6888.75,6889.75,1191.0
2026-02-13 12:41:00-06:00,6889.25,6889.75,6887.0,6887.0,1656.0
2026-02-13 12:42:00-06:00,6887.0,6887.5,6883.5,6885.0,2215.0
2026-02-13 12:43:00-06:00,6884.75,6886.5,6884.0,6886.25,1490.0
2026-02-13 12:44:00-06:00,6886.5,6886.5,6883.75,6885.0,1192.0
2026-02-13 12:45:00-06:00,6885.0,6888.75,6884.75,6887.75,1456.0
2026-02-13 12:46:00-06:00,6887.75,6891.75,6886.75,6891.0,1754.0
2026-02-13 12:47:00-06:00,6891.0,6891.25,6889.25,6891.0,1044.0
2026-02-13 12:48:00-06:00,6890.5,6892.0,6889.5,6890.0,1111.0
2026-02-13 12:49:00-06:00,6890.0,6890.25,6886.25,6886.75,1252.0
2026-02-13 12:50:00-06:00,6886.75,6887.0,6883.25,6883.75,1616.0
2026-02-13 12:51:00-06:00,6884.0,6884.75,6882.25,6882.75,1866.0
2026-02-13 12:52:00-06:00,6882.5,6884.0,6878.75,6879.0,2479.0
2026-02-13 12:53:00-06:00,6879.25,6885.0,6879.25,6884.75,2042.0
2026-02-13 12:54:00-06:00,6884.75,6885.25,6883.0,6883.75,1261.0
2026-02-13 12:55:00-06:00,6883.5,6885.0,6882.0,6884.5,1504.0
2026-02-13 12:56:00-06:00,6885.0,6885.25,6882.5,6883.0,1132.0
2026-02-13 12:57:00-06:00,6883.0,6884.75,6881.75,6882.0,1196.0
2026-02-13 12:58:00-06:00,6882.0,6882.25,6878.25,6879.0,1756.0
2026-02-13 12:59:00-06:00,6878.75,6882.5,6878.75,6881.5,2071.0
2026-02-13 13:00:00-06:00,6881.75,6882.75,6879.25,6882.25,1697.0
2026-02-13 13:01:00-06:00,6882.25,6884.75,6880.5,6883.5,1541.0
2026-02-13 13:02:00-06:00,6883.5,6885.25,6880.0,6881.0,1712.0
2026-02-13 13:03:00-06:00,6880.75,6883.5,6879.0,6882.0,1504.0
2026-02-13 13:04:00-06:00,6881.75,6882.75,6879.5,6879.75,996.0
2026-02-13 13:05:00-06:00,6880.0,6883.75,6879.5,6883.75,1242.0
2026-02-13 13:06:00-06:00,6883.5,6884.75,6881.75,6883.25,1008.0
2026-02-13 13:07:00-06:00,6883.5,6885.25,6882.75,6883.25,1190.0
2026-02-13 13:08:00-06:00,6883.0,6883.25,6881.0,6883.25,1124.0
2026-02-13 13:09:00-06:00,6883.5,6886.75,6883.5,6885.5,1537.0
2026-02-13 13:10:00-06:00,6885.5,6887.75,6884.5,6885.5,1721.0
2026-02-13 13:11:00-06:00,6885.5,6886.25,6882.75,6884.75,1174.0
2026-02-13 13:12:00-06:00,6884.75,6888.5,6884.75,6887.75,1292.0
2026-02-13 13:13:00-06:00,6887.5,6887.75,6881.25,6883.75,1752.0
2026-02-13 13:14:00-06:00,6883.75,6885.25,6883.25,6884.75,664.0
2026-02-13 13:15:00-06:00,6884.75,6885.25,6882.0,6882.5,994.0
2026-02-13 13:16:00-06:00,6882.5,6884.5,6881.75,6883.75,1287.0
2026-02-13 13:17:00-06:00,6883.5,6883.75,6880.25,6883.0,1549.0
2026-02-13 13:18:00-06:00,6883.25,6886.0,6881.75,6883.75,1512.0
2026-02-13 13:19:00-06:00,6883.75,6885.25,6882.5,6885.0,681.0
2026-02-13 13:20:00-06:00,6885.0,6886.25,6882.75,6885.5,1150.0
2026-02-13 13:21:00-06:00,6885.75,6887.0,6884.25,6884.5,1560.0
2026-02-13 13:22:00-06:00,6885.25,6886.75,6883.75,6886.0,739.0
2026-02-13 13:23:00-06:00,6886.25,6888.25,6886.0,6886.5,1349.0
2026-02-13 13:24:00-06:00,6886.75,6888.5,6886.5,6887.25,1003.0
2026-02-13 13:25:00-06:00,6887.5,6888.25,6886.0,6887.75,859.0
2026-02-13 13:26:00-06:00,6887.5,6887.5,6881.5,6881.5,1483.0
2026-02-13 13:27:00-06:00,6881.75,6883.0,6878.5,6880.5,2264.0
2026-02-13 13:28:00-06:00,6880.25,6881.75,6879.5,6879.75,1342.0
2026-02-13 13:29:00-06:00,6879.75,6880.25,6875.75,6878.25,3005.0
2026-02-13 13:30:00-06:00,6878.25,6884.25,6877.25,6882.75,4297.0
2026-02-13 13:31:00-06:00,6882.75,6883.0,6880.0,6881.0,1415.0
2026-02-13 13:32:00-06:00,6881.0,6883.0,6880.25,6882.0,902.0
2026-02-13 13:33:00-06:00,6882.0,6883.25,6881.25,6882.0,750.0
2026-02-13 13:34:00-06:00,6882.25,6882.5,6879.75,6881.75,1065.0
2026-02-13 13:35:00-06:00,6881.75,6882.75,6880.25,6880.5,1090.0
2026-02-13 13:36:00-06:00,6880.75,6882.75,6879.0,6880.0,940.0
2026-02-13 13:37:00-06:00,6880.0,6881.25,6878.75,6880.25,901.0
2026-02-13 13:38:00-06:00,6880.0,6880.75,6876.5,6876.75,1143.0
2026-02-13 13:39:00-06:00,6876.5,6877.0,6872.75,6875.75,3483.0
2026-02-13 13:40:00-06:00,6875.5,6877.75,6873.75,6876.0,1811.0
2026-02-13 13:41:00-06:00,6875.75,6876.0,6867.5,6869.0,3563.0
2026-02-13 13:42:00-06:00,6868.75,6872.0,6867.75,6871.25,3202.0
2026-02-13 13:43:00-06:00,6871.5,6871.75,6868.0,6868.5,1607.0
2026-02-13 13:44:00-06:00,6868.75,6872.0,6868.25,6871.25,1672.0
2026-02-13 13:45:00-06:00,6871.5,6877.25,6869.25,6877.25,3030.0
2026-02-13 13:46:00-06:00,6877.25,6877.5,6875.25,6875.5,1608.0
2026-02-13 13:47:00-06:00,6875.5,6876.25,6872.5,6872.75,1515.0
2026-02-13 13:48:00-06:00,6872.5,6874.0,6871.0,6871.25,1274.0
2026-02-13 13:49:00-06:00,6871.25,6874.0,6871.25,6872.75,918.0
2026-02-13 13:50:00-06:00,6873.0,6874.5,6870.5,6872.25,1530.0
2026-02-13 13:51:00-06:00,6872.25,6872.75,6868.75,6869.25,1506.0
2026-02-13 13:52:00-06:00,6869.0,6870.0,6866.75,6869.5,2465.0
2026-02-13 13:53:00-06:00,6869.25,6869.25,6866.0,6866.25,1691.0
2026-02-13 13:54:00-06:00,6866.25,6868.25,6865.75,6867.5,1747.0
2026-02-13 13:55:00-06:00,6867.5,6869.75,6866.75,6868.75,2118.0
2026-02-13 13:56:00-06:00,6868.5,6870.5,6866.75,6866.75,1105.0
2026-02-13 13:57:00-06:00,6866.75,6868.5,6865.0,6865.5,1554.0
2026-02-13 13:58:00-06:00,6865.5,6866.5,6858.75,6860.25,4895.0
2026-02-13 13:59:00-06:00,6860.0,6860.5,6857.5,6858.5,3276.0
2026-02-13 14:00:00-06:00,6858.75,6863.0,6858.5,6862.25,3435.0
2026-02-13 14:01:00-06:00,6862.25,6866.5,6861.25,6866.0,2890.0
2026-02-13 14:02:00-06:00,6865.5,6867.25,6863.5,6864.75,2481.0
2026-02-13 14:03:00-06:00,6864.5,6865.0,6862.5,6864.5,1457.0
2026-02-13 14:04:00-06:00,6864.75,6867.75,6864.75,6866.0,1555.0
2026-02-13 14:05:00-06:00,6866.0,6867.5,6865.25,6867.0,961.0
2026-02-13 14:06:00-06:00,6867.0,6867.5,6864.25,6867.0,1285.0
2026-02-13 14:07:00-06:00,6867.25,6867.5,6865.5,6866.0,934.0
2026-02-13 14:08:00-06:00,6866.0,6866.5,6861.25,6862.25,1785.0
2026-02-13 14:09:00-06:00,6862.25,6866.5,6861.75,6866.0,1711.0
2026-02-13 14:10:00-06:00,6866.25,6866.25,6862.75,6864.25,1420.0
2026-02-13 14:11:00-06:00,6864.0,6865.75,6862.25,6865.0,903.0
2026-02-13 14:12:00-06:00,6865.25,6865.5,6860.5,6860.5,1611.0
2026-02-13 14:13:00-06:00,6860.75,6861.0,6857.75,6858.5,1876.0
2026-02-13 14:14:00-06:00,6858.75,6858.75,6855.75,6856.0,2451.0
2026-02-13 14:15:00-06:00,6856.0,6859.75,6855.25,6856.25,3011.0
2026-02-13 14:16:00-06:00,6856.0,6858.75,6855.75,6857.0,1216.0
2026-02-13 14:17:00-06:00,6856.75,6857.25,6853.75,6855.0,2197.0
2026-02-13 14:18:00-06:00,6855.25,6857.0,6853.25,6856.0,2060.0
2026-02-13 14:19:00-06:00,6856.0,6861.5,6854.5,6860.75,2539.0
2026-02-13 14:20:00-06:00,6860.5,6861.0,6856.25,6858.0,2313.0
2026-02-13 14:21:00-06:00,6858.0,6859.25,6855.75,6857.75,1444.0
2026-02-13 14:22:00-06:00,6857.75,6858.75,6855.0,6855.75,1149.0
2026-02-13 14:23:00-06:00,6855.75,6856.0,6853.0,6855.0,1837.0
2026-02-13 14:24:00-06:00,6854.75,6856.0,6851.5,6851.5,1752.0
2026-02-13 14:25:00-06:00,6851.75,6853.25,6846.5,6847.0,4046.0
2026-02-13 14:26:00-06:00,6847.25,6848.5,6845.25,6846.75,3355.0
2026-02-13 14:27:00-06:00,6846.75,6848.0,6840.25,6843.0,3579.0
2026-02-13 14:28:00-06:00,6842.75,6843.5,6838.5,6838.75,3292.0
2026-02-13 14:29:00-06:00,6838.5,6842.0,6838.25,6841.0,3176.0
2026-02-13 14:30:00-06:00,6841.0,6843.75,6838.5,6841.5,4341.0
2026-02-13 14:31:00-06:00,6841.25,6846.75,6839.5,6844.0,3390.0
2026-02-13 14:32:00-06:00,6844.0,6847.25,6841.25,6841.25,3396.0
2026-02-13 14:33:00-06:00,6841.75,6844.25,6839.5,6839.5,2736.0
2026-02-13 14:34:00-06:00,6839.75,6841.5,6836.5,6837.25,3192.0
2026-02-13 14:35:00-06:00,6837.0,6840.25,6836.0,6839.0,3076.0
2026-02-13 14:36:00-06:00,6839.25,6840.0,6836.0,6838.5,2621.0
2026-02-13 14:37:00-06:00,6838.5,6838.5,6834.75,6835.75,2278.0
2026-02-13 14:38:00-06:00,6835.75,6840.25,6834.75,6840.0,2479.0
2026-02-13 14:39:00-06:00,6840.0,6841.75,6837.5,6838.5,2542.0
2026-02-13 14:40:00-06:00,6838.5,6843.25,6837.75,6841.75,2637.0
2026-02-13 14:41:00-06:00,6841.5,6842.0,6837.25,6839.0,2225.0
2026-02-13 14:42:00-06:00,6839.0,6839.25,6833.75,6833.75,2915.0
2026-02-13 14:43:00-06:00,6833.75,6834.75,6832.75,6834.5,2296.0
2026-02-13 14:44:00-06:00,6834.25,6839.0,6834.0,6836.5,2675.0
2026-02-13 14:45:00-06:00,6836.5,6840.25,6835.75,6837.5,2573.0
2026-02-13 14:46:00-06:00,6837.5,6841.0,6836.75,6839.25,2327.0
2026-02-13 14:47:00-06:00,6839.5,6841.75,6839.0,6840.25,2675.0
2026-02-13 14:48:00-06:00,6840.25,6843.75,6839.25,6843.75,2622.0
2026-02-13 14:49:00-06:00,6843.5,6848.75,6842.75,6846.75,4161.0
2026-02-13 14:50:00-06:00,6847.0,6848.5,6841.75,6842.0,5416.0
2026-02-13 14:51:00-06:00,6842.25,6845.5,6839.75,6839.75,3316.0
2026-02-13 14:52:00-06:00,6839.75,6841.25,6838.25,6838.25,2931.0
2026-02-13 14:53:00-06:00,6838.5,6846.0,6838.25,6844.0,3401.0
2026-02-13 14:54:00-06:00,6844.0,6851.0,6843.5,6849.0,5378.0
2026-02-13 14:55:00-06:00,6849.0,6850.0,6842.75,6846.5,4991.0
2026-02-13 14:56:00-06:00,6846.75,6846.75,6844.0,6845.25,2020.0
2026-02-13 14:57:00-06:00,6845.5,6848.5,6844.5,6847.5,2511.0
2026-02-13 14:58:00-06:00,6847.25,6849.75,6845.75,6849.5,2454.0
2026-02-13 14:59:00-06:00,6849.75,6852.75,6848.5,6850.25,11686.0
2026-02-13 15:00:00-06:00,6850.25,6856.75,6849.75,6853.75,5624.0
2026-02-13 15:01:00-06:00,6853.5,6854.25,6850.25,6850.75,1432.0
2026-02-13 15:02:00-06:00,6851.25,6852.0,6850.25,6851.5,759.0
2026-02-13 15:03:00-06:00,6851.75,6852.5,6849.25,6849.5,814.0
2026-02-13 15:04:00-06:00,6849.5,6849.75,6847.5,6848.5,923.0
2026-02-13 15:05:00-06:00,6848.5,6849.5,6847.25,6848.25,687.0
2026-02-13 15:06:00-06:00,6848.5,6849.25,6846.75,6848.5,557.0
2026-02-13 15:07:00-06:00,6848.0,6848.5,6846.0,6846.75,532.0
2026-02-13 15:08:00-06:00,6846.75,6847.5,6845.5,6845.75,408.0
2026-02-13 15:09:00-06:00,6845.75,6847.5,6845.5,6847.25,386.0
2026-02-13 15:10:00-06:00,6847.25,6847.75,6846.0,6847.5,472.0
2026-02-13 15:11:00-06:00,6847.5,6848.5,6847.0,6848.25,249.0
2026-02-13 15:12:00-06:00,6848.0,6850.5,6848.0,6850.0,596.0
2026-02-13 15:13:00-06:00,6850.25,6852.0,6849.5,6851.25,763.0
2026-02-13 15:14:00-06:00,6851.25,6852.75,6851.0,6852.75,904.0
2026-02-13 15:15:00-06:00,6852.75,6853.25,6850.25,6850.5,585.0
2026-02-13 15:16:00-06:00,6850.5,6852.25,6850.25,6852.25,332.0
2026-02-13 15:17:00-06:00,6852.0,6852.5,6851.75,6852.5,207.0
2026-02-13 15:18:00-06:00,6852.5,6852.5,6850.0,6850.5,267.0
2026-02-13 15:19:00-06:00,6850.75,6851.25,6850.25,6850.5,115.0
2026-02-13 15:20:00-06:00,6850.25,6850.25,6847.25,6847.75,445.0
2026-02-13 15:21:00-06:00,6847.5,6847.5,6846.5,6847.0,237.0
2026-02-13 15:22:00-06:00,6847.25,6848.0,6846.75,6846.75,222.0
2026-02-13 15:23:00-06:00,6847.0,6847.25,6846.25,6846.5,318.0
2026-02-13 15:24:00-06:00,6846.5,6847.0,6845.75,6846.25,270.0
2026-02-13 15:25:00-06:00,6846.25,6847.5,6846.0,6846.25,256.0
2026-02-13 15:26:00-06:00,6846.25,6847.25,6845.75,6847.25,381.0
2026-02-13 15:27:00-06:00,6847.0,6847.75,6846.5,6847.75,106.0
2026-02-13 15:28:00-06:00,6848.0,6848.5,6847.5,6848.0,312.0
2026-02-13 15:29:00-06:00,6848.25,6849.25,6848.0,6848.0,192.0
2026-02-13 15:30:00-06:00,6848.5,6849.25,6848.25,6848.75,160.0
2026-02-13 15:31:00-06:00,6849.0,6849.25,6848.75,6849.25,71.0
2026-02-13 15:32:00-06:00,6849.25,6849.75,6848.75,6848.75,157.0
2026-02-13 15:33:00-06:00,6849.0,6849.0,6848.25,6848.25,95.0
2026-02-13 15:34:00-06:00,6848.25,6848.5,6847.0,6848.0,260.0
2026-02-13 15:35:00-06:00,6848.0,6848.0,6847.25,6847.5,85.0
2026-02-13 15:36:00-06:00,6847.5,6848.25,6847.5,6848.0,83.0
2026-02-13 15:37:00-06:00,6848.25,6850.0,6848.0,6849.25,254.0
2026-02-13 15:38:00-06:00,6849.5,6849.75,6848.25,6848.5,210.0
2026-02-13 15:39:00-06:00,6848.5,6849.0,6848.0,6848.75,142.0
2026-02-13 15:40:00-06:00,6848.75,6848.75,6848.0,6848.25,122.0
2026-02-13 15:41:00-06:00,6848.5,6848.75,6848.25,6848.5,68.0
2026-02-13 15:42:00-06:00,6848.25,6848.75,6847.5,6847.5,126.0
2026-02-13 15:43:00-06:00,6847.75,6848.25,6847.25,6848.0,214.0
2026-02-13 15:44:00-06:00,6848.0,6848.0,6847.0,6847.5,135.0
2026-02-13 15:45:00-06:00,6847.5,6848.5,6847.5,6848.25,194.0
2026-02-13 15:46:00-06:00,6848.25,6848.25,6847.25,6847.25,157.0
2026-02-13 15:47:00-06:00,6847.25,6847.5,6846.5,6847.0,118.0
2026-02-13 15:48:00-06:00,6846.75,6847.0,6846.5,6846.75,86.0
2026-02-13 15:49:00-06:00,6846.5,6846.75,6846.0,6846.5,84.0
2026-02-13 15:50:00-06:00,6846.75,6847.25,6846.25,6846.5,184.0
2026-02-13 15:51:00-06:00,6846.5,6847.0,6846.25,6846.5,95.0
2026-02-13 15:52:00-06:00,6846.5,6846.75,6846.25,6846.5,66.0
2026-02-13 15:53:00-06:00,6846.25,6846.5,6845.5,6846.0,266.0
2026-02-13 15:54:00-06:00,6846.25,6847.75,6846.0,6847.25,165.0
2026-02-13 15:55:00-06:00,6847.5,6847.5,6846.0,6846.5,252.0
2026-02-13 15:56:00-06:00,6846.5,6848.75,6846.5,6848.0,239.0
2026-02-13 15:57:00-06:00,6848.0,6851.0,6847.5,6850.75,421.0
2026-02-13 15:58:00-06:00,6850.75,6851.0,6849.0,6849.25,210.0
2026-02-13 15:59:00-06:00,6849.25,6849.75,6845.25,6845.75,673.0
