date,open,high,low,close,volume
2026-01-26 08:30:00-06:00,6958.0,6959.75,6952.0,6955.25,7476.0
2026-01-26 08:31:00-06:00,6955.25,6965.25,6955.25,6964.0,6542.0
2026-01-26 08:32:00-06:00,6964.0,6965.0,6961.0,6961.75,4412.0
2026-01-26 08:33:00-06:00,6961.5,6966.0,6960.25,6964.25,4608.0
2026-01-26 08:34:00-06:00,6964.0,6966.75,6963.75,6966.25,3237.0
2026-01-26 08:35:00-06:00,6966.0,6970.5,6966.0,6970.5,6305.0
2026-01-26 08:36:00-06:00,6970.5,6972.5,6968.5,6971.5,4684.0
2026-01-26 08:37:00-06:00,6971.75,6972.75,6969.25,6972.0,3777.0
2026-01-26 08:38:00-06:00,6971.75,6973.25,6970.25,6971.25,3475.0
2026-01-26 08:39:00-06:00,6971.25,6971.5,6969.0,6970.5,3654.0
2026-01-26 08:40:00-06:00,6970.5,6972.5,6968.0,6972.0,5283.0
2026-01-26 08:41:00-06:00,6972.25,6976.0,6971.75,6974.5,7102.0
2026-01-26 08:42:00-06:00,6974.75,6974.75,6968.75,6972.75,6381.0
2026-01-26 08:43:00-06:00,6973.0,6975.0,6972.75,6974.5,1915.0
2026-01-26 08:44:00-06:00,6974.5,6976.5,6974.0,6975.5,2520.0
2026-01-26 08:45:00-06:00,6975.75,6978.0,6975.0,6977.25,3647.0
2026-01-26 08:46:00-06:00,6977.0,6979.25,6976.75,6978.5,3017.0
2026-01-26 08:47:00-06:00,6978.5,6978.75,6975.0,6977.5,2822.0
2026-01-26 08:48:00-06:00,6977.25,6978.0,6975.75,6977.5,2001.0
2026-01-26 08:49:00-06:00,6977.75,6978.5,6975.0,6975.5,2469.0
2026-01-26 08:50:00-06:00,6975.75,6976.75,6974.75,6975.25,2499.0
2026-01-26 08:51:00-06:00,6975.5,6977.5,6974.0,6977.25,2457.0
2026-01-26 08:52:00-06:00,6977.25,6979.75,6976.75,6979.25,2518.0
2026-01-26 08:53:00-06:00,6979.5,6980.0,6976.5,6979.5,3226.0
2026-01-26 08:54:00-06:00,6979.75,6980.0,6977.0,6977.25,2099.0
2026-01-26 08:55:00-06:00,6977.5,6978.75,6976.75,6977.0,1453.0
2026-01-26 08:56:00-06:00,6977.0,6979.0,6976.5,6978.25,1075.0
2026-01-26 08:57:00-06:00,6978.5,6980.0,6977.75,6979.5,1143.0
2026-01-26 08:58:00-06:00,6979.5,6980.0,6977.0,6978.0,2393.0
2026-01-26 08:59:00-06:00,6977.75,6978.75,6975.75,6976.25,2335.0
2026-01-26 09:00:00-06:00,6976.25,6977.0,6975.0,6975.5,3456.0
2026-01-26 09:01:00-06:00,6975.5,6976.75,6973.5,6973.75,3431.0
2026-01-26 09:02:00-06:00,6973.75,6977.75,6973.75,6977.0,2767.0
2026-01-26 09:03:00-06:00,6977.25,6977.25,6974.5,6974.75,1790.0
2026-01-26 09:04:00-06:00,6974.75,6977.0,6974.25,6975.75,1280.0
2026-01-26 09:05:00-06:00,6975.75,6976.75,6975.0,6975.5,1425.0
2026-01-26 09:06:00-06:00,6975.5,6977.5,6975.25,6975.75,1403.0
2026-01-26 09:07:00-06:00,6975.75,6976.5,6974.75,6975.5,1224.0
2026-01-26 09:08:00-06:00,6975.5,6976.75,6975.25,6976.25,891.0
2026-01-26 09:09:00-06:00,6976.0,6976.0,6972.75,6973.0,2488.0
2026-01-26 09:10:00-06:00,6973.25,6974.75,6971.0,6973.75,4316.0
2026-01-26 09:11:00-06:00,6973.75,6975.75,6972.5,6974.0,2624.0
2026-01-26 09:12:00-06:00,6974.25,6975.25,6972.5,6975.0,1831.0
2026-01-26 09:13:00-06:00,6975.0,6979.75,6975.0,6978.5,4616.0
2026-01-26 09:14:00-06:00,6978.5,6982.0,6978.0,6979.5,4215.0
2026-01-26 09:15:00-06:00,6979.75,6980.5,6978.75,6979.25,2690.0
2026-01-26 09:16:00-06:00,6979.25,6981.25,6978.5,6980.75,2296.0
2026-01-26 09:17:00-06:00,6981.0,6982.75,6980.0,6982.25,3727.0
2026-01-26 09:18:00-06:00,6982.25,6983.25,6981.5,6981.75,3055.0
2026-01-26 09:19:00-06:00,6981.5,6985.25,6980.75,6984.75,3577.0
2026-01-26 09:20:00-06:00,6984.5,6986.75,6984.5,6985.75,4589.0
2026-01-26 09:21:00-06:00,6985.75,6988.0,6985.25,6987.0,2913.0
2026-01-26 09:22:00-06:00,6987.25,6987.25,6985.25,6987.0,2202.0
2026-01-26 09:23:00-06:00,6987.0,6988.0,6986.5,6987.75,2016.0
2026-01-26 09:24:00-06:00,6987.75,6987.75,6986.25,6987.5,1905.0
2026-01-26 09:25:00-06:00,6987.5,6987.5,6984.5,6985.25,2856.0
2026-01-26 09:26:00-06:00,6985.25,6985.25,6982.75,6983.25,3895.0
2026-01-26 09:27:00-06:00,6983.0,6983.5,6980.75,6982.5,3546.0
2026-01-26 09:28:00-06:00,6982.5,6983.5,6979.0,6979.25,3916.0
2026-01-26 09:29:00-06:00,6979.25,6980.5,6978.75,6979.0,2511.0
2026-01-26 09:30:00-06:00,6979.0,6980.25,6977.75,6979.25,3490.0
2026-01-26 09:31:00-06:00,6979.5,6979.75,6977.25,6978.25,2239.0
2026-01-26 09:32:00-06:00,6978.0,6981.25,6978.0,6981.25,3300.0
2026-01-26 09:33:00-06:00,6981.25,6984.5,6981.0,6982.0,4593.0
2026-01-26 09:34:00-06:00,6982.25,6983.5,6981.75,6982.25,1399.0
2026-01-26 09:35:00-06:00,6982.0,6982.25,6980.0,6981.75,2496.0
2026-01-26 09:36:00-06:00,6981.75,6984.0,6981.75,6983.25,1647.0
2026-01-26 09:37:00-06:00,6983.25,6983.5,6982.25,6982.25,782.0
2026-01-26 09:38:00-06:00,6982.25,6983.5,6981.5,6982.5,1124.0
2026-01-26 09:39:00-06:00,6982.75,6983.25,6980.75,6981.5,1432.0
2026-01-26 09:40:00-06:00,6981.5,6981.75,6979.5,6980.0,2013.0
2026-01-26 09:41:00-06:00,6980.0,6981.0,6978.25,6979.25,2672.0
2026-01-26 09:42:00-06:00,6979.25,6980.25,6977.0,6979.25,3589.0
2026-01-26 09:43:00-06:00,6979.25,6980.0,6976.0,6976.5,2654.0
2026-01-26 09:44:00-06:00,6976.5,6977.5,6976.0,6976.75,2059.0
2026-01-26 09:45:00-06:00,6976.75,6981.0,6976.75,6980.0,3005.0
2026-01-26 09:46:00-06:00,6980.0,6983.25,6979.75,6982.75,2400.0
2026-01-26 09:47:00-06:00,6982.75,6983.75,6981.5,6983.25,1879.0
2026-01-26 09:48:00-06:00,6983.0,6984.75,6982.25,6983.5,2187.0
2026-01-26 09:49:00-06:00,6983.5,6983.75,6981.75,6983.25,1727.0
2026-01-26 09:50:00-06:00,6983.25,6984.5,6983.0,6983.0,1313.0
2026-01-26 09:51:00-06:00,6983.25,6985.25,6982.5,6984.25,1803.0
2026-01-26 09:52:00-06:00,6984.25,6986.75,6983.0,6986.0,2646.0
2026-01-26 09:53:00-06:00,6986.25,6987.25,6986.0,6986.25,1725.0
2026-01-26 09:54:00-06:00,6986.25,6986.75,6985.0,6985.5,1569.0
2026-01-26 09:55:00-06:00,6985.25,6987.0,6985.0,6986.0,1532.0
2026-01-26 09:56:00-06:00,6986.0,6986.0,6985.25,6985.5,697.0
2026-01-26 09:57:00-06:00,6985.5,6985.5,6983.75,6984.5,1830.0
2026-01-26 09:58:00-06:00,6984.5,6985.0,6983.5,6984.0,1205.0
2026-01-26 09:59:00-06:00,6984.25,6984.75,6982.5,6983.75,1641.0
2026-01-26 10:00:00-06:00,6983.5,6984.5,6981.0,6983.25,4914.0
2026-01-26 10:01:00-06:00,6983.25,6984.0,6981.75,6983.25,1688.0
2026-01-26 10:02:00-06:00,6983.25,6984.5,6982.75,6984.0,1066.0
2026-01-26 10:03:00-06:00,6984.0,6984.5,6982.5,6982.5,807.0
2026-01-26 10:04:00-06:00,6982.5,6983.25,6981.75,6983.0,1421.0
2026-01-26 10:05:00-06:00,6983.0,6983.75,6981.25,6981.5,1594.0
2026-01-26 10:06:00-06:00,6981.75,6982.0,6980.25,6981.75,1791.0
2026-01-26 10:07:00-06:00,6981.75,6982.0,6980.0,6980.75,1340.0
2026-01-26 10:08:00-06:00,6980.75,6983.0,6980.25,6982.75,1957.0
2026-01-26 10:09:00-06:00,6982.75,6983.5,6982.0,6982.25,847.0
2026-01-26 10:10:00-06:00,6982.0,6983.0,6981.0,6981.25,866.0
2026-01-26 10:11:00-06:00,6981.25,6982.75,6980.0,6982.5,1649.0
2026-01-26 10:12:00-06:00,6982.5,6982.75,6981.5,6982.25,770.0
2026-01-26 10:13:00-06:00,6982.0,6983.25,6981.25,6982.75,969.0
2026-01-26 10:14:00-06:00,6982.75,6983.0,6981.5,6982.0,623.0
2026-01-26 10:15:00-06:00,6981.75,6982.75,6981.0,6981.75,913.0
2026-01-26 10:16:00-06:00,6981.75,6982.25,6980.5,6981.0,1340.0
2026-01-26 10:17:00-06:00,6980.75,6981.0,6979.75,6980.25,1344.0
2026-01-26 10:18:00-06:00,6980.25,6982.75,6979.25,6979.5,2082.0
2026-01-26 10:19:00-06:00,6979.5,6979.5,6977.5,6978.75,2653.0
2026-01-26 10:20:00-06:00,6978.25,6979.0,6976.0,6976.25,2825.0
2026-01-26 10:21:00-06:00,6976.0,6980.75,6975.75,6980.5,3124.0
2026-01-26 10:22:00-06:00,6980.5,6984.0,6979.75,6983.25,3526.0
2026-01-26 10:23:00-06:00,6983.0,6983.5,6982.25,6983.5,1359.0
2026-01-26 10:24:00-06:00,6983.25,6983.75,6982.5,6983.25,1037.0
2026-01-26 10:25:00-06:00,6983.0,6984.75,6982.25,6983.0,2415.0
2026-01-26 10:26:00-06:00,6983.0,6984.0,6982.25,6983.5,990.0
2026-01-26 10:27:00-06:00,6983.5,6985.5,6983.0,6985.25,1758.0
2026-01-26 10:28:00-06:00,6985.25,6986.5,6984.0,6984.75,1952.0
2026-01-26 10:29:00-06:00,6985.0,6985.5,6984.5,6985.0,990.0
2026-01-26 10:30:00-06:00,6985.0,6986.0,6984.25,6984.5,1542.0
2026-01-26 10:31:00-06:00,6984.5,6986.25,6984.0,6985.75,1431.0
2026-01-26 10:32:00-06:00,6986.0,6987.5,6985.25,6985.75,2375.0
2026-01-26 10:33:00-06:00,6985.75,6987.0,6985.0,6985.75,924.0
2026-01-26 10:34:00-06:00,6985.5,6985.5,6983.25,6983.5,1593.0
2026-01-26 10:35:00-06:00,6983.5,6984.75,6982.5,6984.0,2302.0
2026-01-26 10:36:00-06:00,6984.0,6984.5,6983.0,6984.0,800.0
2026-01-26 10:37:00-06:00,6984.25,6986.0,6982.5,6985.5,1970.0
2026-01-26 10:38:00-06:00,6985.5,6986.5,6984.0,6984.5,874.0
2026-01-26 10:39:00-06:00,6984.5,6985.25,6983.75,6983.75,623.0
2026-01-26 10:40:00-06:00,6983.75,6984.75,6983.0,6983.5,642.0
2026-01-26 10:41:00-06:00,6983.75,6985.0,6983.5,6985.0,424.0
2026-01-26 10:42:00-06:00,6985.0,6985.0,6982.5,6983.25,940.0
2026-01-26 10:43:00-06:00,6983.25,6983.5,6982.25,6983.25,1055.0
2026-01-26 10:44:00-06:00,6983.5,6984.0,6982.5,6983.0,693.0
2026-01-26 10:45:00-06:00,6982.75,6983.75,6981.5,6983.5,2101.0
2026-01-26 10:46:00-06:00,6983.5,6985.0,6983.0,6984.5,792.0
2026-01-26 10:47:00-06:00,6984.5,6984.5,6982.5,6983.25,1073.0
2026-01-26 10:48:00-06:00,6983.0,6983.5,6982.25,6983.0,908.0
2026-01-26 10:49:00-06:00,6983.0,6984.0,6982.5,6983.25,607.0
2026-01-26 10:50:00-06:00,6983.25,6984.5,6982.75,6983.75,640.0
2026-01-26 10:51:00-06:00,6984.0,6985.75,6983.25,6984.75,1375.0
2026-01-26 10:52:00-06:00,6984.75,6985.5,6984.25,6985.0,766.0
2026-01-26 10:53:00-06:00,6985.0,6985.75,6984.75,6985.25,541.0
2026-01-26 10:54:00-06:00,6985.0,6985.5,6984.0,6984.75,640.0
2026-01-26 10:55:00-06:00,6985.0,6985.0,6983.75,6984.0,635.0
2026-01-26 10:56:00-06:00,6984.0,6985.75,6983.75,6985.25,557.0
2026-01-26 10:57:00-06:00,6985.5,6985.75,6984.75,6985.75,279.0
2026-01-26 10:58:00-06:00,6985.5,6986.25,6985.0,6985.25,1057.0
2026-01-26 10:59:00-06:00,6985.25,6985.5,6984.0,6984.75,887.0
2026-01-26 11:00:00-06:00,6984.75,6985.25,6984.0,6985.0,637.0
2026-01-26 11:01:00-06:00,6985.0,6987.0,6984.75,6986.75,1418.0
2026-01-26 11:02:00-06:00,6986.75,6987.75,6986.0,6987.25,1284.0
2026-01-26 11:03:00-06:00,6987.5,6989.75,6987.25,6988.25,3517.0
2026-01-26 11:04:00-06:00,6988.25,6990.5,6988.0,6989.5,2933.0
2026-01-26 11:05:00-06:00,6989.5,6989.75,6988.5,6989.5,1350.0
2026-01-26 11:06:00-06:00,6989.5,6990.75,6989.25,6990.25,1242.0
2026-01-26 11:07:00-06:00,6990.5,6990.75,6990.0,6990.25,883.0
2026-01-26 11:08:00-06:00,6990.25,6991.0,6989.75,6989.75,1074.0
2026-01-26 11:09:00-06:00,6989.75,6990.25,6988.25,6988.25,1520.0
2026-01-26 11:10:00-06:00,6988.5,6989.0,6986.75,6987.0,2525.0
2026-01-26 11:11:00-06:00,6986.75,6988.75,6986.75,6988.0,1345.0
2026-01-26 11:12:00-06:00,6987.75,6989.25,6987.25,6988.5,1008.0
2026-01-26 11:13:00-06:00,6988.75,6989.5,6988.0,6989.0,713.0
2026-01-26 11:14:00-06:00,6989.0,6989.5,6988.25,6988.75,629.0
2026-01-26 11:15:00-06:00,6989.0,6989.5,6988.25,6988.25,666.0
2026-01-26 11:16:00-06:00,6988.5,6989.0,6988.25,6988.75,530.0
2026-01-26 11:17:00-06:00,6988.75,6990.5,6988.5,6990.5,940.0
2026-01-26 11:18:00-06:00,6990.5,6990.5,6988.75,6989.0,810.0
2026-01-26 11:19:00-06:00,6989.0,6989.25,6988.5,6988.75,653.0
2026-01-26 11:20:00-06:00,6988.75,6989.5,6988.25,6989.25,550.0
2026-01-26 11:21:00-06:00,6989.25,6989.5,6988.75,6989.25,421.0
2026-01-26 11:22:00-06:00,6989.25,6989.75,6989.0,6989.25,491.0
2026-01-26 11:23:00-06:00,6989.25,6990.5,6989.0,6990.5,723.0
2026-01-26 11:24:00-06:00,6990.25,6990.5,6989.0,6989.25,653.0
2026-01-26 11:25:00-06:00,6989.0,6990.25,6989.0,6990.25,483.0
2026-01-26 11:26:00-06:00,6990.0,6990.25,6989.5,6990.0,523.0
2026-01-26 11:27:00-06:00,6989.75,6990.25,6989.0,6989.25,579.0
2026-01-26 11:28:00-06:00,6989.0,6989.5,6988.75,6989.5,601.0
2026-01-26 11:29:00-06:00,6989.75,6990.25,6988.75,6988.75,634.0
2026-01-26 11:30:00-06:00,6988.75,6989.75,6988.25,6988.5,890.0
2026-01-26 11:31:00-06:00,6988.5,6989.0,6987.75,6988.5,780.0
2026-01-26 11:32:00-06:00,6988.75,6989.25,6988.0,6988.75,839.0
2026-01-26 11:33:00-06:00,6989.0,6989.0,6986.75,6986.75,1203.0
2026-01-26 11:34:00-06:00,6986.5,6988.0,6986.25,6987.75,1273.0
2026-01-26 11:35:00-06:00,6987.75,6988.5,6987.0,6987.0,777.0
2026-01-26 11:36:00-06:00,6987.0,6988.75,6986.75,6988.0,1079.0
2026-01-26 11:37:00-06:00,6988.25,6989.25,6988.0,6988.5,581.0
2026-01-26 11:38:00-06:00,6988.5,6988.75,6987.75,6988.5,819.0
2026-01-26 11:39:00-06:00,6988.5,6989.0,6987.75,6988.0,351.0
2026-01-26 11:40:00-06:00,6988.0,6989.0,6987.0,6988.5,634.0
2026-01-26 11:41:00-06:00,6988.75,6989.0,6987.5,6987.75,312.0
2026-01-26 11:42:00-06:00,6988.0,6989.0,6987.75,6988.5,395.0
2026-01-26 11:43:00-06:00,6988.75,6989.5,6988.25,6989.0,514.0
2026-01-26 11:44:00-06:00,6989.0,6989.75,6988.5,6989.25,737.0
2026-01-26 11:45:00-06:00,6989.5,6989.75,6987.75,6987.75,857.0
2026-01-26 11:46:00-06:00,6988.0,6988.5,6987.0,6988.25,831.0
2026-01-26 11:47:00-06:00,6988.0,6988.75,6986.0,6986.25,915.0
2026-01-26 11:48:00-06:00,6986.25,6986.25,6985.25,6985.25,1620.0
2026-01-26 11:49:00-06:00,6985.25,6986.25,6984.5,6985.5,1334.0
2026-01-26 11:50:00-06:00,6985.75,6985.75,6984.0,6985.75,1702.0
2026-01-26 11:51:00-06:00,6985.75,6987.75,6985.5,6986.5,1538.0
2026-01-26 11:52:00-06:00,6986.5,6987.25,6985.75,6986.0,1016.0
2026-01-26 11:53:00-06:00,6986.0,6986.75,6985.5,6986.0,631.0
2026-01-26 11:54:00-06:00,6986.0,6986.75,6985.5,6986.5,475.0
2026-01-26 11:55:00-06:00,6986.5,6986.75,6984.5,6984.75,852.0
2026-01-26 11:56:00-06:00,6984.75,6987.0,6984.75,6986.5,653.0
2026-01-26 11:57:00-06:00,6986.5,6987.5,6986.0,6987.0,508.0
2026-01-26 11:58:00-06:00,6986.75,6987.5,6986.75,6987.0,425.0
2026-01-26 11:59:00-06:00,6987.0,6987.5,6985.75,6986.0,574.0
2026-01-26 12:00:00-06:00,6986.0,6986.25,6984.25,6984.75,1041.0
2026-01-26 12:01:00-06:00,6985.0,6987.0,6984.75,6986.75,910.0
2026-01-26 12:02:00-06:00,6986.75,6987.5,6986.0,6987.25,549.0
2026-01-26 12:03:00-06:00,6987.0,6987.0,6986.0,6986.25,449.0
2026-01-26 12:04:00-06:00,6986.25,6986.75,6985.5,6985.75,427.0
2026-01-26 12:05:00-06:00,6985.5,6985.75,6984.0,6984.0,1330.0
2026-01-26 12:06:00-06:00,6984.25,6985.25,6983.75,6985.0,1092.0
2026-01-26 12:07:00-06:00,6985.0,6986.0,6984.5,6985.5,591.0
2026-01-26 12:08:00-06:00,6985.5,6985.5,6984.0,6984.25,574.0
2026-01-26 12:09:00-06:00,6984.25,6984.5,6982.75,6983.75,1877.0
2026-01-26 12:10:00-06:00,6983.75,6985.0,6983.25,6984.75,823.0
2026-01-26 12:11:00-06:00,6984.5,6985.25,6983.75,6984.25,562.0
2026-01-26 12:12:00-06:00,6984.0,6985.25,6983.75,6984.5,649.0
2026-01-26 12:13:00-06:00,6984.5,6985.0,6984.0,6984.5,604.0
2026-01-26 12:14:00-06:00,6984.5,6984.75,6983.5,6984.25,450.0
2026-01-26 12:15:00-06:00,6984.0,6984.75,6983.0,6983.75,688.0
2026-01-26 12:16:00-06:00,6983.5,6983.75,6983.0,6983.75,288.0
2026-01-26 12:17:00-06:00,6983.75,6986.0,6983.75,6985.5,1207.0
2026-01-26 12:18:00-06:00,6985.75,6988.25,6985.5,6987.25,2394.0
2026-01-26 12:19:00-06:00,6987.5,6988.5,6987.5,6987.75,1285.0
2026-01-26 12:20:00-06:00,6988.0,6989.25,6987.5,6989.0,1202.0
2026-01-26 12:21:00-06:00,6989.0,6990.0,6988.75,6989.5,1103.0
2026-01-26 12:22:00-06:00,6989.75,6990.0,6988.75,6989.5,979.0
2026-01-26 12:23:00-06:00,6989.5,6990.25,6989.0,6989.75,1017.0
2026-01-26 12:24:00-06:00,6990.0,6991.0,6989.5,6990.25,1269.0
2026-01-26 12:25:00-06:00,6990.5,6991.25,6990.25,6990.75,1143.0
2026-01-26 12:26:00-06:00,6990.75,6991.0,6989.75,6989.75,872.0
2026-01-26 12:27:00-06:00,6989.75,6990.0,6988.75,6989.75,1149.0
2026-01-26 12:28:00-06:00,6989.75,6991.75,6989.75,6991.5,1255.0
2026-01-26 12:29:00-06:00,6991.5,6992.75,6991.25,6991.75,2228.0
2026-01-26 12:30:00-06:00,6991.5,6995.0,6991.25,6994.25,4121.0
2026-01-26 12:31:00-06:00,6994.25,6994.75,6993.5,6994.0,1346.0
2026-01-26 12:32:00-06:00,6994.5,6995.25,6994.0,6994.5,1356.0
2026-01-26 12:33:00-06:00,6994.75,6995.25,6993.5,6994.0,860.0
2026-01-26 12:34:00-06:00,6994.0,6994.5,6993.75,6994.25,956.0
2026-01-26 12:35:00-06:00,6994.25,6994.5,6992.75,6993.0,895.0
2026-01-26 12:36:00-06:00,6993.0,6993.5,6991.75,6992.0,1469.0
2026-01-26 12:37:00-06:00,6992.0,6993.0,6991.5,6992.5,807.0
2026-01-26 12:38:00-06:00,6992.5,6993.25,6992.25,6992.5,877.0
2026-01-26 12:39:00-06:00,6992.75,6993.0,6990.5,6990.75,1997.0
2026-01-26 12:40:00-06:00,6990.75,6991.25,6989.5,6989.5,2078.0
2026-01-26 12:41:00-06:00,6989.5,6991.0,6989.0,6991.0,1654.0
2026-01-26 12:42:00-06:00,6991.0,6991.0,6989.25,6989.25,789.0
2026-01-26 12:43:00-06:00,6989.5,6990.5,6989.5,6989.5,621.0
2026-01-26 12:44:00-06:00,6989.75,6989.75,6988.5,6989.0,971.0
2026-01-26 12:45:00-06:00,6989.0,6989.25,6987.5,6988.25,1586.0
2026-01-26 12:46:00-06:00,6988.25,6989.25,6987.75,6988.25,759.0
2026-01-26 12:47:00-06:00,6988.25,6988.5,6987.0,6988.0,972.0
2026-01-26 12:48:00-06:00,6988.25,6988.25,6987.5,6987.5,506.0
2026-01-26 12:49:00-06:00,6987.5,6989.25,6987.25,6989.0,1137.0
2026-01-26 12:50:00-06:00,6989.0,6990.75,6988.25,6990.25,1688.0
2026-01-26 12:51:00-06:00,6990.25,6990.25,6988.75,6989.0,697.0
2026-01-26 12:52:00-06:00,6988.75,6990.25,6988.75,6989.5,415.0
2026-01-26 12:53:00-06:00,6989.5,6990.5,6989.25,6990.25,295.0
2026-01-26 12:54:00-06:00,6990.5,6990.75,6990.0,6990.5,405.0
2026-01-26 12:55:00-06:00,6990.5,6990.75,6989.0,6989.5,696.0
2026-01-26 12:56:00-06:00,6989.5,6989.75,6988.25,6988.5,756.0
2026-01-26 12:57:00-06:00,6988.75,6989.25,6988.5,6989.0,289.0
2026-01-26 12:58:00-06:00,6989.0,6989.75,6988.75,6989.75,492.0
2026-01-26 12:59:00-06:00,6989.5,6990.25,6989.5,6989.5,369.0
2026-01-26 13:00:00-06:00,6989.5,6990.25,6988.25,6988.5,979.0
2026-01-26 13:01:00-06:00,6988.75,6991.0,6988.5,6989.75,1488.0
2026-01-26 13:02:00-06:00,6990.0,6990.0,6988.75,6989.5,698.0
2026-01-26 13:03:00-06:00,6989.75,6990.25,6988.75,6989.5,695.0
2026-01-26 13:04:00-06:00,6989.25,6989.75,6988.75,6989.75,593.0
2026-01-26 13:05:00-06:00,6989.5,6990.0,6988.5,6989.75,437.0
2026-01-26 13:06:00-06:00,6989.5,6990.75,6989.5,6990.5,428.0
2026-01-26 13:07:00-06:00,6990.25,6992.0,6990.0,6991.5,1105.0
2026-01-26 13:08:00-06:00,6991.5,6992.25,6991.25,6991.25,796.0
2026-01-26 13:09:00-06:00,6991.25,6991.5,6990.75,6991.5,531.0
2026-01-26 13:10:00-06:00,6991.5,6993.0,6991.5,6992.25,1316.0
2026-01-26 13:11:00-06:00,6992.5,6993.5,6991.75,6993.25,1158.0
2026-01-26 13:12:00-06:00,6993.0,6993.25,6992.25,6992.5,691.0
2026-01-26 13:13:00-06:00,6992.75,6992.75,6991.25,6991.75,830.0
2026-01-26 13:14:00-06:00,6992.0,6992.25,6991.5,6991.75,780.0
2026-01-26 13:15:00-06:00,6991.75,6992.75,6991.75,6992.0,542.0
2026-01-26 13:16:00-06:00,6992.0,6992.5,6990.75,6992.25,858.0
2026-01-26 13:17:00-06:00,6992.25,6992.75,6991.5,6992.5,402.0
2026-01-26 13:18:00-06:00,6992.25,6992.5,6991.25,6991.25,492.0
2026-01-26 13:19:00-06:00,6991.25,6992.5,6991.0,6992.0,535.0
2026-01-26 13:20:00-06:00,6992.0,6992.0,6990.75,6991.0,754.0
2026-01-26 13:21:00-06:00,6990.75,6991.0,6989.0,6989.25,1429.0
2026-01-26 13:22:00-06:00,6989.25,6990.0,6988.75,6989.5,1325.0
2026-01-26 13:23:00-06:00,6989.5,6990.5,6988.5,6988.5,669.0
2026-01-26 13:24:00-06:00,6988.5,6990.0,6988.25,6989.25,814.0
2026-01-26 13:25:00-06:00,6989.25,6989.75,6988.5,6989.5,750.0
2026-01-26 13:26:00-06:00,6990.0,6991.0,6990.0,6990.75,928.0
2026-01-26 13:27:00-06:00,6990.75,6991.25,6989.75,6990.0,498.0
2026-01-26 13:28:00-06:00,6990.0,6991.0,6990.0,6990.75,440.0
2026-01-26 13:29:00-06:00,6991.0,6992.5,6990.75,6992.0,1314.0
2026-01-26 13:30:00-06:00,6992.25,6993.0,6991.5,6992.75,918.0
2026-01-26 13:31:00-06:00,6992.5,6993.25,6991.25,6991.5,1080.0
2026-01-26 13:32:00-06:00,6991.75,6991.75,6990.25,6990.5,1005.0
2026-01-26 13:33:00-06:00,6990.75,6991.25,6990.5,6990.75,418.0
2026-01-26 13:34:00-06:00,6991.0,6992.25,6990.75,6991.25,671.0
2026-01-26 13:35:00-06:00,6991.25,6991.25,6990.25,6990.75,858.0
2026-01-26 13:36:00-06:00,6991.25,6991.25,6989.5,6990.0,733.0
2026-01-26 13:37:00-06:00,6990.25,6991.5,6990.0,6990.5,521.0
2026-01-26 13:38:00-06:00,6990.5,6992.0,6990.25,6991.5,690.0
2026-01-26 13:39:00-06:00,6991.5,6992.0,6991.0,6991.5,362.0
2026-01-26 13:40:00-06:00,6991.5,6991.75,6990.75,6991.25,364.0
2026-01-26 13:41:00-06:00,6991.25,6991.75,6991.0,6991.25,233.0
2026-01-26 13:42:00-06:00,6991.25,6993.25,6991.25,6992.25,895.0
2026-01-26 13:43:00-06:00,6992.5,6993.25,6992.0,6993.25,412.0
2026-01-26 13:44:00-06:00,6993.25,6993.75,6992.25,6992.5,908.0
2026-01-26 13:45:00-06:00,6992.5,6993.25,6991.75,6992.25,906.0
2026-01-26 13:46:00-06:00,6992.25,6992.5,6991.75,6992.5,551.0
2026-01-26 13:47:00-06:00,6992.5,6992.75,6991.0,6991.25,934.0
2026-01-26 13:48:00-06:00,6991.0,6991.5,6990.25,6990.75,595.0
2026-01-26 13:49:00-06:00,6991.0,6991.5,6990.5,6991.25,490.0
2026-01-26 13:50:00-06:00,6991.0,6992.0,6990.75,6992.0,483.0
2026-01-26 13:51:00-06:00,6991.75,6992.25,6991.0,6991.0,354.0
2026-01-26 13:52:00-06:00,6991.25,6991.75,6991.0,6991.25,247.0
2026-01-26 13:53:00-06:00,6991.5,6991.5,6990.5,6990.5,443.0
2026-01-26 13:54:00-06:00,6990.5,6990.75,6989.75,6990.0,908.0
2026-01-26 13:55:00-06:00,6989.75,6990.5,6989.25,6990.25,696.0
2026-01-26 13:56:00-06:00,6990.5,6992.0,6990.25,6991.0,914.0
2026-01-26 13:57:00-06:00,6990.75,6991.0,6989.25,6989.25,795.0
2026-01-26 13:58:00-06:00,6989.0,6989.5,6989.0,6989.5,958.0
2026-01-26 13:59:00-06:00,6989.25,6990.25,6989.0,6989.5,549.0
2026-01-26 14:00:00-06:00,6989.75,6989.75,6987.75,6989.25,1747.0
2026-01-26 14:01:00-06:00,6989.25,6990.25,6989.0,6989.5,816.0
2026-01-26 14:02:00-06:00,6989.25,6990.0,6989.0,6989.5,684.0
2026-01-26 14:03:00-06:00,6989.5,6990.5,6989.0,6990.0,550.0
2026-01-26 14:04:00-06:00,6990.0,6991.0,6989.0,6991.0,649.0
2026-01-26 14:05:00-06:00,6990.75,6991.25,6990.0,6990.25,722.0
2026-01-26 14:06:00-06:00,6990.5,6991.0,6990.0,6990.25,563.0
2026-01-26 14:07:00-06:00,6990.25,6990.5,6989.75,6990.25,506.0
2026-01-26 14:08:00-06:00,6989.75,6990.5,6989.75,6990.25,407.0
2026-01-26 14:09:00-06:00,6990.5,6991.0,6990.25,6990.25,416.0
2026-01-26 14:10:00-06:00,6990.25,6990.5,6989.5,6990.0,677.0
2026-01-26 14:11:00-06:00,6990.25,6991.0,6989.5,6989.75,704.0
2026-01-26 14:12:00-06:00,6989.5,6990.5,6989.0,6989.25,428.0
2026-01-26 14:13:00-06:00,6989.25,6990.0,6989.0,6989.0,574.0
2026-01-26 14:14:00-06:00,6989.25,6990.0,6989.0,6990.0,343.0
2026-01-26 14:15:00-06:00,6990.0,6990.25,6988.25,6989.25,923.0
2026-01-26 14:16:00-06:00,6989.0,6989.25,6987.75,6988.25,998.0
2026-01-26 14:17:00-06:00,6988.25,6988.75,6988.25,6988.5,491.0
2026-01-26 14:18:00-06:00,6988.5,6989.0,6987.75,6988.5,720.0
2026-01-26 14:19:00-06:00,6988.5,6989.0,6988.0,6988.75,584.0
2026-01-26 14:20:00-06:00,6988.5,6990.0,6988.0,6988.75,2695.0
2026-01-26 14:21:00-06:00,6988.75,6989.5,6988.0,6989.0,794.0
2026-01-26 14:22:00-06:00,6989.0,6990.5,6988.75,6990.0,1468.0
2026-01-26 14:23:00-06:00,6990.0,6990.75,6989.75,6990.75,625.0
2026-01-26 14:24:00-06:00,6990.5,6990.75,6989.75,6990.0,361.0
2026-01-26 14:25:00-06:00,6989.75,6990.0,6988.75,6989.25,506.0
2026-01-26 14:26:00-06:00,6989.25,6989.5,6989.0,6989.25,268.0
2026-01-26 14:27:00-06:00,6989.0,6990.0,6988.75,6989.5,453.0
2026-01-26 14:28:00-06:00,6989.25,6989.5,6988.75,6989.25,314.0
2026-01-26 14:29:00-06:00,6989.25,6989.75,6988.75,6989.0,286.0
2026-01-26 14:30:00-06:00,6989.0,6991.5,6988.75,6991.0,868.0
2026-01-26 14:31:00-06:00,6991.0,6991.75,6990.5,6990.75,885.0
2026-01-26 14:32:00-06:00,6990.5,6990.75,6990.25,6990.5,380.0
2026-01-26 14:33:00-06:00,6990.75,6991.25,6990.25,6990.75,408.0
2026-01-26 14:34:00-06:00,6990.5,6991.0,6990.25,6990.5,313.0
2026-01-26 14:35:00-06:00,6990.5,6990.75,6990.0,6990.0,394.0
2026-01-26 14:36:00-06:00,6990.0,6991.5,6989.75,6990.25,593.0
2026-01-26 14:37:00-06:00,6990.25,6992.0,6990.25,6990.75,1368.0
2026-01-26 14:38:00-06:00,6990.75,6991.0,6990.0,6990.75,421.0
2026-01-26 14:39:00-06:00,6990.75,6990.75,6989.75,6990.0,396.0
2026-01-26 14:40:00-06:00,6990.0,6990.5,6989.25,6989.75,986.0
2026-01-26 14:41:00-06:00,6989.75,6989.75,6988.75,6988.75,671.0
2026-01-26 14:42:00-06:00,6988.75,6989.5,6988.0,6988.25,1260.0
2026-01-26 14:43:00-06:00,6988.25,6988.5,6987.75,6988.25,910.0
2026-01-26 14:44:00-06:00,6988.5,6989.75,6987.25,6989.0,1197.0
2026-01-26 14:45:00-06:00,6989.0,6990.5,6988.5,6990.5,1135.0
2026-01-26 14:46:00-06:00,6990.25,6991.0,6989.5,6989.75,1056.0
2026-01-26 14:47:00-06:00,6989.75,6990.0,6988.5,6989.25,499.0
2026-01-26 14:48:00-06:00,6989.25,6989.25,6988.5,6988.75,392.0
2026-01-26 14:49:00-06:00,6988.5,6989.75,6988.25,6989.75,579.0
2026-01-26 14:50:00-06:00,6989.75,6989.75,6985.5,6985.75,5901.0
2026-01-26 14:51:00-06:00,6985.75,6986.25,6984.5,6985.75,3204.0
2026-01-26 14:52:00-06:00,6985.5,6986.5,6984.75,6985.25,1702.0
2026-01-26 14:53:00-06:00,6985.0,6985.5,6984.5,6984.5,1325.0
2026-01-26 14:54:00-06:00,6984.5,6985.25,6982.0,6983.5,5120.0
2026-01-26 14:55:00-06:00,6983.5,6984.0,6980.5,6982.0,5620.0
2026-01-26 14:56:00-06:00,6981.75,6981.75,6980.25,6981.25,1977.0
2026-01-26 14:57:00-06:00,6981.25,6982.0,6979.5,6981.25,2806.0
2026-01-26 14:58:00-06:00,6981.0,6981.75,6980.0,6981.0,2163.0
2026-01-26 14:59:00-06:00,6981.0,6983.0,6979.5,6980.5,11611.0
2026-01-26 15:00:00-06:00,6980.5,6981.75,6979.5,6980.25,4023.0
2026-01-26 15:01:00-06:00,6980.25,6981.5,6979.5,6980.0,1302.0
2026-01-26 15:02:00-06:00,6980.0,6980.0,6978.75,6979.5,1074.0
2026-01-26 15:03:00-06:00,6979.75,6980.5,6979.5,6980.25,770.0
2026-01-26 15:04:00-06:00,6980.25,6980.75,6979.25,6979.75,630.0
2026-01-26 15:05:00-06:00,6979.5,6979.75,6978.75,6979.0,691.0
2026-01-26 15:06:00-06:00,6979.0,6980.0,6978.25,6979.5,965.0
2026-01-26 15:07:00-06:00,6979.5,6980.5,6979.5,6979.5,827.0
2026-01-26 15:08:00-06:00,6979.75,6979.75,6978.75,6979.0,311.0
2026-01-26 15:09:00-06:00,6979.0,6979.5,6978.75,6979.0,472.0
2026-01-26 15:10:00-06:00,6979.0,6979.0,6977.5,6978.25,1233.0
2026-01-26 15:11:00-06:00,6978.25,6978.75,6977.5,6978.0,551.0
2026-01-26 15:12:00-06:00,6978.25,6979.0,6977.75,6979.0,321.0
2026-01-26 15:13:00-06:00,6979.0,6980.25,6979.0,6979.75,671.0
2026-01-26 15:14:00-06:00,6979.75,6980.0,6979.25,6979.75,439.0
2026-01-26 15:15:00-06:00,6980.0,6981.5,6979.75,6981.5,927.0
2026-01-26 15:16:00-06:00,6981.5,6981.75,6980.5,6981.5,319.0
2026-01-26 15:17:00-06:00,6981.25,6981.75,6981.0,6981.0,225.0
2026-01-26 15:18:00-06:00,6981.0,6981.5,6981.0,6981.25,107.0
2026-01-26 15:19:00-06:00,6981.25,6981.5,6981.0,6981.0,208.0
2026-01-26 15:20:00-06:00,6981.0,6981.5,6980.75,6981.0,96.0
2026-01-26 15:21:00-06:00,6981.25,6981.25,6981.0,6981.25,118.0
2026-01-26 15:22:00-06:00,6981.25,6981.25,6980.5,6981.25,291.0
2026-01-26 15:23:00-06:00,6981.25,6982.0,6981.25,6981.75,384.0
2026-01-26 15:24:00-06:00,6981.5,6982.0,6981.25,6981.25,161.0
2026-01-26 15:25:00-06:00,6981.5,6982.0,6981.25,6981.75,143.0
2026-01-26 15:26:00-06:00,6981.75,6981.75,6981.25,6981.5,89.0
2026-01-26 15:27:00-06:00,6981.5,6982.75,6981.25,6982.5,527.0
2026-01-26 15:28:00-06:00,6982.5,6983.0,6982.5,6982.5,222.0
2026-01-26 15:29:00-06:00,6982.5,6982.75,6982.25,6982.5,138.0
2026-01-26 15:30:00-06:00,6982.25,6982.25,6981.25,6981.25,296.0
2026-01-26 15:31:00-06:00,6981.25,6981.5,6980.75,6981.25,168.0
2026-01-26 15:32:00-06:00,6981.0,6981.75,6981.0,6981.25,291.0
2026-01-26 15:33:00-06:00,6981.25,6981.5,6981.0,6981.5,68.0
2026-01-26 15:34:00-06:00,6981.25,6981.5,6981.0,6981.25,111.0
2026-01-26 15:35:00-06:00,6981.0,6981.25,6980.5,6980.5,144.0
2026-01-26 15:36:00-06:00,6980.75,6981.0,6980.25,6980.5,141.0
2026-01-26 15:37:00-06:00,6980.25,6980.75,6980.25,6980.75,132.0
2026-01-26 15:38:00-06:00,6980.5,6981.25,6980.5,6980.75,301.0
2026-01-26 15:39:00-06:00,6980.75,6981.0,6980.5,6980.75,167.0
2026-01-26 15:40:00-06:00,6980.75,6981.25,6980.75,6981.25,84.0
2026-01-26 15:41:00-06:00,6981.25,6982.25,6981.25,6982.0,303.0
2026-01-26 15:42:00-06:00,6982.0,6982.0,6981.5,6982.0,193.0
2026-01-26 15:43:00-06:00,6981.75,6982.0,6981.5,6981.5,161.0
2026-01-26 15:44:00-06:00,6981.75,6982.0,6981.25,6981.75,259.0
2026-01-26 15:45:00-06:00,6981.75,6981.75,6981.0,6981.25,375.0
2026-01-26 15:46:00-06:00,6981.5,6981.5,6981.0,6981.5,112.0
2026-01-26 15:47:00-06:00,6981.25,6981.5,6980.75,6981.25,157.0
2026-01-26 15:48:00-06:00,6981.0,6981.0,6980.0,6980.0,277.0
2026-01-26 15:49:00-06:00,6980.25,6980.75,6979.75,6980.75,255.0
2026-01-26 15:50:00-06:00,6980.5,6981.5,6980.0,6980.25,513.0
2026-01-26 15:51:00-06:00,6980.25,6980.5,6980.0,6980.25,781.0
2026-01-26 15:52:00-06:00,6980.0,6981.25,6980.0,6980.0,206.0
2026-01-26 15:53:00-06:00,6980.25,6980.5,6980.0,6980.5,100.0
2026-01-26 15:54:00-06:00,6980.5,6981.25,6980.0,6980.25,189.0
2026-01-26 15:55:00-06:00,6980.0,6980.75,6980.0,6980.25,233.0
2026-01-26 15:56:00-06:00,6980.5,6981.25,6980.5,6981.0,102.0
2026-01-26 15:57:00-06:00,6980.75,6981.0,6976.75,6978.25,1033.0
2026-01-26 15:58:00-06:00,6978.0,6978.75,6977.0,6978.25,474.0
2026-01-26 15:59:00-06:00,6978.0,6978.0,6975.75,6977.0,903.0
2026-01-27 08:30:00-06:00,6994.25,6995.75,6991.25,6994.5,7093.0
2026-01-27 08:31:00-06:00,6994.5,6996.0,6991.5,6991.75,3641.0
2026-01-27 08:32:00-06:00,6992.0,6994.75,6991.0,6993.75,3495.0
2026-01-27 08:33:00-06:00,6994.0,6994.75,6992.5,6992.5,2517.0
2026-01-27 08:34:00-06:00,6992.75,6995.25,6991.0,6995.0,3365.0
2026-01-27 08:35:00-06:00,6995.0,6996.5,6993.0,6994.0,3748.0
2026-01-27 08:36:00-06:00,6994.25,6994.25,6990.5,6991.5,3573.0
2026-01-27 08:37:00-06:00,6991.75,6992.75,6991.0,6991.25,2282.0
2026-01-27 08:38:00-06:00,6991.5,6992.0,6990.0,6990.5,2305.0
2026-01-27 08:39:00-06:00,6990.5,6991.5,6988.25,6988.25,3406.0
2026-01-27 08:40:00-06:00,6988.5,6993.5,6988.25,6992.5,4486.0
2026-01-27 08:41:00-06:00,6992.75,6995.0,6991.75,6994.75,2992.0
2026-01-27 08:42:00-06:00,6994.5,6996.75,6994.0,6994.25,4313.0
2026-01-27 08:43:00-06:00,6994.5,6995.25,6993.0,6995.25,2673.0
2026-01-27 08:44:00-06:00,6995.0,6995.25,6993.0,6993.5,1800.0
2026-01-27 08:45:00-06:00,6993.75,6996.5,6993.75,6995.5,2637.0
2026-01-27 08:46:00-06:00,6996.0,6997.5,6995.0,6996.75,2881.0
2026-01-27 08:47:00-06:00,6996.75,6997.5,6994.5,6995.75,2807.0
2026-01-27 08:48:00-06:00,6995.75,6997.5,6995.25,6996.5,1568.0
2026-01-27 08:49:00-06:00,6996.5,6998.5,6996.25,6997.5,2676.0
2026-01-27 08:50:00-06:00,6997.5,7000.75,6997.5,7000.5,5441.0
2026-01-27 08:51:00-06:00,7000.5,7003.0,6999.75,7001.0,4400.0
2026-01-27 08:52:00-06:00,7001.0,7003.0,7000.75,7002.75,2269.0
2026-01-27 08:53:00-06:00,7002.75,7006.5,7002.5,7005.5,5541.0
2026-01-27 08:54:00-06:00,7005.25,7006.5,7003.75,7005.75,3959.0
2026-01-27 08:55:00-06:00,7005.5,7007.75,7005.5,7006.5,4188.0
2026-01-27 08:56:00-06:00,7006.75,7007.5,7005.25,7006.75,2401.0
2026-01-27 08:57:00-06:00,7007.0,7007.0,7005.25,7005.75,1978.0
2026-01-27 08:58:00-06:00,7005.75,7007.0,7003.5,7004.75,3176.0
2026-01-27 08:59:00-06:00,7004.75,7006.5,7004.5,7005.25,1432.0
2026-01-27 09:00:00-06:00,7005.0,7006.5,7002.0,7004.75,3284.0
2026-01-27 09:01:00-06:00,7004.75,7007.75,7004.25,7005.0,2898.0
2026-01-27 09:02:00-06:00,7004.75,7006.75,7004.5,7005.0,1518.0
2026-01-27 09:03:00-06:00,7005.25,7005.75,7003.5,7004.5,1968.0
2026-01-27 09:04:00-06:00,7004.75,7006.5,7004.0,7004.0,1489.0
2026-01-27 09:05:00-06:00,7004.25,7004.5,6998.0,6998.25,6690.0
2026-01-27 09:06:00-06:00,6998.25,7000.25,6998.0,6999.75,3197.0
2026-01-27 09:07:00-06:00,6999.5,7001.5,6999.0,7001.0,2567.0
2026-01-27 09:08:00-06:00,7001.0,7003.0,7000.75,7002.25,2546.0
2026-01-27 09:09:00-06:00,7002.5,7005.5,7002.0,7005.25,3847.0
2026-01-27 09:10:00-06:00,7005.5,7006.75,7004.75,7005.0,3169.0
2026-01-27 09:11:00-06:00,7005.0,7005.25,7003.5,7004.0,2271.0
2026-01-27 09:12:00-06:00,7004.0,7005.25,7003.75,7005.0,1522.0
2026-01-27 09:13:00-06:00,7005.0,7006.0,7003.5,7004.75,1555.0
2026-01-27 09:14:00-06:00,7004.5,7005.0,7002.5,7004.25,2141.0
2026-01-27 09:15:00-06:00,7004.0,7005.0,7003.0,7003.75,1395.0
2026-01-27 09:16:00-06:00,7004.25,7004.5,7002.5,7002.75,1557.0
2026-01-27 09:17:00-06:00,7002.75,7005.0,7002.25,7004.75,1762.0
2026-01-27 09:18:00-06:00,7004.75,7006.0,7004.25,7005.5,1561.0
2026-01-27 09:19:00-06:00,7005.5,7005.5,7004.25,7005.25,698.0
2026-01-27 09:20:00-06:00,7005.0,7007.25,7005.0,7006.75,1964.0
2026-01-27 09:21:00-06:00,7006.5,7007.0,7004.5,7004.75,1692.0
2026-01-27 09:22:00-06:00,7004.75,7004.75,7003.0,7003.0,2306.0
2026-01-27 09:23:00-06:00,7003.0,7004.75,7002.5,7003.75,1699.0
2026-01-27 09:24:00-06:00,7003.75,7004.75,7003.0,7004.25,999.0
2026-01-27 09:25:00-06:00,7004.25,7004.25,7000.75,7002.0,3418.0
2026-01-27 09:26:00-06:00,7002.0,7004.0,7001.75,7003.25,1461.0
2026-01-27 09:27:00-06:00,7003.25,7004.0,7001.5,7001.5,1207.0
2026-01-27 09:28:00-06:00,7001.5,7002.25,7000.75,7001.25,2135.0
2026-01-27 09:29:00-06:00,7001.25,7002.25,7000.5,7000.5,1533.0
2026-01-27 09:30:00-06:00,7000.75,7002.5,6999.75,7001.5,2698.0
2026-01-27 09:31:00-06:00,7001.5,7003.0,7000.75,7002.75,1476.0
2026-01-27 09:32:00-06:00,7003.0,7004.5,7002.75,7003.75,2220.0
2026-01-27 09:33:00-06:00,7003.75,7005.0,7003.5,7004.25,1600.0
2026-01-27 09:34:00-06:00,7004.0,7006.0,7003.75,7006.0,1688.0
2026-01-27 09:35:00-06:00,7006.0,7007.5,7005.5,7006.0,3312.0
2026-01-27 09:36:00-06:00,7006.0,7009.25,7006.0,7008.25,4483.0
2026-01-27 09:37:00-06:00,7008.25,7008.75,7007.25,7008.0,1685.0
2026-01-27 09:38:00-06:00,7008.0,7010.0,7007.5,7009.75,2404.0
2026-01-27 09:39:00-06:00,7010.0,7010.0,7008.0,7008.25,2248.0
2026-01-27 09:40:00-06:00,7008.25,7009.75,7008.0,7009.0,1400.0
2026-01-27 09:41:00-06:00,7009.25,7010.25,7008.5,7009.75,1424.0
2026-01-27 09:42:00-06:00,7009.75,7010.5,7009.25,7010.0,1503.0
2026-01-27 09:43:00-06:00,7009.75,7010.25,7008.75,7009.25,1144.0
2026-01-27 09:44:00-06:00,7009.25,7012.5,7009.25,7011.5,3108.0
2026-01-27 09:45:00-06:00,7011.5,7013.5,7011.0,7013.25,3100.0
2026-01-27 09:46:00-06:00,7013.5,7014.75,7012.75,7014.25,2382.0
2026-01-27 09:47:00-06:00,7014.5,7014.75,7012.5,7013.5,2336.0
2026-01-27 09:48:00-06:00,7013.25,7014.5,7013.25,7014.0,1640.0
2026-01-27 09:49:00-06:00,7013.75,7014.25,7013.25,7013.5,841.0
2026-01-27 09:50:00-06:00,7013.25,7013.5,7011.5,7012.5,2732.0
2026-01-27 09:51:00-06:00,7012.5,7013.25,7011.75,7013.0,1768.0
2026-01-27 09:52:00-06:00,7013.25,7013.25,7011.5,7012.0,1230.0
2026-01-27 09:53:00-06:00,7012.0,7013.0,7011.5,7012.5,1128.0
2026-01-27 09:54:00-06:00,7012.5,7012.75,7011.75,7012.5,686.0
2026-01-27 09:55:00-06:00,7012.5,7012.75,7011.0,7012.0,1384.0
2026-01-27 09:56:00-06:00,7012.0,7012.25,7011.25,7012.0,723.0
2026-01-27 09:57:00-06:00,7011.75,7012.25,7010.5,7011.5,1081.0
2026-01-27 09:58:00-06:00,7011.5,7012.25,7011.5,7011.5,585.0
2026-01-27 09:59:00-06:00,7011.5,7013.25,7011.5,7013.25,1173.0
2026-01-27 10:00:00-06:00,7013.25,7015.0,7013.0,7014.25,2840.0
2026-01-27 10:01:00-06:00,7014.5,7014.75,7013.5,7014.0,1322.0
2026-01-27 10:02:00-06:00,7014.0,7014.25,7013.0,7013.0,1259.0
2026-01-27 10:03:00-06:00,7013.0,7015.0,7013.0,7014.5,1340.0
2026-01-27 10:04:00-06:00,7014.5,7014.75,7013.75,7014.0,623.0
2026-01-27 10:05:00-06:00,7014.25,7015.0,7013.75,7014.25,915.0
2026-01-27 10:06:00-06:00,7014.5,7015.75,7014.5,7014.75,1613.0
2026-01-27 10:07:00-06:00,7014.75,7015.5,7014.25,7015.0,1027.0
2026-01-27 10:08:00-06:00,7015.0,7015.25,7013.75,7014.25,964.0
2026-01-27 10:09:00-06:00,7014.25,7014.5,7013.25,7014.0,1059.0
2026-01-27 10:10:00-06:00,7014.0,7015.5,7013.75,7014.75,1015.0
2026-01-27 10:11:00-06:00,7015.0,7015.75,7014.75,7015.25,916.0
2026-01-27 10:12:00-06:00,7015.5,7016.25,7014.25,7014.5,1426.0
2026-01-27 10:13:00-06:00,7014.5,7015.5,7014.0,7015.0,797.0
2026-01-27 10:14:00-06:00,7015.25,7015.75,7015.0,7015.25,641.0
2026-01-27 10:15:00-06:00,7015.25,7015.75,7014.5,7014.75,906.0
2026-01-27 10:16:00-06:00,7015.0,7015.75,7014.0,7015.5,939.0
2026-01-27 10:17:00-06:00,7015.25,7015.75,7014.25,7015.5,564.0
2026-01-27 10:18:00-06:00,7015.75,7016.5,7015.25,7016.5,1231.0
2026-01-27 10:19:00-06:00,7016.75,7018.25,7016.5,7017.5,3169.0
2026-01-27 10:20:00-06:00,7017.75,7018.0,7017.25,7017.5,1321.0
2026-01-27 10:21:00-06:00,7017.5,7017.5,7016.75,7017.0,1084.0
2026-01-27 10:22:00-06:00,7017.0,7017.5,7015.75,7016.25,1218.0
2026-01-27 10:23:00-06:00,7016.5,7017.5,7016.25,7016.75,900.0
2026-01-27 10:24:00-06:00,7016.75,7017.25,7016.5,7017.0,554.0
2026-01-27 10:25:00-06:00,7017.25,7017.5,7016.25,7017.0,794.0
2026-01-27 10:26:00-06:00,7017.0,7017.5,7016.25,7016.5,460.0
2026-01-27 10:27:00-06:00,7016.5,7016.75,7015.25,7016.5,1208.0
2026-01-27 10:28:00-06:00,7016.75,7016.75,7015.5,7015.75,905.0
2026-01-27 10:29:00-06:00,7015.75,7016.0,7015.0,7015.0,1171.0
2026-01-27 10:30:00-06:00,7015.25,7015.75,7014.5,7015.25,1573.0
2026-01-27 10:31:00-06:00,7015.25,7017.5,7015.25,7017.0,1384.0
2026-01-27 10:32:00-06:00,7017.0,7017.25,7016.0,7016.5,656.0
2026-01-27 10:33:00-06:00,7016.75,7016.75,7015.75,7016.0,588.0
2026-01-27 10:34:00-06:00,7016.25,7016.25,7015.25,7015.75,619.0
2026-01-27 10:35:00-06:00,7015.75,7016.25,7015.25,7016.0,372.0
2026-01-27 10:36:00-06:00,7016.0,7016.75,7016.0,7016.5,508.0
2026-01-27 10:37:00-06:00,7016.5,7018.75,7016.5,7017.5,1673.0
2026-01-27 10:38:00-06:00,7017.5,7018.0,7016.75,7017.0,906.0
2026-01-27 10:39:00-06:00,7017.0,7018.0,7017.0,7017.25,425.0
2026-01-27 10:40:00-06:00,7017.5,7018.75,7017.25,7018.0,979.0
2026-01-27 10:41:00-06:00,7018.0,7018.5,7017.25,7018.5,632.0
2026-01-27 10:42:00-06:00,7018.25,7018.75,7017.75,7018.0,686.0
2026-01-27 10:43:00-06:00,7018.0,7018.5,7017.25,7018.0,854.0
2026-01-27 10:44:00-06:00,7018.0,7018.5,7016.5,7016.75,710.0
2026-01-27 10:45:00-06:00,7016.5,7017.0,7016.0,7016.75,1200.0
2026-01-27 10:46:00-06:00,7016.75,7016.75,7015.25,7015.75,1176.0
2026-01-27 10:47:00-06:00,7015.75,7016.5,7015.25,7016.0,927.0
2026-01-27 10:48:00-06:00,7016.0,7016.75,7015.5,7016.25,800.0
2026-01-27 10:49:00-06:00,7016.0,7017.5,7016.0,7016.75,1205.0
2026-01-27 10:50:00-06:00,7016.75,7016.75,7015.5,7015.75,434.0
2026-01-27 10:51:00-06:00,7015.75,7016.0,7015.25,7015.25,658.0
2026-01-27 10:52:00-06:00,7015.25,7016.25,7013.75,7015.75,2060.0
2026-01-27 10:53:00-06:00,7015.75,7016.0,7015.5,7015.5,379.0
2026-01-27 10:54:00-06:00,7015.75,7015.75,7014.5,7014.5,679.0
2026-01-27 10:55:00-06:00,7014.5,7015.5,7014.0,7015.25,945.0
2026-01-27 10:56:00-06:00,7015.5,7015.75,7014.5,7015.0,685.0
2026-01-27 10:57:00-06:00,7015.0,7015.0,7014.0,7014.75,1141.0
2026-01-27 10:58:00-06:00,7014.5,7014.75,7013.5,7014.0,872.0
2026-01-27 10:59:00-06:00,7014.0,7014.25,7013.0,7013.0,1131.0
2026-01-27 11:00:00-06:00,7013.0,7013.75,7012.5,7013.0,1409.0
2026-01-27 11:01:00-06:00,7013.5,7014.75,7012.75,7014.25,1079.0
2026-01-27 11:02:00-06:00,7014.25,7014.75,7013.0,7013.0,829.0
2026-01-27 11:03:00-06:00,7013.0,7013.75,7012.75,7012.75,671.0
2026-01-27 11:04:00-06:00,7012.75,7014.25,7012.75,7013.5,742.0
2026-01-27 11:05:00-06:00,7013.5,7013.5,7012.25,7012.25,1008.0
2026-01-27 11:06:00-06:00,7012.5,7013.25,7012.25,7012.5,826.0
2026-01-27 11:07:00-06:00,7012.75,7013.5,7012.25,7013.0,628.0
2026-01-27 11:08:00-06:00,7012.75,7013.0,7011.75,7012.25,945.0
2026-01-27 11:09:00-06:00,7012.25,7014.25,7012.0,7012.75,3209.0
2026-01-27 11:10:00-06:00,7012.5,7012.75,7012.0,7012.75,686.0
2026-01-27 11:11:00-06:00,7012.75,7012.75,7011.75,7011.75,718.0
2026-01-27 11:12:00-06:00,7011.75,7012.0,7010.75,7011.0,1966.0
2026-01-27 11:13:00-06:00,7011.0,7011.75,7010.5,7011.5,1667.0
2026-01-27 11:14:00-06:00,7011.25,7011.5,7010.5,7010.75,710.0
2026-01-27 11:15:00-06:00,7010.5,7010.75,7009.75,7010.25,1986.0
2026-01-27 11:16:00-06:00,7010.5,7010.5,7007.75,7007.75,2994.0
2026-01-27 11:17:00-06:00,7007.5,7008.5,7006.75,7007.75,4031.0
2026-01-27 11:18:00-06:00,7007.75,7008.25,7007.0,7008.0,1290.0
2026-01-27 11:19:00-06:00,7008.0,7009.5,7006.5,7008.25,2720.0
2026-01-27 11:20:00-06:00,7008.25,7009.0,7007.75,7008.25,1367.0
2026-01-27 11:21:00-06:00,7008.0,7010.25,7007.75,7009.5,1806.0
2026-01-27 11:22:00-06:00,7009.25,7010.75,7009.0,7010.5,1258.0
2026-01-27 11:23:00-06:00,7010.25,7010.5,7009.5,7010.0,805.0
2026-01-27 11:24:00-06:00,7009.75,7010.25,7009.25,7009.5,555.0
2026-01-27 11:25:00-06:00,7009.5,7013.0,7009.0,7012.75,2849.0
2026-01-27 11:26:00-06:00,7012.75,7014.25,7012.5,7013.25,1987.0
2026-01-27 11:27:00-06:00,7013.25,7013.25,7012.0,7012.5,886.0
2026-01-27 11:28:00-06:00,7012.5,7014.0,7012.0,7013.75,956.0
2026-01-27 11:29:00-06:00,7014.0,7014.0,7012.5,7012.75,633.0
2026-01-27 11:30:00-06:00,7012.5,7013.75,7012.0,7012.25,978.0
2026-01-27 11:31:00-06:00,7012.25,7012.75,7010.5,7011.25,2077.0
2026-01-27 11:32:00-06:00,7011.0,7012.25,7011.0,7012.0,730.0
2026-01-27 11:33:00-06:00,7012.0,7012.0,7010.75,7010.75,787.0
2026-01-27 11:34:00-06:00,7010.75,7011.25,7010.0,7010.25,981.0
2026-01-27 11:35:00-06:00,7010.0,7011.0,7009.5,7009.75,1029.0
2026-01-27 11:36:00-06:00,7009.5,7009.75,7008.5,7009.0,1518.0
2026-01-27 11:37:00-06:00,7008.75,7009.25,7008.5,7008.75,866.0
2026-01-27 11:38:00-06:00,7009.0,7009.5,7008.5,7009.0,688.0
2026-01-27 11:39:00-06:00,7009.0,7010.5,7009.0,7010.0,1283.0
2026-01-27 11:40:00-06:00,7010.0,7010.75,7009.25,7009.25,1006.0
2026-01-27 11:41:00-06:00,7009.25,7012.0,7009.25,7011.5,1521.0
2026-01-27 11:42:00-06:00,7011.75,7012.5,7009.75,7010.25,1541.0
2026-01-27 11:43:00-06:00,7010.0,7010.5,7009.25,7009.25,1184.0
2026-01-27 11:44:00-06:00,7009.25,7010.0,7008.75,7009.5,1176.0
2026-01-27 11:45:00-06:00,7009.75,7010.0,7008.5,7009.0,1002.0
2026-01-27 11:46:00-06:00,7009.25,7009.75,7008.5,7009.0,502.0
2026-01-27 11:47:00-06:00,7009.25,7010.0,7009.0,7010.0,650.0
2026-01-27 11:48:00-06:00,7010.0,7011.0,7009.5,7010.0,1122.0
2026-01-27 11:49:00-06:00,7010.0,7010.5,7009.75,7009.75,436.0
2026-01-27 11:50:00-06:00,7010.0,7010.0,7008.75,7009.0,880.0
2026-01-27 11:51:00-06:00,7009.0,7009.75,7009.0,7009.75,317.0
2026-01-27 11:52:00-06:00,7009.75,7010.75,7009.75,7010.5,444.0
2026-01-27 11:53:00-06:00,7010.5,7010.5,7009.25,7009.25,466.0
2026-01-27 11:54:00-06:00,7009.0,7009.25,7008.0,7008.5,1339.0
2026-01-27 11:55:00-06:00,7008.25,7009.0,7007.75,7008.0,941.0
2026-01-27 11:56:00-06:00,7008.0,7008.5,7007.25,7007.5,910.0
2026-01-27 11:57:00-06:00,7007.5,7008.5,7007.25,7008.25,788.0
2026-01-27 11:58:00-06:00,7008.25,7008.25,7006.75,7007.0,1209.0
2026-01-27 11:59:00-06:00,7006.75,7007.5,7006.75,7007.0,692.0
2026-01-27 12:00:00-06:00,7007.25,7007.5,7005.25,7005.75,2642.0
2026-01-27 12:01:00-06:00,7005.5,7006.0,7004.0,7005.0,2437.0
2026-01-27 12:02:00-06:00,7005.0,7005.0,7002.0,7003.75,3780.0
2026-01-27 12:03:00-06:00,7003.75,7005.5,7003.25,7003.75,1702.0
2026-01-27 12:04:00-06:00,7003.75,7004.25,7003.25,7003.5,879.0
2026-01-27 12:05:00-06:00,7003.75,7003.75,7002.25,7002.75,1485.0
2026-01-27 12:06:00-06:00,7003.0,7003.5,7002.25,7002.5,849.0
2026-01-27 12:07:00-06:00,7002.5,7003.75,7002.0,7002.25,962.0
2026-01-27 12:08:00-06:00,7002.0,7004.75,7002.0,7004.5,1882.0
2026-01-27 12:09:00-06:00,7004.25,7004.5,7003.5,7003.75,965.0
2026-01-27 12:10:00-06:00,7003.5,7005.25,7002.75,7003.0,1553.0
2026-01-27 12:11:00-06:00,7003.25,7004.0,7002.5,7003.75,847.0
2026-01-27 12:12:00-06:00,7003.5,7006.25,7003.25,7005.75,2150.0
2026-01-27 12:13:00-06:00,7005.75,7007.5,7005.5,7005.75,1914.0
2026-01-27 12:14:00-06:00,7005.75,7007.25,7005.75,7007.0,712.0
2026-01-27 12:15:00-06:00,7007.0,7008.75,7006.75,7007.5,1934.0
2026-01-27 12:16:00-06:00,7007.5,7009.0,7007.25,7008.25,1269.0
2026-01-27 12:17:00-06:00,7008.0,7009.25,7007.5,7007.75,987.0
2026-01-27 12:18:00-06:00,7007.75,7010.0,7007.75,7009.75,1048.0
2026-01-27 12:19:00-06:00,7009.75,7010.0,7008.75,7010.0,836.0
2026-01-27 12:20:00-06:00,7010.0,7011.0,7009.5,7010.5,1468.0
2026-01-27 12:21:00-06:00,7010.75,7011.0,7010.0,7010.75,840.0
2026-01-27 12:22:00-06:00,7010.75,7011.5,7010.25,7010.75,755.0
2026-01-27 12:23:00-06:00,7010.75,7012.0,7010.75,7011.5,830.0
2026-01-27 12:24:00-06:00,7011.75,7012.75,7011.5,7012.25,2025.0
2026-01-27 12:25:00-06:00,7012.5,7012.75,7011.0,7011.0,1160.0
2026-01-27 12:26:00-06:00,7011.25,7011.75,7009.5,7009.75,1541.0
2026-01-27 12:27:00-06:00,7010.0,7011.0,7010.0,7010.75,619.0
2026-01-27 12:28:00-06:00,7010.75,7011.25,7010.25,7011.0,527.0
2026-01-27 12:29:00-06:00,7010.75,7011.5,7010.5,7011.0,462.0
2026-01-27 12:30:00-06:00,7010.75,7012.25,7010.75,7012.0,773.0
2026-01-27 12:31:00-06:00,7012.25,7012.75,7012.0,7012.75,920.0
2026-01-27 12:32:00-06:00,7012.75,7013.75,7012.25,7013.0,948.0
2026-01-27 12:33:00-06:00,7012.75,7014.5,7012.75,7013.5,1537.0
2026-01-27 12:34:00-06:00,7013.5,7014.0,7012.75,7013.0,794.0
2026-01-27 12:35:00-06:00,7013.25,7013.25,7011.0,7012.25,1048.0
2026-01-27 12:36:00-06:00,7012.0,7012.75,7011.75,7012.0,553.0
2026-01-27 12:37:00-06:00,7012.0,7012.5,7011.75,7011.75,318.0
2026-01-27 12:38:00-06:00,7012.0,7012.0,7011.25,7011.25,446.0
2026-01-27 12:39:00-06:00,7011.25,7012.0,7011.25,7012.0,443.0
2026-01-27 12:40:00-06:00,7011.5,7012.0,7011.25,7012.0,441.0
2026-01-27 12:41:00-06:00,7012.0,7012.25,7011.0,7011.0,515.0
2026-01-27 12:42:00-06:00,7011.25,7011.5,7010.0,7010.5,1058.0
2026-01-27 12:43:00-06:00,7010.5,7011.25,7010.25,7010.75,624.0
2026-01-27 12:44:00-06:00,7010.75,7011.0,7010.25,7010.75,422.0
2026-01-27 12:45:00-06:00,7010.5,7011.25,7010.25,7011.0,393.0
2026-01-27 12:46:00-06:00,7010.75,7012.5,7010.75,7011.75,869.0
2026-01-27 12:47:00-06:00,7011.75,7012.75,7011.75,7012.0,461.0
2026-01-27 12:48:00-06:00,7011.75,7012.0,7011.5,7011.75,343.0
2026-01-27 12:49:00-06:00,7011.5,7012.5,7011.5,7012.0,241.0
2026-01-27 12:50:00-06:00,7012.25,7013.25,7012.25,7012.75,724.0
2026-01-27 12:51:00-06:00,7012.75,7013.75,7012.5,7012.5,466.0
2026-01-27 12:52:00-06:00,7012.75,7013.0,7012.0,7012.5,469.0
2026-01-27 12:53:00-06:00,7012.5,7013.25,7012.5,7013.0,444.0
2026-01-27 12:54:00-06:00,7012.75,7013.25,7012.5,7013.25,254.0
2026-01-27 12:55:00-06:00,7013.0,7013.5,7012.5,7013.25,452.0
2026-01-27 12:56:00-06:00,7013.25,7014.75,7013.0,7014.5,1079.0
2026-01-27 12:57:00-06:00,7014.25,7015.0,7014.0,7014.75,942.0
2026-01-27 12:58:00-06:00,7014.75,7015.25,7014.0,7014.25,955.0
2026-01-27 12:59:00-06:00,7014.0,7014.25,7013.25,7013.25,588.0
2026-01-27 13:00:00-06:00,7013.25,7013.25,7011.5,7012.0,2478.0
2026-01-27 13:01:00-06:00,7011.75,7013.0,7011.5,7012.25,564.0
2026-01-27 13:02:00-06:00,7012.25,7013.25,7012.25,7012.75,540.0
2026-01-27 13:03:00-06:00,7012.75,7013.0,7011.25,7011.5,796.0
2026-01-27 13:04:00-06:00,7011.25,7012.75,7011.0,7012.0,711.0
2026-01-27 13:05:00-06:00,7012.25,7012.75,7011.75,7012.25,606.0
2026-01-27 13:06:00-06:00,7012.25,7013.0,7011.0,7011.25,476.0
2026-01-27 13:07:00-06:00,7011.25,7011.75,7011.0,7011.25,399.0
2026-01-27 13:08:00-06:00,7011.0,7011.75,7010.75,7011.5,516.0
2026-01-27 13:09:00-06:00,7011.5,7012.25,7010.5,7011.75,666.0
2026-01-27 13:10:00-06:00,7011.5,7012.0,7011.0,7011.0,356.0
2026-01-27 13:11:00-06:00,7011.25,7011.75,7011.0,7011.5,341.0
2026-01-27 13:12:00-06:00,7011.25,7011.5,7010.75,7011.5,650.0
2026-01-27 13:13:00-06:00,7011.5,7013.25,7011.5,7012.5,867.0
2026-01-27 13:14:00-06:00,7012.75,7013.75,7012.5,7012.75,520.0
2026-01-27 13:15:00-06:00,7012.75,7013.5,7012.25,7013.0,498.0
2026-01-27 13:16:00-06:00,7013.5,7013.75,7012.5,7013.0,660.0
2026-01-27 13:17:00-06:00,7013.0,7013.5,7012.5,7013.25,309.0
2026-01-27 13:18:00-06:00,7013.0,7013.5,7012.5,7013.0,326.0
2026-01-27 13:19:00-06:00,7012.75,7013.5,7012.5,7013.0,478.0
2026-01-27 13:20:00-06:00,7012.75,7014.0,7012.75,7013.75,480.0
2026-01-27 13:21:00-06:00,7014.0,7014.25,7013.5,7013.75,414.0
2026-01-27 13:22:00-06:00,7013.5,7014.25,7013.5,7013.75,298.0
2026-01-27 13:23:00-06:00,7014.0,7014.0,7012.75,7013.25,521.0
2026-01-27 13:24:00-06:00,7013.5,7014.25,7013.5,7013.75,216.0
2026-01-27 13:25:00-06:00,7014.0,7014.0,7013.25,7014.0,345.0
2026-01-27 13:26:00-06:00,7014.0,7014.75,7013.75,7014.25,599.0
2026-01-27 13:27:00-06:00,7014.0,7015.0,7013.75,7015.0,797.0
2026-01-27 13:28:00-06:00,7015.0,7015.25,7014.5,7014.75,635.0
2026-01-27 13:29:00-06:00,7014.75,7015.25,7014.5,7014.75,438.0
2026-01-27 13:30:00-06:00,7015.0,7017.0,7014.75,7015.5,2409.0
2026-01-27 13:31:00-06:00,7015.75,7015.75,7015.0,7015.0,818.0
2026-01-27 13:32:00-06:00,7015.25,7016.25,7015.0,7016.0,587.0
2026-01-27 13:33:00-06:00,7016.25,7016.25,7015.0,7015.25,606.0
2026-01-27 13:34:00-06:00,7015.25,7015.75,7015.25,7015.25,286.0
2026-01-27 13:35:00-06:00,7015.5,7015.5,7014.5,7014.75,819.0
2026-01-27 13:36:00-06:00,7014.75,7015.5,7014.5,7014.75,563.0
2026-01-27 13:37:00-06:00,7015.0,7015.5,7014.25,7015.5,646.0
2026-01-27 13:38:00-06:00,7015.25,7015.5,7014.5,7015.0,556.0
2026-01-27 13:39:00-06:00,7015.0,7015.5,7014.75,7015.0,311.0
2026-01-27 13:40:00-06:00,7015.0,7015.0,7013.5,7013.75,978.0
2026-01-27 13:41:00-06:00,7013.75,7014.5,7013.5,7013.75,702.0
2026-01-27 13:42:00-06:00,7013.75,7014.5,7013.75,7014.5,406.0
2026-01-27 13:43:00-06:00,7014.5,7015.25,7014.25,7014.75,406.0
2026-01-27 13:44:00-06:00,7015.0,7015.25,7014.5,7015.0,372.0
2026-01-27 13:45:00-06:00,7015.0,7015.0,7013.75,7014.0,340.0
2026-01-27 13:46:00-06:00,7014.0,7014.25,7013.25,7013.5,470.0
2026-01-27 13:47:00-06:00,7013.5,7014.5,7013.25,7014.5,427.0
2026-01-27 13:48:00-06:00,7014.5,7014.5,7013.5,7014.25,380.0
2026-01-27 13:49:00-06:00,7014.25,7014.75,7014.0,7014.75,207.0
2026-01-27 13:50:00-06:00,7014.5,7015.25,7014.0,7014.0,541.0
2026-01-27 13:51:00-06:00,7014.0,7014.75,7013.5,7014.75,422.0
2026-01-27 13:52:00-06:00,7014.75,7015.25,7014.25,7015.0,513.0
2026-01-27 13:53:00-06:00,7014.75,7015.0,7014.25,7014.75,299.0
2026-01-27 13:54:00-06:00,7014.5,7015.25,7014.25,7014.75,393.0
2026-01-27 13:55:00-06:00,7014.5,7014.75,7014.25,7014.5,296.0
2026-01-27 13:56:00-06:00,7014.5,7014.75,7013.75,7013.75,370.0
2026-01-27 13:57:00-06:00,7013.75,7014.25,7013.5,7014.0,420.0
2026-01-27 13:58:00-06:00,7014.0,7014.5,7013.5,7014.25,294.0
2026-01-27 13:59:00-06:00,7014.25,7014.75,7013.75,7013.75,366.0
2026-01-27 14:00:00-06:00,7013.75,7014.5,7013.25,7014.25,812.0
2026-01-27 14:01:00-06:00,7014.25,7015.0,7014.0,7014.25,427.0
2026-01-27 14:02:00-06:00,7014.25,7014.75,7014.25,7014.5,349.0
2026-01-27 14:03:00-06:00,7014.5,7015.25,7014.5,7015.25,457.0
2026-01-27 14:04:00-06:00,7015.25,7015.25,7014.5,7014.5,239.0
2026-01-27 14:05:00-06:00,7014.5,7014.75,7013.75,7014.0,441.0
2026-01-27 14:06:00-06:00,7014.0,7014.5,7013.25,7013.75,453.0
2026-01-27 14:07:00-06:00,7013.5,7014.0,7013.5,7013.5,463.0
2026-01-27 14:08:00-06:00,7013.5,7014.5,7013.5,7014.25,714.0
2026-01-27 14:09:00-06:00,7014.5,7015.0,7013.75,7014.5,384.0
2026-01-27 14:10:00-06:00,7014.5,7015.5,7014.5,7015.5,809.0
2026-01-27 14:11:00-06:00,7015.25,7016.25,7015.25,7015.5,1098.0
2026-01-27 14:12:00-06:00,7015.25,7016.25,7015.25,7016.25,577.0
2026-01-27 14:13:00-06:00,7016.0,7017.25,7015.75,7017.25,1595.0
2026-01-27 14:14:00-06:00,7017.25,7017.25,7016.5,7017.0,973.0
2026-01-27 14:15:00-06:00,7017.0,7017.25,7015.25,7015.5,1081.0
2026-01-27 14:16:00-06:00,7015.5,7016.25,7015.0,7015.5,574.0
2026-01-27 14:17:00-06:00,7015.5,7016.25,7015.5,7016.25,533.0
2026-01-27 14:18:00-06:00,7016.0,7016.25,7015.5,7015.75,266.0
2026-01-27 14:19:00-06:00,7015.5,7016.5,7015.5,7016.0,342.0
2026-01-27 14:20:00-06:00,7016.0,7016.75,7015.75,7016.75,486.0
2026-01-27 14:21:00-06:00,7016.5,7016.75,7016.25,7016.5,508.0
2026-01-27 14:22:00-06:00,7016.5,7016.75,7015.25,7015.25,496.0
2026-01-27 14:23:00-06:00,7015.5,7015.75,7014.75,7015.0,811.0
2026-01-27 14:24:00-06:00,7015.0,7015.5,7014.75,7015.0,371.0
2026-01-27 14:25:00-06:00,7014.75,7014.75,7013.75,7013.75,1145.0
2026-01-27 14:26:00-06:00,7013.75,7014.25,7013.75,7014.0,412.0
2026-01-27 14:27:00-06:00,7014.0,7014.0,7012.75,7013.25,1312.0
2026-01-27 14:28:00-06:00,7013.5,7013.75,7012.5,7012.75,632.0
2026-01-27 14:29:00-06:00,7012.75,7013.5,7012.5,7013.0,659.0
2026-01-27 14:30:00-06:00,7013.0,7013.0,7011.25,7012.25,3056.0
2026-01-27 14:31:00-06:00,7012.5,7013.75,7012.25,7012.75,1179.0
2026-01-27 14:32:00-06:00,7013.0,7013.5,7012.75,7013.5,682.0
2026-01-27 14:33:00-06:00,7013.25,7013.5,7012.25,7012.5,505.0
2026-01-27 14:34:00-06:00,7012.5,7014.0,7012.5,7013.75,635.0
2026-01-27 14:35:00-06:00,7013.75,7013.75,7013.0,7013.0,413.0
2026-01-27 14:36:00-06:00,7013.0,7013.25,7012.75,7013.0,456.0
2026-01-27 14:37:00-06:00,7012.75,7013.0,7012.25,7012.5,509.0
2026-01-27 14:38:00-06:00,7012.5,7013.0,7012.25,7012.5,372.0
2026-01-27 14:39:00-06:00,7012.75,7013.75,7012.5,7013.0,618.0
2026-01-27 14:40:00-06:00,7013.0,7013.5,7012.5,7012.75,634.0
2026-01-27 14:41:00-06:00,7013.0,7013.25,7011.75,7012.5,913.0
2026-01-27 14:42:00-06:00,7012.5,7012.75,7011.75,7012.0,803.0
2026-01-27 14:43:00-06:00,7012.25,7012.5,7011.25,7011.5,998.0
2026-01-27 14:44:00-06:00,7011.75,7013.0,7011.25,7013.0,694.0
2026-01-27 14:45:00-06:00,7012.75,7013.25,7011.5,7011.5,824.0
2026-01-27 14:46:00-06:00,7011.5,7012.25,7011.0,7011.5,1242.0
2026-01-27 14:47:00-06:00,7011.75,7013.0,7011.25,7012.0,1060.0
2026-01-27 14:48:00-06:00,7012.0,7012.75,7012.0,7012.0,586.0
2026-01-27 14:49:00-06:00,7012.25,7014.5,7011.75,7014.25,1683.0
2026-01-27 14:50:00-06:00,7014.25,7015.0,7010.5,7011.25,3960.0
2026-01-27 14:51:00-06:00,7011.25,7011.75,7010.0,7010.75,1586.0
2026-01-27 14:52:00-06:00,7010.75,7011.25,7009.75,7010.5,1133.0
2026-01-27 14:53:00-06:00,7010.5,7011.25,7010.25,7011.0,723.0
2026-01-27 14:54:00-06:00,7011.0,7011.25,7009.25,7010.0,2415.0
2026-01-27 14:55:00-06:00,7009.5,7010.5,7008.25,7010.5,3052.0
2026-01-27 14:56:00-06:00,7010.25,7010.75,7008.75,7010.25,1595.0
2026-01-27 14:57:00-06:00,7010.0,7010.75,7009.5,7010.5,1556.0
2026-01-27 14:58:00-06:00,7010.5,7010.5,7009.0,7009.75,1665.0
2026-01-27 14:59:00-06:00,7009.75,7010.75,7007.5,7008.75,9505.0
2026-01-27 15:00:00-06:00,7008.75,7009.5,7006.5,7007.0,3594.0
2026-01-27 15:01:00-06:00,7007.0,7008.25,7006.25,7007.25,1944.0
2026-01-27 15:02:00-06:00,7007.25,7008.5,7007.0,7008.5,510.0
2026-01-27 15:03:00-06:00,7008.5,7009.5,7008.25,7009.0,713.0
2026-01-27 15:04:00-06:00,7009.25,7009.5,7007.25,7007.25,695.0
2026-01-27 15:05:00-06:00,7007.5,7009.0,7007.0,7007.75,939.0
2026-01-27 15:06:00-06:00,7007.75,7007.75,7007.0,7007.75,417.0
2026-01-27 15:07:00-06:00,7007.75,7008.0,7007.5,7007.75,385.0
2026-01-27 15:08:00-06:00,7008.0,7008.5,7007.75,7007.75,172.0
2026-01-27 15:09:00-06:00,7007.5,7007.5,7006.5,7007.0,324.0
2026-01-27 15:10:00-06:00,7006.75,7007.0,7006.25,7006.5,315.0
2026-01-27 15:11:00-06:00,7006.5,7006.75,7005.5,7006.0,444.0
2026-01-27 15:12:00-06:00,7006.25,7007.5,7006.0,7006.75,533.0
2026-01-27 15:13:00-06:00,7006.75,7007.75,7006.75,7007.25,337.0
2026-01-27 15:14:00-06:00,7006.75,7007.5,7006.5,7006.75,229.0
2026-01-27 15:15:00-06:00,7007.0,7007.75,7006.75,7007.5,318.0
2026-01-27 15:16:00-06:00,7007.25,7009.25,7007.25,7009.25,606.0
2026-01-27 15:17:00-06:00,7009.25,7010.0,7008.75,7010.0,414.0
2026-01-27 15:18:00-06:00,7010.0,7010.75,7009.75,7010.5,383.0
2026-01-27 15:19:00-06:00,7010.25,7010.75,7010.0,7010.0,439.0
2026-01-27 15:20:00-06:00,7010.0,7010.25,7009.75,7010.0,164.0
2026-01-27 15:21:00-06:00,7009.75,7009.75,7007.75,7008.0,449.0
2026-01-27 15:22:00-06:00,7007.75,7008.25,7007.75,7008.0,227.0
2026-01-27 15:23:00-06:00,7008.0,7008.75,7008.0,7008.75,208.0
2026-01-27 15:24:00-06:00,7008.5,7008.75,7007.25,7007.25,332.0
2026-01-27 15:25:00-06:00,7007.5,7007.5,7006.75,7006.75,221.0
2026-01-27 15:26:00-06:00,7006.75,7007.0,7006.0,7006.75,336.0
2026-01-27 15:27:00-06:00,7006.75,7007.5,7006.75,7007.25,149.0
2026-01-27 15:28:00-06:00,7007.5,7008.25,7007.25,7007.75,221.0
2026-01-27 15:29:00-06:00,7008.0,7008.5,7008.0,7008.25,125.0
2026-01-27 15:30:00-06:00,7008.25,7008.75,7007.75,7008.5,194.0
2026-01-27 15:31:00-06:00,7008.5,7008.75,7008.25,7008.5,138.0
2026-01-27 15:32:00-06:00,7008.5,7009.25,7008.25,7009.0,389.0
2026-01-27 15:33:00-06:00,7009.0,7009.25,7008.5,7008.75,206.0
2026-01-27 15:34:00-06:00,7008.5,7009.0,7008.5,7009.0,78.0
2026-01-27 15:35:00-06:00,7009.0,7010.25,7009.0,7010.0,213.0
2026-01-27 15:36:00-06:00,7010.25,7010.25,7009.75,7009.75,102.0
2026-01-27 15:37:00-06:00,7010.25,7010.5,7009.75,7009.75,146.0
2026-01-27 15:38:00-06:00,7009.75,7010.0,7009.5,7010.0,82.0
2026-01-27 15:39:00-06:00,7010.0,7011.0,7010.0,7010.5,370.0
2026-01-27 15:40:00-06:00,7010.75,7011.25,7010.25,7011.0,273.0
2026-01-27 15:41:00-06:00,7011.0,7011.75,7011.0,7011.5,282.0
2026-01-27 15:42:00-06:00,7011.5,7012.0,7011.25,7011.75,254.0
2026-01-27 15:43:00-06:00,7011.75,7011.75,7011.0,7011.25,167.0
2026-01-27 15:44:00-06:00,7011.5,7011.5,7010.25,7011.0,429.0
2026-01-27 15:45:00-06:00,7011.25,7011.25,7009.75,7009.75,399.0
2026-01-27 15:46:00-06:00,7010.0,7010.75,7010.0,7010.75,231.0
2026-01-27 15:47:00-06:00,7010.75,7011.25,7010.5,7010.75,146.0
2026-01-27 15:48:00-06:00,7010.75,7011.5,7010.25,7010.25,266.0
2026-01-27 15:49:00-06:00,7010.5,7010.75,7010.25,7010.5,99.0
2026-01-27 15:50:00-06:00,7010.5,7010.75,7010.0,7010.5,310.0
2026-01-27 15:51:00-06:00,7011.0,7011.0,7010.25,7010.25,68.0
2026-01-27 15:52:00-06:00,7010.5,7011.0,7010.5,7010.5,54.0
2026-01-27 15:53:00-06:00,7010.25,7010.5,7009.75,7010.0,128.0
2026-01-27 15:54:00-06:00,7010.0,7010.25,7009.75,7010.0,87.0
2026-01-27 15:55:00-06:00,7009.75,7010.25,7009.5,7009.75,273.0
2026-01-27 15:56:00-06:00,7009.75,7009.75,7009.0,7009.25,122.0
2026-01-27 15:57:00-06:00,7009.5,7010.0,7009.25,7010.0,99.0
2026-01-27 15:58:00-06:00,7009.75,7010.0,7009.5,7009.5,73.0
2026-01-27 15:59:00-06:00,7009.5,7009.5,7008.75,7009.25,812.0
2026-01-28 08:30:00-06:00,7022.75,7028.25,7022.0,7027.0,9080.0
2026-01-28 08:31:00-06:00,7027.0,7029.5,7025.75,7028.5,4249.0
2026-01-28 08:32:00-06:00,7028.5,7028.75,7025.75,7026.25,3390.0
2026-01-28 08:33:00-06:00,7026.0,7027.25,7023.75,7026.75,3466.0
2026-01-28 08:34:00-06:00,7026.75,7026.75,7024.0,7025.75,2199.0
2026-01-28 08:35:00-06:00,7025.75,7027.75,7025.25,7025.75,2978.0
2026-01-28 08:36:00-06:00,7025.5,7025.5,7022.25,7023.0,4483.0
2026-01-28 08:37:00-06:00,7023.0,7024.0,7021.75,7021.75,2336.0
2026-01-28 08:38:00-06:00,7021.5,7024.25,7021.5,7023.5,2281.0
2026-01-28 08:39:00-06:00,7023.5,7025.0,7021.75,7023.5,1819.0
2026-01-28 08:40:00-06:00,7023.5,7025.25,7022.75,7023.75,3162.0
2026-01-28 08:41:00-06:00,7023.5,7026.25,7022.75,7025.75,2500.0
2026-01-28 08:42:00-06:00,7026.0,7028.0,7025.5,7027.5,3928.0
2026-01-28 08:43:00-06:00,7027.5,7028.0,7025.75,7027.0,1704.0
2026-01-28 08:44:00-06:00,7027.0,7029.5,7025.5,7028.75,2919.0
2026-01-28 08:45:00-06:00,7029.0,7031.25,7029.0,7030.5,4411.0
2026-01-28 08:46:00-06:00,7030.75,7030.75,7027.5,7028.0,2551.0
2026-01-28 08:47:00-06:00,7028.0,7028.0,7022.5,7023.25,4803.0
2026-01-28 08:48:00-06:00,7023.25,7024.0,7020.25,7023.25,4005.0
2026-01-28 08:49:00-06:00,7023.25,7025.25,7023.0,7023.75,1966.0
2026-01-28 08:50:00-06:00,7024.0,7027.25,7023.25,7025.0,3045.0
2026-01-28 08:51:00-06:00,7025.5,7026.5,7024.0,7026.0,1767.0
2026-01-28 08:52:00-06:00,7026.25,7028.25,7026.0,7028.25,1904.0
2026-01-28 08:53:00-06:00,7028.25,7029.25,7025.75,7026.5,2260.0
2026-01-28 08:54:00-06:00,7026.5,7029.75,7025.25,7029.5,2435.0
2026-01-28 08:55:00-06:00,7029.5,7029.5,7026.75,7028.75,1719.0
2026-01-28 08:56:00-06:00,7029.0,7029.5,7027.5,7028.0,1715.0
2026-01-28 08:57:00-06:00,7028.0,7028.0,7026.25,7028.0,1182.0
2026-01-28 08:58:00-06:00,7027.75,7028.0,7025.5,7026.75,1532.0
2026-01-28 08:59:00-06:00,7026.5,7026.75,7023.0,7023.5,2389.0
2026-01-28 09:00:00-06:00,7023.5,7024.75,7022.5,7022.75,2608.0
2026-01-28 09:01:00-06:00,7023.0,7023.5,7021.75,7022.5,1685.0
2026-01-28 09:02:00-06:00,7022.5,7025.75,7020.0,7024.75,4544.0
2026-01-28 09:03:00-06:00,7024.75,7025.25,7023.0,7023.25,1875.0
2026-01-28 09:04:00-06:00,7023.25,7024.25,7022.5,7022.5,1172.0
2026-01-28 09:05:00-06:00,7022.75,7023.0,7021.0,7021.25,1867.0
2026-01-28 09:06:00-06:00,7021.5,7022.75,7020.75,7020.75,1875.0
2026-01-28 09:07:00-06:00,7020.75,7021.25,7018.75,7020.75,3500.0
2026-01-28 09:08:00-06:00,7020.75,7022.5,7019.25,7019.25,3300.0
2026-01-28 09:09:00-06:00,7019.5,7019.75,7016.5,7018.25,5012.0
2026-01-28 09:10:00-06:00,7018.25,7018.75,7015.5,7016.0,4199.0
2026-01-28 09:11:00-06:00,7016.0,7018.0,7015.75,7016.5,3439.0
2026-01-28 09:12:00-06:00,7016.5,7017.0,7014.0,7014.75,3479.0
2026-01-28 09:13:00-06:00,7014.75,7016.5,7014.5,7014.75,3088.0
2026-01-28 09:14:00-06:00,7014.75,7015.0,7013.25,7013.25,2671.0
2026-01-28 09:15:00-06:00,7013.5,7019.25,7012.5,7016.75,6263.0
2026-01-28 09:16:00-06:00,7016.75,7020.25,7016.25,7018.5,3165.0
2026-01-28 09:17:00-06:00,7018.5,7018.5,7015.25,7016.0,2511.0
2026-01-28 09:18:00-06:00,7016.0,7016.0,7014.5,7015.5,2024.0
2026-01-28 09:19:00-06:00,7015.25,7018.0,7014.75,7017.25,2588.0
2026-01-28 09:20:00-06:00,7017.5,7020.75,7017.0,7020.5,3657.0
2026-01-28 09:21:00-06:00,7020.5,7021.25,7019.0,7020.25,1913.0
2026-01-28 09:22:00-06:00,7020.5,7021.5,7018.5,7020.5,2315.0
2026-01-28 09:23:00-06:00,7020.5,7022.25,7019.25,7021.0,3028.0
2026-01-28 09:24:00-06:00,7021.0,7023.25,7020.75,7021.25,2556.0
2026-01-28 09:25:00-06:00,7021.0,7021.5,7017.5,7018.25,3094.0
2026-01-28 09:26:00-06:00,7018.25,7019.5,7017.5,7018.25,1561.0
2026-01-28 09:27:00-06:00,7018.25,7019.0,7017.25,7017.75,1409.0
2026-01-28 09:28:00-06:00,7018.0,7018.75,7017.25,7018.0,818.0
2026-01-28 09:29:00-06:00,7018.0,7019.25,7017.0,7017.25,1517.0
2026-01-28 09:30:00-06:00,7017.25,7020.25,7017.25,7019.0,2068.0
2026-01-28 09:31:00-06:00,7019.0,7019.75,7017.5,7018.0,1795.0
2026-01-28 09:32:00-06:00,7018.0,7018.75,7016.5,7017.25,1743.0
2026-01-28 09:33:00-06:00,7017.75,7018.5,7016.0,7018.25,2108.0
2026-01-28 09:34:00-06:00,7018.5,7019.0,7013.5,7013.5,2513.0
2026-01-28 09:35:00-06:00,7013.75,7015.75,7013.25,7014.25,2239.0
2026-01-28 09:36:00-06:00,7014.5,7018.5,7014.5,7017.75,2433.0
2026-01-28 09:37:00-06:00,7018.0,7018.5,7017.0,7017.25,1239.0
2026-01-28 09:38:00-06:00,7017.5,7018.75,7016.5,7018.75,1398.0
2026-01-28 09:39:00-06:00,7018.75,7019.5,7017.75,7018.0,1693.0
2026-01-28 09:40:00-06:00,7018.25,7018.5,7016.0,7016.0,1307.0
2026-01-28 09:41:00-06:00,7016.0,7016.0,7013.25,7013.25,2310.0
2026-01-28 09:42:00-06:00,7013.5,7014.25,7011.25,7012.0,4010.0
2026-01-28 09:43:00-06:00,7012.0,7013.75,7011.25,7012.5,2358.0
2026-01-28 09:44:00-06:00,7012.75,7013.25,7009.5,7010.0,2885.0
2026-01-28 09:45:00-06:00,7010.25,7012.5,7009.25,7012.0,3378.0
2026-01-28 09:46:00-06:00,7012.0,7012.75,7011.0,7011.5,1427.0
2026-01-28 09:47:00-06:00,7011.75,7012.0,7009.0,7009.25,1861.0
2026-01-28 09:48:00-06:00,7009.25,7011.25,7009.25,7010.75,1670.0
2026-01-28 09:49:00-06:00,7011.0,7011.25,7010.0,7010.5,1174.0
2026-01-28 09:50:00-06:00,7010.25,7011.0,7008.5,7010.0,2227.0
2026-01-28 09:51:00-06:00,7009.75,7010.0,7008.0,7009.0,1773.0
2026-01-28 09:52:00-06:00,7009.0,7011.0,7008.75,7009.25,1535.0
2026-01-28 09:53:00-06:00,7009.25,7010.0,7008.5,7009.5,1249.0
2026-01-28 09:54:00-06:00,7009.5,7011.0,7009.5,7010.0,1232.0
2026-01-28 09:55:00-06:00,7010.25,7011.75,7010.0,7011.25,2077.0
2026-01-28 09:56:00-06:00,7011.25,7011.5,7009.75,7009.75,1167.0
2026-01-28 09:57:00-06:00,7009.75,7010.0,7007.75,7009.5,2065.0
2026-01-28 09:58:00-06:00,7009.25,7009.75,7007.5,7008.25,1460.0
2026-01-28 09:59:00-06:00,7008.25,7009.25,7007.25,7007.5,1341.0
2026-01-28 10:00:00-06:00,7007.5,7010.0,7007.5,7009.75,1965.0
2026-01-28 10:01:00-06:00,7009.75,7011.75,7009.75,7011.5,2031.0
2026-01-28 10:02:00-06:00,7011.5,7012.75,7011.0,7012.0,2802.0
2026-01-28 10:03:00-06:00,7011.75,7012.0,7010.0,7011.25,1452.0
2026-01-28 10:04:00-06:00,7011.25,7013.25,7011.0,7012.75,1678.0
2026-01-28 10:05:00-06:00,7012.75,7013.0,7011.25,7011.25,1349.0
2026-01-28 10:06:00-06:00,7011.5,7014.25,7011.0,7013.25,1698.0
2026-01-28 10:07:00-06:00,7013.5,7015.5,7013.0,7013.75,2226.0
2026-01-28 10:08:00-06:00,7013.5,7014.25,7013.0,7013.75,1055.0
2026-01-28 10:09:00-06:00,7014.0,7014.0,7011.75,7013.25,1053.0
2026-01-28 10:10:00-06:00,7013.5,7014.0,7012.25,7013.25,727.0
2026-01-28 10:11:00-06:00,7013.0,7015.25,7013.0,7015.0,1305.0
2026-01-28 10:12:00-06:00,7015.0,7015.25,7012.25,7012.75,1372.0
2026-01-28 10:13:00-06:00,7012.5,7013.0,7010.75,7011.25,2119.0
2026-01-28 10:14:00-06:00,7011.0,7012.75,7010.5,7012.25,1283.0
2026-01-28 10:15:00-06:00,7012.25,7013.25,7011.5,7012.25,1264.0
2026-01-28 10:16:00-06:00,7012.25,7012.25,7010.75,7011.25,1178.0
2026-01-28 10:17:00-06:00,7011.25,7012.0,7010.25,7011.5,1081.0
2026-01-28 10:18:00-06:00,7011.5,7012.0,7010.75,7011.5,705.0
2026-01-28 10:19:00-06:00,7011.5,7012.25,7009.25,7009.25,1517.0
2026-01-28 10:20:00-06:00,7009.5,7011.0,7009.0,7010.25,1458.0
2026-01-28 10:21:00-06:00,7010.25,7010.25,7008.0,7008.0,1478.0
2026-01-28 10:22:00-06:00,7008.0,7008.5,7007.25,7007.75,1831.0
2026-01-28 10:23:00-06:00,7008.0,7008.25,7006.5,7007.75,2217.0
2026-01-28 10:24:00-06:00,7007.5,7010.0,7006.75,7010.0,1655.0
2026-01-28 10:25:00-06:00,7009.75,7010.0,7008.75,7008.75,1252.0
2026-01-28 10:26:00-06:00,7009.0,7010.5,7008.25,7009.25,1234.0
2026-01-28 10:27:00-06:00,7009.25,7011.5,7008.75,7011.0,1436.0
2026-01-28 10:28:00-06:00,7011.25,7012.25,7010.5,7011.75,1460.0
2026-01-28 10:29:00-06:00,7011.75,7013.75,7011.5,7013.5,2338.0
2026-01-28 10:30:00-06:00,7013.5,7013.5,7009.5,7009.5,2042.0
2026-01-28 10:31:00-06:00,7009.25,7010.0,7005.5,7005.75,3126.0
2026-01-28 10:32:00-06:00,7006.0,7008.0,7005.5,7007.0,1967.0
2026-01-28 10:33:00-06:00,7007.0,7009.0,7007.0,7007.25,1707.0
2026-01-28 10:34:00-06:00,7007.25,7008.0,7005.25,7005.75,1984.0
2026-01-28 10:35:00-06:00,7006.0,7007.5,7005.75,7006.5,1732.0
2026-01-28 10:36:00-06:00,7006.5,7006.5,7004.0,7004.5,2540.0
2026-01-28 10:37:00-06:00,7005.0,7007.0,7005.0,7006.5,1254.0
2026-01-28 10:38:00-06:00,7006.75,7007.25,7005.75,7005.75,697.0
2026-01-28 10:39:00-06:00,7005.75,7006.75,7005.0,7005.75,596.0
2026-01-28 10:40:00-06:00,7005.75,7005.75,7003.75,7004.25,1290.0
2026-01-28 10:41:00-06:00,7004.25,7005.25,7003.25,7003.75,1754.0
2026-01-28 10:42:00-06:00,7003.5,7004.0,7001.0,7001.25,4435.0
2026-01-28 10:43:00-06:00,7001.5,7003.25,7000.75,7001.75,2554.0
2026-01-28 10:44:00-06:00,7001.75,7002.0,6999.75,7001.0,2652.0
2026-01-28 10:45:00-06:00,7000.75,7002.75,7000.25,7001.75,2202.0
2026-01-28 10:46:00-06:00,7001.75,7003.25,7001.25,7002.75,1509.0
2026-01-28 10:47:00-06:00,7002.75,7004.0,7001.5,7002.0,1767.0
2026-01-28 10:48:00-06:00,7002.25,7002.5,7001.0,7002.5,967.0
2026-01-28 10:49:00-06:00,7002.75,7003.75,7002.5,7002.75,1444.0
2026-01-28 10:50:00-06:00,7003.0,7003.25,7001.75,7002.75,945.0
2026-01-28 10:51:00-06:00,7003.0,7003.25,6997.75,6998.25,3297.0
2026-01-28 10:52:00-06:00,6998.0,6999.25,6997.5,6998.0,2260.0
2026-01-28 10:53:00-06:00,6998.0,6999.25,6997.25,6998.25,1945.0
2026-01-28 10:54:00-06:00,6998.25,6998.5,6997.0,6998.25,1754.0
2026-01-28 10:55:00-06:00,6998.25,6999.25,6997.75,6998.75,1137.0
2026-01-28 10:56:00-06:00,6998.75,7000.5,6998.25,6999.75,1433.0
2026-01-28 10:57:00-06:00,6999.5,7000.5,6998.75,7000.0,1055.0
2026-01-28 10:58:00-06:00,7000.0,7001.75,6999.75,7000.5,1755.0
2026-01-28 10:59:00-06:00,7000.25,7000.5,6998.75,6999.25,906.0
2026-01-28 11:00:00-06:00,6999.25,7000.75,6999.0,7000.5,1501.0
2026-01-28 11:01:00-06:00,7000.75,7002.5,7000.75,7001.0,1706.0
2026-01-28 11:02:00-06:00,7000.75,7002.5,7000.5,7002.5,1044.0
2026-01-28 11:03:00-06:00,7002.5,7003.5,7002.0,7003.0,1772.0
2026-01-28 11:04:00-06:00,7003.25,7004.25,7002.5,7002.5,1660.0
2026-01-28 11:05:00-06:00,7002.75,7003.25,7001.5,7001.75,1512.0
2026-01-28 11:06:00-06:00,7001.5,7002.5,6999.5,7002.5,2002.0
2026-01-28 11:07:00-06:00,7002.5,7003.25,7002.25,7002.75,971.0
2026-01-28 11:08:00-06:00,7002.75,7004.25,7002.5,7002.75,750.0
2026-01-28 11:09:00-06:00,7002.5,7003.25,7001.5,7002.5,843.0
2026-01-28 11:10:00-06:00,7002.75,7004.75,7002.25,7004.0,1189.0
2026-01-28 11:11:00-06:00,7004.0,7005.75,7003.75,7005.0,2159.0
2026-01-28 11:12:00-06:00,7005.0,7006.0,7004.5,7006.0,1111.0
2026-01-28 11:13:00-06:00,7006.0,7007.75,7005.75,7006.25,2337.0
2026-01-28 11:14:00-06:00,7006.25,7006.75,7005.5,7006.5,1019.0
2026-01-28 11:15:00-06:00,7006.75,7007.25,7004.25,7004.5,1312.0
2026-01-28 11:16:00-06:00,7004.75,7005.75,7004.25,7005.0,873.0
2026-01-28 11:17:00-06:00,7005.0,7005.75,7004.0,7005.75,769.0
2026-01-28 11:18:00-06:00,7005.75,7007.75,7005.5,7007.5,1109.0
2026-01-28 11:19:00-06:00,7007.25,7008.25,7006.75,7007.75,1089.0
2026-01-28 11:20:00-06:00,7007.75,7009.0,7007.25,7007.75,1868.0
2026-01-28 11:21:00-06:00,7007.5,7008.75,7006.0,7006.5,1226.0
2026-01-28 11:22:00-06:00,7006.25,7006.5,7003.25,7003.5,2549.0
2026-01-28 11:23:00-06:00,7003.5,7004.0,7001.0,7001.75,2095.0
2026-01-28 11:24:00-06:00,7002.0,7002.0,7000.5,7000.5,1364.0
2026-01-28 11:25:00-06:00,7000.5,7001.0,6999.25,7000.25,1843.0
2026-01-28 11:26:00-06:00,7000.25,7001.25,6999.75,7000.0,1477.0
2026-01-28 11:27:00-06:00,6999.75,7000.75,6999.0,6999.0,890.0
2026-01-28 11:28:00-06:00,6998.75,7000.5,6998.5,7000.25,1254.0
2026-01-28 11:29:00-06:00,7000.25,7001.25,7000.0,7000.75,1106.0
2026-01-28 11:30:00-06:00,7000.5,7000.75,6999.0,6999.25,914.0
2026-01-28 11:31:00-06:00,6999.25,7000.0,6998.0,6998.5,1131.0
2026-01-28 11:32:00-06:00,6998.5,6999.5,6997.75,6999.25,834.0
2026-01-28 11:33:00-06:00,6999.25,6999.25,6997.0,6997.25,1382.0
2026-01-28 11:34:00-06:00,6997.5,6998.5,6997.25,6997.5,851.0
2026-01-28 11:35:00-06:00,6997.75,6999.5,6997.75,6999.25,1070.0
2026-01-28 11:36:00-06:00,6999.25,6999.5,6998.5,6998.5,650.0
2026-01-28 11:37:00-06:00,6998.5,7000.5,6998.0,6999.75,947.0
2026-01-28 11:38:00-06:00,6999.75,6999.75,6998.0,6998.0,794.0
2026-01-28 11:39:00-06:00,6998.0,6999.25,6998.0,6998.75,625.0
2026-01-28 11:40:00-06:00,6999.0,7000.5,6997.75,6999.5,2681.0
2026-01-28 11:41:00-06:00,6999.5,7000.0,6998.0,6999.5,572.0
2026-01-28 11:42:00-06:00,6999.25,7000.5,6999.25,7000.0,628.0
2026-01-28 11:43:00-06:00,7000.0,7002.25,7000.0,7001.25,1708.0
2026-01-28 11:44:00-06:00,7001.25,7002.0,7000.25,7000.25,826.0
2026-01-28 11:45:00-06:00,7000.25,7000.75,6999.25,6999.5,1236.0
2026-01-28 11:46:00-06:00,6999.75,7000.75,6999.0,7000.75,737.0
2026-01-28 11:47:00-06:00,7000.75,7003.0,7000.75,7002.75,1525.0
2026-01-28 11:48:00-06:00,7002.5,7002.75,7000.5,7001.25,1167.0
2026-01-28 11:49:00-06:00,7001.25,7002.0,7000.75,7001.5,499.0
2026-01-28 11:50:00-06:00,7001.5,7003.0,7001.25,7002.75,737.0
2026-01-28 11:51:00-06:00,7002.5,7003.5,7002.5,7002.75,628.0
2026-01-28 11:52:00-06:00,7003.0,7003.0,7001.75,7003.0,601.0
2026-01-28 11:53:00-06:00,7003.0,7005.5,7002.75,7005.25,1675.0
2026-01-28 11:54:00-06:00,7005.25,7006.25,7004.75,7006.25,1149.0
2026-01-28 11:55:00-06:00,7006.25,7006.5,7004.75,7005.5,1215.0
2026-01-28 11:56:00-06:00,7005.5,7005.75,7003.5,7004.0,1378.0
2026-01-28 11:57:00-06:00,7004.0,7004.75,7003.25,7004.0,865.0
2026-01-28 11:58:00-06:00,7004.0,7004.5,7003.25,7003.5,593.0
2026-01-28 11:59:00-06:00,7003.25,7003.75,7000.25,7000.5,2026.0
2026-01-28 12:00:00-06:00,7000.25,7001.0,6999.25,7000.25,1428.0
2026-01-28 12:01:00-06:00,7000.75,7001.0,6997.25,6998.25,1503.0
2026-01-28 12:02:00-06:00,6998.25,6999.75,6997.75,6999.0,1114.0
2026-01-28 12:03:00-06:00,6999.0,7001.0,6999.0,7000.75,968.0
2026-01-28 12:04:00-06:00,7000.75,7002.75,7000.25,7002.5,1235.0
2026-01-28 12:05:00-06:00,7002.5,7003.75,7001.75,7003.5,1129.0
2026-01-28 12:06:00-06:00,7003.5,7004.75,7003.25,7003.75,1225.0
2026-01-28 12:07:00-06:00,7003.75,7003.75,7002.5,7003.25,832.0
2026-01-28 12:08:00-06:00,7003.25,7004.0,7002.0,7002.75,564.0
2026-01-28 12:09:00-06:00,7002.5,7003.5,7002.5,7003.0,664.0
2026-01-28 12:10:00-06:00,7002.75,7003.25,7001.25,7001.25,882.0
2026-01-28 12:11:00-06:00,7001.5,7001.5,7000.0,7000.75,725.0
2026-01-28 12:12:00-06:00,7000.75,7003.25,7000.5,7002.75,795.0
2026-01-28 12:13:00-06:00,7003.0,7003.75,7002.75,7003.5,774.0
2026-01-28 12:14:00-06:00,7003.25,7004.0,7003.25,7004.0,500.0
2026-01-28 12:15:00-06:00,7004.0,7004.0,7003.25,7003.75,354.0
2026-01-28 12:16:00-06:00,7003.75,7005.75,7003.5,7005.0,1506.0
2026-01-28 12:17:00-06:00,7005.0,7005.25,7004.25,7004.75,560.0
2026-01-28 12:18:00-06:00,7004.5,7005.5,7004.5,7004.5,387.0
2026-01-28 12:19:00-06:00,7004.5,7005.5,7003.75,7005.25,571.0
2026-01-28 12:20:00-06:00,7005.0,7006.5,7005.0,7005.75,756.0
2026-01-28 12:21:00-06:00,7005.75,7006.5,7005.5,7005.5,521.0
2026-01-28 12:22:00-06:00,7005.75,7006.0,7004.0,7004.25,797.0
2026-01-28 12:23:00-06:00,7004.25,7005.25,7004.0,7004.25,554.0
2026-01-28 12:24:00-06:00,7004.25,7004.75,7003.5,7004.5,531.0
2026-01-28 12:25:00-06:00,7004.5,7004.75,7002.5,7003.0,1114.0
2026-01-28 12:26:00-06:00,7003.0,7004.25,7003.0,7004.0,504.0
2026-01-28 12:27:00-06:00,7003.75,7005.25,7003.75,7004.25,570.0
2026-01-28 12:28:00-06:00,7004.5,7004.75,7003.75,7004.0,397.0
2026-01-28 12:29:00-06:00,7004.0,7004.5,7003.5,7003.75,374.0
2026-01-28 12:30:00-06:00,7003.75,7004.75,7003.5,7004.5,517.0
2026-01-28 12:31:00-06:00,7004.0,7004.5,7003.5,7003.5,363.0
2026-01-28 12:32:00-06:00,7003.5,7003.5,7002.0,7003.0,1107.0
2026-01-28 12:33:00-06:00,7002.75,7004.25,7002.25,7003.75,425.0
2026-01-28 12:34:00-06:00,7003.5,7004.0,7002.25,7002.25,377.0
2026-01-28 12:35:00-06:00,7002.5,7003.75,7001.75,7003.5,824.0
2026-01-28 12:36:00-06:00,7003.75,7004.75,7003.5,7003.75,511.0
2026-01-28 12:37:00-06:00,7003.5,7005.25,7002.75,7003.0,538.0
2026-01-28 12:38:00-06:00,7002.75,7003.0,7001.5,7001.5,778.0
2026-01-28 12:39:00-06:00,7001.75,7001.75,7000.75,7000.75,896.0
2026-01-28 12:40:00-06:00,7001.0,7001.75,7000.75,7001.75,637.0
2026-01-28 12:41:00-06:00,7001.75,7003.75,7001.5,7002.75,592.0
2026-01-28 12:42:00-06:00,7002.75,7003.25,7002.25,7002.75,317.0
2026-01-28 12:43:00-06:00,7002.5,7003.0,7001.5,7002.5,512.0
2026-01-28 12:44:00-06:00,7002.5,7003.0,7001.75,7002.0,384.0
2026-01-28 12:45:00-06:00,7002.25,7002.5,7000.75,7001.0,495.0
2026-01-28 12:46:00-06:00,7001.0,7001.5,7000.25,7000.25,701.0
2026-01-28 12:47:00-06:00,7000.5,7001.5,7000.0,7000.0,529.0
2026-01-28 12:48:00-06:00,7000.0,7001.25,6999.5,7001.25,755.0
2026-01-28 12:49:00-06:00,7001.25,7002.0,7000.75,7001.25,425.0
2026-01-28 12:50:00-06:00,7001.0,7003.5,7000.5,7003.25,858.0
2026-01-28 12:51:00-06:00,7003.5,7004.0,7002.5,7002.5,447.0
2026-01-28 12:52:00-06:00,7002.5,7003.0,7001.75,7002.25,581.0
2026-01-28 12:53:00-06:00,7002.5,7002.5,7000.5,7000.5,493.0
2026-01-28 12:54:00-06:00,7000.5,7002.5,7000.5,7001.75,330.0
2026-01-28 12:55:00-06:00,7001.5,7001.75,7000.75,7001.75,368.0
2026-01-28 12:56:00-06:00,7001.25,7002.75,7001.0,7001.75,321.0
2026-01-28 12:57:00-06:00,7001.25,7002.75,7001.0,7002.25,357.0
2026-01-28 12:58:00-06:00,7002.5,7003.75,7002.5,7003.75,623.0
2026-01-28 12:59:00-06:00,7003.75,7004.75,7002.25,7004.0,909.0
2026-01-28 13:00:00-06:00,7002.0,7009.0,6989.5,7006.25,5907.0
2026-01-28 13:01:00-06:00,7006.25,7007.5,6998.75,6999.25,2158.0
2026-01-28 13:02:00-06:00,6999.75,6999.75,6991.5,6995.5,3390.0
2026-01-28 13:03:00-06:00,6995.5,6998.75,6994.75,6997.5,1330.0
2026-01-28 13:04:00-06:00,6997.75,7003.75,6997.5,7001.5,2060.0
2026-01-28 13:05:00-06:00,7001.75,7003.5,6998.25,6999.25,1736.0
2026-01-28 13:06:00-06:00,6999.0,7002.0,6998.5,7000.5,1085.0
2026-01-28 13:07:00-06:00,7000.5,7002.25,7000.0,7001.5,487.0
2026-01-28 13:08:00-06:00,7001.5,7004.5,7001.5,7003.0,1430.0
2026-01-28 13:09:00-06:00,7003.0,7005.0,7002.25,7002.75,836.0
2026-01-28 13:10:00-06:00,7002.5,7004.0,7000.5,7002.5,912.0
2026-01-28 13:11:00-06:00,7002.75,7004.5,7000.75,7004.5,753.0
2026-01-28 13:12:00-06:00,7004.5,7005.25,7003.5,7003.5,839.0
2026-01-28 13:13:00-06:00,7003.5,7003.75,7000.25,7000.25,806.0
2026-01-28 13:14:00-06:00,7000.5,7002.25,7000.0,7001.25,607.0
2026-01-28 13:15:00-06:00,7001.0,7001.5,6998.75,7000.5,964.0
2026-01-28 13:16:00-06:00,7000.5,7000.75,6998.75,7000.25,574.0
2026-01-28 13:17:00-06:00,7000.0,7000.75,6998.75,6999.25,495.0
2026-01-28 13:18:00-06:00,6999.75,6999.75,6997.5,6999.25,1050.0
2026-01-28 13:19:00-06:00,6999.25,7002.5,6999.0,7001.5,966.0
2026-01-28 13:20:00-06:00,7001.75,7002.5,6999.0,7000.25,704.0
2026-01-28 13:21:00-06:00,7000.5,7000.5,6997.5,6997.75,1009.0
2026-01-28 13:22:00-06:00,6997.75,7001.0,6997.25,7000.5,910.0
2026-01-28 13:23:00-06:00,7000.25,7003.0,7000.25,7003.0,798.0
2026-01-28 13:24:00-06:00,7003.0,7005.0,7002.0,7004.0,1098.0
2026-01-28 13:25:00-06:00,7004.25,7004.25,7003.0,7003.75,721.0
2026-01-28 13:26:00-06:00,7003.5,7005.5,7003.5,7004.5,864.0
2026-01-28 13:27:00-06:00,7004.25,7004.25,7002.0,7003.25,663.0
2026-01-28 13:28:00-06:00,7003.25,7004.25,7002.25,7004.25,437.0
2026-01-28 13:29:00-06:00,7004.0,7004.75,6993.0,6993.75,3315.0
2026-01-28 13:30:00-06:00,6993.5,7007.5,6991.25,7007.25,5639.0
2026-01-28 13:31:00-06:00,7007.25,7012.75,7004.5,7005.25,6805.0
2026-01-28 13:32:00-06:00,7005.5,7008.0,7001.0,7007.5,3252.0
2026-01-28 13:33:00-06:00,7007.75,7008.0,7000.25,7003.0,3247.0
2026-01-28 13:34:00-06:00,7002.75,7004.5,6997.5,7003.0,3118.0
2026-01-28 13:35:00-06:00,7003.0,7007.25,7002.5,7003.0,2895.0
2026-01-28 13:36:00-06:00,7003.0,7005.25,7002.0,7003.5,1450.0
2026-01-28 13:37:00-06:00,7003.5,7004.75,6999.75,7002.25,2185.0
2026-01-28 13:38:00-06:00,7002.25,7003.75,7000.5,7002.0,985.0
2026-01-28 13:39:00-06:00,7002.0,7002.5,6998.5,6998.75,1027.0
2026-01-28 13:40:00-06:00,6999.0,6999.75,6994.5,6998.0,2632.0
2026-01-28 13:41:00-06:00,6998.0,7000.75,6993.5,6999.75,3069.0
2026-01-28 13:42:00-06:00,6999.75,7001.5,6998.5,6999.5,1671.0
2026-01-28 13:43:00-06:00,7000.0,7001.0,6996.25,6997.25,1575.0
2026-01-28 13:44:00-06:00,6997.25,7000.25,6997.0,6999.0,1099.0
2026-01-28 13:45:00-06:00,6999.0,7003.0,6997.5,7002.0,1722.0
2026-01-28 13:46:00-06:00,7002.0,7004.25,6999.5,7002.0,1983.0
2026-01-28 13:47:00-06:00,7002.0,7005.5,7001.75,7003.75,1995.0
2026-01-28 13:48:00-06:00,7003.75,7009.0,7003.5,7008.75,2316.0
2026-01-28 13:49:00-06:00,7009.0,7009.5,7006.0,7006.25,1934.0
2026-01-28 13:50:00-06:00,7006.25,7007.25,7004.75,7005.75,1141.0
2026-01-28 13:51:00-06:00,7005.75,7007.0,7003.75,7006.25,1594.0
2026-01-28 13:52:00-06:00,7006.5,7010.5,7006.5,7008.0,1881.0
2026-01-28 13:53:00-06:00,7008.25,7008.25,7005.75,7006.25,1099.0
2026-01-28 13:54:00-06:00,7006.5,7010.75,7006.0,7008.75,1579.0
2026-01-28 13:55:00-06:00,7008.75,7009.0,7006.25,7006.75,1103.0
2026-01-28 13:56:00-06:00,7006.75,7006.75,7004.25,7004.5,1257.0
2026-01-28 13:57:00-06:00,7004.5,7005.0,7002.25,7004.5,1307.0
2026-01-28 13:58:00-06:00,7004.5,7007.0,7003.75,7005.75,911.0
2026-01-28 13:59:00-06:00,7005.5,7007.0,7000.5,7001.0,1902.0
2026-01-28 14:00:00-06:00,7001.0,7005.25,6999.0,7005.25,2077.0
2026-01-28 14:01:00-06:00,7005.25,7008.0,7004.75,7006.75,1327.0
2026-01-28 14:02:00-06:00,7007.0,7009.0,7006.5,7007.5,904.0
2026-01-28 14:03:00-06:00,7007.25,7008.5,7006.5,7006.75,670.0
2026-01-28 14:04:00-06:00,7006.75,7008.75,7005.25,7007.25,940.0
2026-01-28 14:05:00-06:00,7007.25,7008.0,7006.75,7007.75,510.0
2026-01-28 14:06:00-06:00,7007.75,7009.25,7007.25,7008.75,768.0
2026-01-28 14:07:00-06:00,7008.75,7011.0,7008.0,7008.5,1413.0
2026-01-28 14:08:00-06:00,7008.75,7010.0,7008.0,7008.75,869.0
2026-01-28 14:09:00-06:00,7008.75,7012.25,7008.25,7011.5,1557.0
2026-01-28 14:10:00-06:00,7011.5,7013.0,7010.75,7012.75,1559.0
2026-01-28 14:11:00-06:00,7012.75,7014.0,7010.25,7011.0,2304.0
2026-01-28 14:12:00-06:00,7011.5,7012.5,7010.25,7011.5,936.0
2026-01-28 14:13:00-06:00,7011.5,7012.0,7010.5,7011.5,563.0
2026-01-28 14:14:00-06:00,7011.25,7011.5,7009.5,7009.75,744.0
2026-01-28 14:15:00-06:00,7009.75,7010.25,7007.25,7010.0,1990.0
2026-01-28 14:16:00-06:00,7010.0,7010.75,7008.75,7009.25,653.0
2026-01-28 14:17:00-06:00,7009.0,7011.5,7007.75,7010.5,942.0
2026-01-28 14:18:00-06:00,7010.5,7010.75,7009.5,7010.75,402.0
2026-01-28 14:19:00-06:00,7010.75,7011.75,7010.5,7011.25,483.0
2026-01-28 14:20:00-06:00,7011.25,7012.75,7009.25,7009.75,1106.0
2026-01-28 14:21:00-06:00,7009.75,7012.25,7009.5,7012.0,585.0
2026-01-28 14:22:00-06:00,7012.0,7014.0,7012.0,7013.75,1218.0
2026-01-28 14:23:00-06:00,7013.75,7014.0,7012.5,7013.0,575.0
2026-01-28 14:24:00-06:00,7013.0,7015.0,7013.0,7013.0,990.0
2026-01-28 14:25:00-06:00,7013.0,7013.0,7008.5,7008.75,1574.0
2026-01-28 14:26:00-06:00,7008.75,7010.0,7007.0,7007.0,1251.0
2026-01-28 14:27:00-06:00,7007.0,7009.0,7006.75,7008.25,895.0
2026-01-28 14:28:00-06:00,7008.25,7009.0,7008.0,7008.25,456.0
2026-01-28 14:29:00-06:00,7008.5,7008.5,7005.75,7006.5,1163.0
2026-01-28 14:30:00-06:00,7006.25,7007.75,7005.75,7007.25,1100.0
2026-01-28 14:31:00-06:00,7007.25,7007.25,7004.25,7005.5,1314.0
2026-01-28 14:32:00-06:00,7005.5,7006.25,7004.75,7006.25,1004.0
2026-01-28 14:33:00-06:00,7006.25,7006.75,7005.0,7005.0,464.0
2026-01-28 14:34:00-06:00,7005.0,7005.5,7002.75,7003.0,1374.0
2026-01-28 14:35:00-06:00,7003.0,7007.25,7002.25,7007.0,1794.0
2026-01-28 14:36:00-06:00,7006.75,7008.0,7005.75,7006.75,1005.0
2026-01-28 14:37:00-06:00,7006.5,7008.5,7006.0,7006.5,895.0
2026-01-28 14:38:00-06:00,7006.5,7006.5,7003.75,7004.5,1214.0
2026-01-28 14:39:00-06:00,7004.5,7007.25,7004.0,7007.25,682.0
2026-01-28 14:40:00-06:00,7007.25,7007.5,7005.5,7005.75,654.0
2026-01-28 14:41:00-06:00,7005.75,7006.0,7004.0,7004.75,667.0
2026-01-28 14:42:00-06:00,7004.75,7004.75,7002.5,7004.25,767.0
2026-01-28 14:43:00-06:00,7004.25,7005.0,7003.0,7003.75,679.0
2026-01-28 14:44:00-06:00,7003.75,7004.25,7002.75,7003.25,626.0
2026-01-28 14:45:00-06:00,7003.0,7004.75,7002.25,7004.25,848.0
2026-01-28 14:46:00-06:00,7004.0,7005.0,7003.25,7003.5,524.0
2026-01-28 14:47:00-06:00,7003.5,7006.0,7003.0,7005.0,725.0
2026-01-28 14:48:00-06:00,7005.0,7006.25,7004.5,7004.75,644.0
2026-01-28 14:49:00-06:00,7005.0,7006.75,7001.25,7002.0,1460.0
2026-01-28 14:50:00-06:00,7002.0,7007.75,6999.0,7007.75,4623.0
2026-01-28 14:51:00-06:00,7007.75,7009.25,7007.25,7008.75,1549.0
2026-01-28 14:52:00-06:00,7008.75,7009.75,7007.0,7009.5,1317.0
2026-01-28 14:53:00-06:00,7009.5,7011.25,7009.25,7010.75,1344.0
2026-01-28 14:54:00-06:00,7011.0,7011.75,7009.25,7009.75,2257.0
2026-01-28 14:55:00-06:00,7010.0,7012.75,7008.75,7012.25,2808.0
2026-01-28 14:56:00-06:00,7012.5,7013.0,7010.75,7011.0,1265.0
2026-01-28 14:57:00-06:00,7010.75,7012.5,7010.75,7011.5,921.0
2026-01-28 14:58:00-06:00,7011.75,7012.75,7010.25,7012.75,1841.0
2026-01-28 14:59:00-06:00,7012.75,7014.0,7003.0,7006.5,8220.0
2026-01-28 15:00:00-06:00,7006.5,7012.0,6991.0,6992.75,6857.0
2026-01-28 15:01:00-06:00,6992.75,6999.5,6988.5,6991.5,5417.0
2026-01-28 15:02:00-06:00,6991.25,6994.0,6982.0,6982.25,3152.0
2026-01-28 15:03:00-06:00,6982.25,6984.25,6978.75,6982.25,2254.0
2026-01-28 15:04:00-06:00,6981.75,6988.25,6977.25,6988.25,2313.0
2026-01-28 15:05:00-06:00,6988.25,6988.25,6984.5,6987.75,1558.0
2026-01-28 15:06:00-06:00,6988.0,6996.25,6987.5,6993.75,2149.0
2026-01-28 15:07:00-06:00,6993.75,7000.25,6993.0,6999.25,1709.0
2026-01-28 15:08:00-06:00,6999.75,7002.75,6998.25,7001.5,1590.0
2026-01-28 15:09:00-06:00,7001.25,7005.0,7001.0,7005.0,1106.0
2026-01-28 15:10:00-06:00,7004.75,7005.25,7002.5,7002.75,912.0
2026-01-28 15:11:00-06:00,7002.75,7008.0,7002.75,7007.75,1266.0
2026-01-28 15:12:00-06:00,7007.75,7008.0,7003.5,7005.5,824.0
2026-01-28 15:13:00-06:00,7006.0,7009.5,7004.75,7008.75,797.0
2026-01-28 15:14:00-06:00,7008.75,7011.0,7008.5,7010.25,1297.0
2026-01-28 15:15:00-06:00,7010.0,7010.25,7007.75,7009.0,864.0
2026-01-28 15:16:00-06:00,7008.75,7011.0,7008.5,7010.75,455.0
2026-01-28 15:17:00-06:00,7010.5,7013.25,7010.25,7011.5,815.0
2026-01-28 15:18:00-06:00,7011.5,7013.5,7010.5,7010.75,649.0
2026-01-28 15:19:00-06:00,7010.75,7013.5,7010.25,7013.25,493.0
2026-01-28 15:20:00-06:00,7013.25,7015.0,7012.0,7014.75,825.0
2026-01-28 15:21:00-06:00,7014.5,7016.25,7013.5,7015.75,718.0
2026-01-28 15:22:00-06:00,7015.5,7017.75,7015.25,7016.5,735.0
2026-01-28 15:23:00-06:00,7016.25,7019.25,7016.25,7018.5,1047.0
2026-01-28 15:24:00-06:00,7018.5,7019.5,7017.25,7017.5,437.0
2026-01-28 15:25:00-06:00,7017.5,7019.5,7017.0,7019.5,473.0
2026-01-28 15:26:00-06:00,7019.25,7021.25,7019.0,7020.5,765.0
2026-01-28 15:27:00-06:00,7020.5,7021.5,7019.5,7021.5,582.0
2026-01-28 15:28:00-06:00,7021.25,7021.75,7020.0,7020.0,525.0
2026-01-28 15:29:00-06:00,7020.0,7021.25,7019.5,7021.25,346.0
2026-01-28 15:30:00-06:00,7021.5,7023.0,7021.25,7021.75,722.0
2026-01-28 15:31:00-06:00,7021.75,7022.25,7019.25,7019.5,755.0
2026-01-28 15:32:00-06:00,7019.5,7019.5,7017.25,7018.5,811.0
2026-01-28 15:33:00-06:00,7018.75,7021.5,7018.5,7020.75,582.0
2026-01-28 15:34:00-06:00,7020.75,7021.0,7019.5,7019.5,335.0
2026-01-28 15:35:00-06:00,7019.5,7020.0,7017.75,7018.75,362.0
2026-01-28 15:36:00-06:00,7018.5,7019.5,7017.75,7018.75,225.0
2026-01-28 15:37:00-06:00,7018.5,7019.5,7018.0,7019.0,271.0
2026-01-28 15:38:00-06:00,7019.0,7020.25,7018.75,7020.0,357.0
2026-01-28 15:39:00-06:00,7019.5,7019.75,7017.75,7018.0,319.0
2026-01-28 15:40:00-06:00,7018.0,7018.25,7016.5,7017.25,488.0
2026-01-28 15:41:00-06:00,7017.5,7019.0,7017.5,7018.75,291.0
2026-01-28 15:42:00-06:00,7018.75,7020.0,7018.0,7019.5,334.0
2026-01-28 15:43:00-06:00,7019.75,7019.75,7018.0,7018.25,238.0
2026-01-28 15:44:00-06:00,7018.25,7019.5,7017.75,7018.25,360.0
2026-01-28 15:45:00-06:00,7018.5,7018.75,7016.75,7018.5,414.0
2026-01-28 15:46:00-06:00,7018.25,7020.25,7018.25,7020.0,399.0
2026-01-28 15:47:00-06:00,7020.25,7022.0,7020.0,7021.25,379.0
2026-01-28 15:48:00-06:00,7021.0,7021.25,7020.0,7020.25,168.0
2026-01-28 15:49:00-06:00,7019.75,7019.75,7018.25,7018.5,188.0
2026-01-28 15:50:00-06:00,7018.75,7019.5,7017.75,7018.0,175.0
2026-01-28 15:51:00-06:00,7017.75,7018.25,7016.75,7017.75,124.0
2026-01-28 15:52:00-06:00,7017.75,7018.5,7015.5,7015.75,378.0
2026-01-28 15:53:00-06:00,7015.5,7016.0,7014.75,7014.75,231.0
2026-01-28 15:54:00-06:00,7014.75,7015.0,7014.25,7014.5,251.0
2026-01-28 15:55:00-06:00,7014.5,7017.25,7014.5,7016.75,270.0
2026-01-28 15:56:00-06:00,7017.25,7017.5,7016.25,7016.5,205.0
2026-01-28 15:57:00-06:00,7016.5,7018.25,7016.0,7018.0,180.0
2026-01-28 15:58:00-06:00,7018.25,7018.5,7016.75,7017.25,156.0
2026-01-28 15:59:00-06:00,7017.5,7018.0,7016.25,7016.75,432.0
2026-01-29 08:30:00-06:00,7015.0,7021.75,7013.0,7017.25,9570.0
2026-01-29 08:31:00-06:00,7017.25,7019.25,7011.75,7014.0,5014.0
2026-01-29 08:32:00-06:00,7014.0,7016.75,7013.0,7013.75,2796.0
2026-01-29 08:33:00-06:00,7013.75,7013.75,7008.5,7009.0,5141.0
2026-01-29 08:34:00-06:00,7009.25,7011.5,7007.75,7010.0,4268.0
2026-01-29 08:35:00-06:00,7010.25,7010.75,7005.0,7007.5,5170.0
2026-01-29 08:36:00-06:00,7007.75,7008.5,7001.0,7003.25,4936.0
2026-01-29 08:37:00-06:00,7003.25,7005.75,7000.0,7005.0,5964.0
2026-01-29 08:38:00-06:00,7005.0,7007.0,7001.5,7003.25,3751.0
2026-01-29 08:39:00-06:00,7003.25,7007.0,7002.5,7004.75,3180.0
2026-01-29 08:40:00-06:00,7005.0,7006.75,7003.25,7005.5,3058.0
2026-01-29 08:41:00-06:00,7005.75,7005.75,6999.25,7001.75,4337.0
2026-01-29 08:42:00-06:00,7001.75,7002.25,6993.75,6995.25,6608.0
2026-01-29 08:43:00-06:00,6995.0,6998.0,6987.5,6988.75,8288.0
2026-01-29 08:44:00-06:00,6988.5,6989.75,6982.5,6983.0,7387.0
2026-01-29 08:45:00-06:00,6982.75,6983.5,6978.25,6982.75,7546.0
2026-01-29 08:46:00-06:00,6982.75,6982.75,6974.5,6977.0,7130.0
2026-01-29 08:47:00-06:00,6976.5,6982.5,6973.0,6981.75,8399.0
2026-01-29 08:48:00-06:00,6981.5,6989.75,6981.5,6989.5,8742.0
2026-01-29 08:49:00-06:00,6989.75,6991.25,6986.75,6987.75,5568.0
2026-01-29 08:50:00-06:00,6987.75,6987.75,6980.5,6983.25,6261.0
2026-01-29 08:51:00-06:00,6983.0,6984.25,6977.5,6978.5,4363.0
2026-01-29 08:52:00-06:00,6978.5,6981.25,6976.5,6978.25,4337.0
2026-01-29 08:53:00-06:00,6978.5,6978.75,6972.75,6973.25,4797.0
2026-01-29 08:54:00-06:00,6973.0,6982.5,6972.0,6980.75,6766.0
2026-01-29 08:55:00-06:00,6980.5,6984.0,6979.25,6984.0,4655.0
2026-01-29 08:56:00-06:00,6984.0,6984.0,6980.5,6981.5,2966.0
2026-01-29 08:57:00-06:00,6981.5,6983.25,6975.25,6975.75,5270.0
2026-01-29 08:58:00-06:00,6976.0,6977.25,6970.25,6970.75,5058.0
2026-01-29 08:59:00-06:00,6970.75,6971.5,6965.5,6966.5,6382.0
2026-01-29 09:00:00-06:00,6966.75,6967.25,6954.75,6956.75,9578.0
2026-01-29 09:01:00-06:00,6957.0,6959.25,6952.25,6953.5,8424.0
2026-01-29 09:02:00-06:00,6953.5,6957.0,6951.5,6953.75,6252.0
2026-01-29 09:03:00-06:00,6954.0,6956.25,6947.25,6948.25,7981.0
2026-01-29 09:04:00-06:00,6948.25,6954.75,6947.0,6954.5,5925.0
2026-01-29 09:05:00-06:00,6954.5,6959.5,6952.5,6954.5,7034.0
2026-01-29 09:06:00-06:00,6954.0,6955.75,6950.5,6953.25,3955.0
2026-01-29 09:07:00-06:00,6953.5,6954.5,6950.75,6952.25,2454.0
2026-01-29 09:08:00-06:00,6952.5,6958.25,6952.5,6953.75,5104.0
2026-01-29 09:09:00-06:00,6954.0,6954.75,6949.5,6951.5,3689.0
2026-01-29 09:10:00-06:00,6951.5,6954.0,6946.25,6953.25,6072.0
2026-01-29 09:11:00-06:00,6953.0,6959.5,6952.25,6958.5,5592.0
2026-01-29 09:12:00-06:00,6959.0,6959.0,6951.5,6953.25,3965.0
2026-01-29 09:13:00-06:00,6953.25,6954.75,6946.25,6946.75,4712.0
2026-01-29 09:14:00-06:00,6946.75,6947.0,6940.0,6942.0,8085.0
2026-01-29 09:15:00-06:00,6942.25,6948.5,6941.75,6947.75,4558.0
2026-01-29 09:16:00-06:00,6947.75,6948.75,6942.5,6946.25,4205.0
2026-01-29 09:17:00-06:00,6946.25,6948.25,6942.75,6945.25,3141.0
2026-01-29 09:18:00-06:00,6945.25,6952.25,6944.0,6949.5,4339.0
2026-01-29 09:19:00-06:00,6949.25,6951.75,6944.75,6945.5,4405.0
2026-01-29 09:20:00-06:00,6945.5,6955.75,6942.75,6955.25,8137.0
2026-01-29 09:21:00-06:00,6955.25,6957.5,6953.75,6954.75,5435.0
2026-01-29 09:22:00-06:00,6954.75,6956.5,6951.0,6955.5,3432.0
2026-01-29 09:23:00-06:00,6955.0,6958.25,6952.25,6952.75,3934.0
2026-01-29 09:24:00-06:00,6953.0,6955.75,6948.75,6951.75,3616.0
2026-01-29 09:25:00-06:00,6951.75,6956.25,6951.0,6954.75,3363.0
2026-01-29 09:26:00-06:00,6955.25,6958.5,6950.5,6951.75,5265.0
2026-01-29 09:27:00-06:00,6952.0,6953.0,6945.5,6945.75,3824.0
2026-01-29 09:28:00-06:00,6946.0,6946.75,6941.75,6942.5,4168.0
2026-01-29 09:29:00-06:00,6942.25,6943.0,6938.5,6940.0,5538.0
2026-01-29 09:30:00-06:00,6940.0,6943.5,6935.75,6940.0,7705.0
2026-01-29 09:31:00-06:00,6940.25,6943.0,6934.0,6935.5,6289.0
2026-01-29 09:32:00-06:00,6935.25,6936.5,6930.75,6930.75,5126.0
2026-01-29 09:33:00-06:00,6930.75,6933.5,6929.0,6931.5,5873.0
2026-01-29 09:34:00-06:00,6931.75,6934.25,6930.25,6930.75,3100.0
2026-01-29 09:35:00-06:00,6931.0,6931.75,6926.5,6930.25,5558.0
2026-01-29 09:36:00-06:00,6930.0,6931.0,6923.5,6926.25,4709.0
2026-01-29 09:37:00-06:00,6926.75,6931.5,6926.25,6928.5,4587.0
2026-01-29 09:38:00-06:00,6928.5,6928.75,6923.5,6927.0,3878.0
2026-01-29 09:39:00-06:00,6927.25,6929.5,6925.25,6926.0,3246.0
2026-01-29 09:40:00-06:00,6926.25,6926.25,6919.0,6921.25,7857.0
2026-01-29 09:41:00-06:00,6921.5,6926.0,6920.0,6921.25,4134.0
2026-01-29 09:42:00-06:00,6921.5,6923.0,6916.75,6918.5,4504.0
2026-01-29 09:43:00-06:00,6918.5,6919.0,6914.75,6915.0,4204.0
2026-01-29 09:44:00-06:00,6915.0,6917.25,6913.0,6915.75,3744.0
2026-01-29 09:45:00-06:00,6916.0,6918.75,6913.5,6918.75,4566.0
2026-01-29 09:46:00-06:00,6918.5,6920.75,6915.5,6918.5,4598.0
2026-01-29 09:47:00-06:00,6918.75,6922.75,6915.25,6922.25,4893.0
2026-01-29 09:48:00-06:00,6922.25,6923.25,6917.75,6918.75,5633.0
2026-01-29 09:49:00-06:00,6918.75,6919.0,6913.75,6915.5,3757.0
2026-01-29 09:50:00-06:00,6915.25,6915.5,6909.0,6910.25,7372.0
2026-01-29 09:51:00-06:00,6910.25,6911.5,6906.25,6907.0,5496.0
2026-01-29 09:52:00-06:00,6907.0,6908.25,6906.0,6906.5,3573.0
2026-01-29 09:53:00-06:00,6906.75,6907.0,6904.25,6905.0,4597.0
2026-01-29 09:54:00-06:00,6905.0,6905.5,6902.5,6904.0,4286.0
2026-01-29 09:55:00-06:00,6903.75,6909.75,6902.25,6909.5,5125.0
2026-01-29 09:56:00-06:00,6909.5,6917.5,6909.25,6916.25,6759.0
2026-01-29 09:57:00-06:00,6916.0,6919.5,6914.25,6916.0,6371.0
2026-01-29 09:58:00-06:00,6916.0,6917.0,6910.75,6910.75,5321.0
2026-01-29 09:59:00-06:00,6911.0,6913.75,6909.75,6910.75,3964.0
2026-01-29 10:00:00-06:00,6911.0,6913.75,6905.75,6911.75,7106.0
2026-01-29 10:01:00-06:00,6912.0,6912.0,6907.75,6909.0,2896.0
2026-01-29 10:02:00-06:00,6909.0,6909.25,6903.5,6906.5,4773.0
2026-01-29 10:03:00-06:00,6906.5,6907.75,6903.0,6906.0,3660.0
2026-01-29 10:04:00-06:00,6905.75,6911.0,6901.5,6902.5,5851.0
2026-01-29 10:05:00-06:00,6902.5,6907.75,6900.75,6905.25,5033.0
2026-01-29 10:06:00-06:00,6905.0,6905.25,6902.0,6903.25,2676.0
2026-01-29 10:07:00-06:00,6903.0,6903.0,6898.0,6899.0,5604.0
2026-01-29 10:08:00-06:00,6899.25,6907.0,6899.0,6904.0,4911.0
2026-01-29 10:09:00-06:00,6904.0,6908.75,6903.0,6907.5,3618.0
2026-01-29 10:10:00-06:00,6907.75,6911.5,6902.75,6910.25,6401.0
2026-01-29 10:11:00-06:00,6910.25,6918.0,6910.25,6918.0,5619.0
2026-01-29 10:12:00-06:00,6918.0,6920.5,6915.75,6919.0,6032.0
2026-01-29 10:13:00-06:00,6918.5,6923.75,6918.0,6923.25,6097.0
2026-01-29 10:14:00-06:00,6923.25,6926.75,6922.75,6926.25,6040.0
2026-01-29 10:15:00-06:00,6926.5,6929.25,6925.25,6926.25,4744.0
2026-01-29 10:16:00-06:00,6926.25,6929.5,6925.25,6929.0,4675.0
2026-01-29 10:17:00-06:00,6929.25,6930.5,6924.0,6926.5,4759.0
2026-01-29 10:18:00-06:00,6926.5,6929.0,6924.75,6927.75,2943.0
2026-01-29 10:19:00-06:00,6927.75,6932.25,6927.75,6930.75,3200.0
2026-01-29 10:20:00-06:00,6930.5,6937.0,6930.5,6934.0,5539.0
2026-01-29 10:21:00-06:00,6934.25,6935.25,6931.5,6934.25,3543.0
2026-01-29 10:22:00-06:00,6934.5,6936.0,6924.0,6924.0,5226.0
2026-01-29 10:23:00-06:00,6924.25,6930.25,6923.0,6927.5,4374.0
2026-01-29 10:24:00-06:00,6927.5,6931.75,6926.25,6928.5,3441.0
2026-01-29 10:25:00-06:00,6928.5,6934.0,6928.0,6931.5,3059.0
2026-01-29 10:26:00-06:00,6931.75,6932.75,6929.0,6930.75,2346.0
2026-01-29 10:27:00-06:00,6930.75,6932.75,6928.75,6930.75,2373.0
2026-01-29 10:28:00-06:00,6930.5,6932.0,6924.5,6926.0,3160.0
2026-01-29 10:29:00-06:00,6926.0,6933.25,6925.75,6929.5,2795.0
2026-01-29 10:30:00-06:00,6929.25,6935.75,6928.75,6932.0,3988.0
2026-01-29 10:31:00-06:00,6932.25,6934.0,6930.75,6932.25,2019.0
2026-01-29 10:32:00-06:00,6932.25,6934.25,6931.25,6933.75,1901.0
2026-01-29 10:33:00-06:00,6933.5,6937.25,6933.25,6934.25,3646.0
2026-01-29 10:34:00-06:00,6934.25,6935.75,6931.75,6931.75,2979.0
2026-01-29 10:35:00-06:00,6931.75,6932.5,6929.0,6930.0,3261.0
2026-01-29 10:36:00-06:00,6930.25,6935.75,6929.75,6930.75,2812.0
2026-01-29 10:37:00-06:00,6931.0,6935.75,6929.75,6931.25,2196.0
2026-01-29 10:38:00-06:00,6931.5,6935.25,6931.0,6933.0,1569.0
2026-01-29 10:39:00-06:00,6933.0,6937.5,6931.5,6934.25,2379.0
2026-01-29 10:40:00-06:00,6934.0,6938.75,6932.0,6937.25,3260.0
2026-01-29 10:41:00-06:00,6937.0,6939.5,6935.0,6936.0,3632.0
2026-01-29 10:42:00-06:00,6936.0,6938.5,6935.5,6938.5,2088.0
2026-01-29 10:43:00-06:00,6937.75,6940.75,6936.25,6937.25,3549.0
2026-01-29 10:44:00-06:00,6937.25,6940.5,6934.0,6935.25,3202.0
2026-01-29 10:45:00-06:00,6935.25,6937.25,6931.75,6932.25,3464.0
2026-01-29 10:46:00-06:00,6932.5,6938.0,6932.25,6936.5,2747.0
2026-01-29 10:47:00-06:00,6936.5,6940.5,6935.0,6939.0,2867.0
2026-01-29 10:48:00-06:00,6939.25,6940.75,6937.5,6938.5,3322.0
2026-01-29 10:49:00-06:00,6938.5,6939.5,6935.5,6937.75,2640.0
2026-01-29 10:50:00-06:00,6937.5,6940.25,6936.0,6938.25,2097.0
2026-01-29 10:51:00-06:00,6938.0,6939.25,6935.5,6935.5,1852.0
2026-01-29 10:52:00-06:00,6935.5,6937.0,6933.25,6934.25,2128.0
2026-01-29 10:53:00-06:00,6934.25,6936.25,6932.25,6934.5,2124.0
2026-01-29 10:54:00-06:00,6934.25,6937.5,6934.25,6935.25,1840.0
2026-01-29 10:55:00-06:00,6935.5,6938.25,6935.5,6936.0,1317.0
2026-01-29 10:56:00-06:00,6935.75,6937.25,6933.75,6936.5,1617.0
2026-01-29 10:57:00-06:00,6936.5,6937.0,6933.0,6935.0,1628.0
2026-01-29 10:58:00-06:00,6935.0,6935.5,6932.5,6935.0,1657.0
2026-01-29 10:59:00-06:00,6935.25,6939.25,6934.5,6937.5,2469.0
2026-01-29 11:00:00-06:00,6937.5,6943.0,6936.5,6941.25,3638.0
2026-01-29 11:01:00-06:00,6941.0,6944.75,6941.0,6942.5,3991.0
2026-01-29 11:02:00-06:00,6942.5,6946.75,6942.25,6946.0,2998.0
2026-01-29 11:03:00-06:00,6945.75,6948.75,6944.75,6946.5,3313.0
2026-01-29 11:04:00-06:00,6946.5,6948.0,6945.25,6945.5,1545.0
2026-01-29 11:05:00-06:00,6945.25,6948.5,6944.0,6944.75,2809.0
2026-01-29 11:06:00-06:00,6944.75,6946.5,6944.0,6945.0,2110.0
2026-01-29 11:07:00-06:00,6944.75,6949.0,6944.75,6948.5,2037.0
2026-01-29 11:08:00-06:00,6948.25,6949.5,6944.5,6946.75,2401.0
2026-01-29 11:09:00-06:00,6946.75,6948.25,6945.25,6946.5,1466.0
2026-01-29 11:10:00-06:00,6946.25,6948.5,6946.0,6947.25,1234.0
2026-01-29 11:11:00-06:00,6947.0,6949.25,6946.75,6949.0,1236.0
2026-01-29 11:12:00-06:00,6948.75,6954.0,6948.0,6952.25,4161.0
2026-01-29 11:13:00-06:00,6952.25,6956.75,6952.0,6956.0,3101.0
2026-01-29 11:14:00-06:00,6956.0,6959.0,6956.0,6956.25,2919.0
2026-01-29 11:15:00-06:00,6956.5,6959.5,6956.25,6958.75,2673.0
2026-01-29 11:16:00-06:00,6958.75,6958.75,6954.75,6955.25,3502.0
2026-01-29 11:17:00-06:00,6955.5,6956.25,6954.0,6955.25,2347.0
2026-01-29 11:18:00-06:00,6955.25,6957.25,6953.5,6957.0,1926.0
2026-01-29 11:19:00-06:00,6957.0,6958.75,6956.75,6958.5,1853.0
2026-01-29 11:20:00-06:00,6958.75,6961.5,6958.5,6960.5,3775.0
2026-01-29 11:21:00-06:00,6960.25,6962.75,6960.25,6961.5,2572.0
2026-01-29 11:22:00-06:00,6961.25,6962.5,6958.75,6959.25,2031.0
2026-01-29 11:23:00-06:00,6959.5,6963.25,6957.5,6961.75,2685.0
2026-01-29 11:24:00-06:00,6962.0,6964.25,6961.0,6962.0,2542.0
2026-01-29 11:25:00-06:00,6962.0,6962.75,6959.75,6961.25,1938.0
2026-01-29 11:26:00-06:00,6961.5,6961.75,6957.5,6959.0,2559.0
2026-01-29 11:27:00-06:00,6959.0,6962.5,6958.75,6962.25,1468.0
2026-01-29 11:28:00-06:00,6962.5,6963.5,6961.5,6962.75,1387.0
2026-01-29 11:29:00-06:00,6963.0,6964.0,6960.75,6960.75,1608.0
2026-01-29 11:30:00-06:00,6960.75,6964.25,6960.25,6962.0,2560.0
2026-01-29 11:31:00-06:00,6962.25,6963.25,6960.75,6962.25,1254.0
2026-01-29 11:32:00-06:00,6962.5,6963.75,6961.25,6962.25,1110.0
2026-01-29 11:33:00-06:00,6962.25,6962.75,6958.75,6959.25,1594.0
2026-01-29 11:34:00-06:00,6959.25,6962.75,6959.0,6961.75,1698.0
2026-01-29 11:35:00-06:00,6961.75,6963.25,6961.0,6962.0,1267.0
2026-01-29 11:36:00-06:00,6962.0,6964.5,6961.25,6964.5,1565.0
2026-01-29 11:37:00-06:00,6964.5,6967.25,6964.25,6965.5,3696.0
2026-01-29 11:38:00-06:00,6965.5,6967.75,6964.5,6965.0,1986.0
2026-01-29 11:39:00-06:00,6964.75,6965.75,6962.0,6962.5,1922.0
2026-01-29 11:40:00-06:00,6962.5,6962.5,6958.5,6959.25,3494.0
2026-01-29 11:41:00-06:00,6959.25,6961.5,6957.5,6958.25,2597.0
2026-01-29 11:42:00-06:00,6958.5,6960.0,6954.5,6955.25,3378.0
2026-01-29 11:43:00-06:00,6955.25,6956.25,6952.25,6955.0,4442.0
2026-01-29 11:44:00-06:00,6955.25,6959.0,6955.25,6957.75,2611.0
2026-01-29 11:45:00-06:00,6957.75,6958.0,6952.5,6953.0,2602.0
2026-01-29 11:46:00-06:00,6952.75,6953.0,6951.0,6951.5,3027.0
2026-01-29 11:47:00-06:00,6951.25,6951.75,6947.75,6948.0,3610.0
2026-01-29 11:48:00-06:00,6948.0,6950.5,6947.75,6949.0,2623.0
2026-01-29 11:49:00-06:00,6949.0,6953.75,6948.75,6952.0,2729.0
2026-01-29 11:50:00-06:00,6952.0,6952.75,6948.5,6950.25,2350.0
2026-01-29 11:51:00-06:00,6950.5,6951.0,6946.25,6946.5,2758.0
2026-01-29 11:52:00-06:00,6946.5,6946.75,6940.75,6942.0,5136.0
2026-01-29 11:53:00-06:00,6942.0,6942.75,6939.25,6939.75,3494.0
2026-01-29 11:54:00-06:00,6939.75,6940.75,6937.75,6938.75,3135.0
2026-01-29 11:55:00-06:00,6939.0,6943.0,6938.25,6941.25,2913.0
2026-01-29 11:56:00-06:00,6941.25,6944.75,6939.5,6944.0,2586.0
2026-01-29 11:57:00-06:00,6944.0,6945.0,6941.0,6942.5,1988.0
2026-01-29 11:58:00-06:00,6942.75,6943.25,6939.0,6941.25,1915.0
2026-01-29 11:59:00-06:00,6941.25,6941.25,6937.25,6939.5,2017.0
2026-01-29 12:00:00-06:00,6939.25,6944.5,6938.75,6942.5,2525.0
2026-01-29 12:01:00-06:00,6942.5,6943.0,6937.5,6940.25,2148.0
2026-01-29 12:02:00-06:00,6940.0,6943.5,6939.25,6942.5,1596.0
2026-01-29 12:03:00-06:00,6942.5,6950.75,6941.5,6948.0,4131.0
2026-01-29 12:04:00-06:00,6948.25,6950.0,6946.75,6948.25,1616.0
2026-01-29 12:05:00-06:00,6948.25,6955.5,6948.0,6954.75,2964.0
2026-01-29 12:06:00-06:00,6955.0,6958.0,6954.0,6956.25,2564.0
2026-01-29 12:07:00-06:00,6956.25,6956.75,6952.0,6952.25,1952.0
2026-01-29 12:08:00-06:00,6952.25,6953.25,6950.25,6950.75,1966.0
2026-01-29 12:09:00-06:00,6950.5,6954.0,6947.75,6953.5,2250.0
2026-01-29 12:10:00-06:00,6953.5,6956.25,6953.25,6955.5,1837.0
2026-01-29 12:11:00-06:00,6955.75,6959.5,6955.0,6959.25,2156.0
2026-01-29 12:12:00-06:00,6959.25,6961.5,6957.75,6959.0,2434.0
2026-01-29 12:13:00-06:00,6958.75,6961.0,6958.75,6959.5,1367.0
2026-01-29 12:14:00-06:00,6959.5,6962.25,6958.75,6959.5,1866.0
2026-01-29 12:15:00-06:00,6959.25,6960.0,6958.0,6958.5,1870.0
2026-01-29 12:16:00-06:00,6958.75,6960.0,6955.75,6956.5,1866.0
2026-01-29 12:17:00-06:00,6956.5,6957.0,6955.0,6956.0,1851.0
2026-01-29 12:18:00-06:00,6956.0,6957.5,6955.0,6956.75,1469.0
2026-01-29 12:19:00-06:00,6956.5,6957.5,6954.0,6955.75,1662.0
2026-01-29 12:20:00-06:00,6956.0,6958.5,6955.0,6956.5,1569.0
2026-01-29 12:21:00-06:00,6956.75,6956.75,6952.5,6955.25,2015.0
2026-01-29 12:22:00-06:00,6955.25,6959.5,6954.5,6957.25,1689.0
2026-01-29 12:23:00-06:00,6957.0,6958.75,6956.25,6957.75,1109.0
2026-01-29 12:24:00-06:00,6957.75,6958.25,6955.5,6958.0,879.0
2026-01-29 12:25:00-06:00,6957.75,6958.25,6955.75,6956.75,685.0
2026-01-29 12:26:00-06:00,6957.0,6958.0,6954.75,6955.75,1052.0
2026-01-29 12:27:00-06:00,6956.0,6956.75,6955.25,6955.25,829.0
2026-01-29 12:28:00-06:00,6955.25,6958.5,6953.5,6958.25,1820.0
2026-01-29 12:29:00-06:00,6958.0,6960.75,6957.75,6960.0,1834.0
2026-01-29 12:30:00-06:00,6959.75,6960.25,6952.25,6953.5,3449.0
2026-01-29 12:31:00-06:00,6953.25,6958.0,6952.75,6955.25,1726.0
2026-01-29 12:32:00-06:00,6955.25,6958.0,6954.75,6955.75,1281.0
2026-01-29 12:33:00-06:00,6955.75,6956.5,6953.75,6955.25,1603.0
2026-01-29 12:34:00-06:00,6955.25,6958.0,6955.0,6957.75,882.0
2026-01-29 12:35:00-06:00,6957.75,6958.75,6956.25,6958.25,1339.0
2026-01-29 12:36:00-06:00,6958.25,6959.25,6957.0,6958.5,868.0
2026-01-29 12:37:00-06:00,6958.75,6962.5,6958.75,6962.25,2025.0
2026-01-29 12:38:00-06:00,6962.25,6964.0,6960.75,6961.75,3088.0
2026-01-29 12:39:00-06:00,6961.75,6963.75,6961.5,6963.75,943.0
2026-01-29 12:40:00-06:00,6963.75,6968.75,6963.5,6967.0,4604.0
2026-01-29 12:41:00-06:00,6967.0,6967.0,6963.75,6964.5,2924.0
2026-01-29 12:42:00-06:00,6964.25,6966.0,6962.0,6963.75,2313.0
2026-01-29 12:43:00-06:00,6963.75,6965.75,6962.25,6964.75,1399.0
2026-01-29 12:44:00-06:00,6964.5,6965.25,6962.75,6963.75,864.0
2026-01-29 12:45:00-06:00,6964.0,6964.75,6961.25,6961.25,1781.0
2026-01-29 12:46:00-06:00,6961.0,6962.75,6959.5,6961.75,1724.0
2026-01-29 12:47:00-06:00,6962.0,6963.75,6961.75,6962.0,1017.0
2026-01-29 12:48:00-06:00,6961.75,6964.0,6960.25,6961.0,1261.0
2026-01-29 12:49:00-06:00,6961.25,6964.25,6961.0,6963.75,732.0
2026-01-29 12:50:00-06:00,6963.75,6966.0,6963.0,6963.25,1571.0
2026-01-29 12:51:00-06:00,6963.25,6964.5,6962.75,6964.25,731.0
2026-01-29 12:52:00-06:00,6964.5,6965.25,6961.25,6961.5,1269.0
2026-01-29 12:53:00-06:00,6961.5,6962.75,6960.75,6962.0,660.0
2026-01-29 12:54:00-06:00,6961.75,6962.75,6960.75,6962.0,651.0
2026-01-29 12:55:00-06:00,6962.0,6964.75,6959.5,6964.25,1527.0
2026-01-29 12:56:00-06:00,6964.0,6965.0,6962.75,6963.0,739.0
2026-01-29 12:57:00-06:00,6963.0,6964.25,6960.75,6961.75,954.0
2026-01-29 12:58:00-06:00,6961.75,6963.25,6960.25,6960.75,1050.0
2026-01-29 12:59:00-06:00,6960.75,6962.0,6956.25,6956.25,2731.0
2026-01-29 13:00:00-06:00,6956.25,6957.5,6955.25,6956.5,2928.0
2026-01-29 13:01:00-06:00,6956.5,6957.75,6952.75,6956.75,4283.0
2026-01-29 13:02:00-06:00,6956.75,6961.75,6956.5,6961.75,2523.0
2026-01-29 13:03:00-06:00,6961.5,6962.75,6959.75,6960.0,1640.0
2026-01-29 13:04:00-06:00,6960.0,6961.5,6959.5,6960.75,827.0
2026-01-29 13:05:00-06:00,6960.75,6965.75,6960.25,6965.75,2361.0
2026-01-29 13:06:00-06:00,6965.75,6968.25,6965.25,6967.0,2595.0
2026-01-29 13:07:00-06:00,6966.75,6968.75,6966.5,6967.75,986.0
2026-01-29 13:08:00-06:00,6967.5,6968.5,6964.75,6965.75,1722.0
2026-01-29 13:09:00-06:00,6966.0,6966.5,6964.75,6966.0,965.0
2026-01-29 13:10:00-06:00,6966.0,6966.75,6964.5,6965.5,1102.0
2026-01-29 13:11:00-06:00,6965.5,6968.0,6964.25,6967.25,1096.0
2026-01-29 13:12:00-06:00,6967.0,6969.5,6966.25,6967.5,1565.0
2026-01-29 13:13:00-06:00,6967.5,6968.5,6966.25,6966.5,1019.0
2026-01-29 13:14:00-06:00,6966.75,6967.75,6966.25,6966.5,699.0
2026-01-29 13:15:00-06:00,6966.5,6968.25,6965.0,6965.25,1287.0
2026-01-29 13:16:00-06:00,6965.5,6967.75,6964.5,6967.75,1527.0
2026-01-29 13:17:00-06:00,6967.5,6969.5,6967.0,6969.0,1174.0
2026-01-29 13:18:00-06:00,6969.25,6972.75,6968.75,6970.0,4173.0
2026-01-29 13:19:00-06:00,6969.75,6971.0,6967.5,6969.25,1437.0
2026-01-29 13:20:00-06:00,6969.25,6969.5,6967.75,6968.25,878.0
2026-01-29 13:21:00-06:00,6968.5,6969.75,6968.0,6969.0,788.0
2026-01-29 13:22:00-06:00,6969.25,6970.0,6969.0,6969.75,596.0
2026-01-29 13:23:00-06:00,6969.75,6970.25,6968.0,6969.5,844.0
2026-01-29 13:24:00-06:00,6969.5,6971.0,6969.25,6970.75,819.0
2026-01-29 13:25:00-06:00,6971.0,6971.75,6970.0,6971.0,989.0
2026-01-29 13:26:00-06:00,6971.0,6972.0,6970.5,6971.25,816.0
2026-01-29 13:27:00-06:00,6971.25,6971.25,6969.0,6970.75,1240.0
2026-01-29 13:28:00-06:00,6970.5,6971.0,6969.25,6971.0,743.0
2026-01-29 13:29:00-06:00,6970.75,6971.5,6970.5,6971.5,569.0
2026-01-29 13:30:00-06:00,6971.25,6973.0,6963.5,6963.75,5065.0
2026-01-29 13:31:00-06:00,6963.75,6969.0,6962.75,6968.0,3648.0
2026-01-29 13:32:00-06:00,6968.25,6969.75,6967.25,6968.5,1452.0
2026-01-29 13:33:00-06:00,6968.5,6969.25,6966.0,6966.25,1485.0
2026-01-29 13:34:00-06:00,6966.25,6966.5,6964.0,6964.0,1720.0
2026-01-29 13:35:00-06:00,6964.25,6968.75,6964.0,6968.25,1766.0
2026-01-29 13:36:00-06:00,6968.25,6969.0,6966.75,6968.0,1121.0
2026-01-29 13:37:00-06:00,6967.75,6969.25,6967.0,6968.75,725.0
2026-01-29 13:38:00-06:00,6968.75,6969.25,6966.75,6967.5,662.0
2026-01-29 13:39:00-06:00,6967.5,6970.0,6965.5,6966.0,1262.0
2026-01-29 13:40:00-06:00,6966.25,6967.5,6966.0,6967.25,761.0
2026-01-29 13:41:00-06:00,6967.25,6969.0,6966.75,6967.0,884.0
2026-01-29 13:42:00-06:00,6967.0,6968.5,6966.5,6967.5,849.0
2026-01-29 13:43:00-06:00,6967.5,6968.5,6966.5,6966.75,762.0
2026-01-29 13:44:00-06:00,6966.75,6968.25,6966.5,6968.0,443.0
2026-01-29 13:45:00-06:00,6968.25,6970.0,6967.0,6967.75,1054.0
2026-01-29 13:46:00-06:00,6968.0,6968.5,6966.5,6967.25,617.0
2026-01-29 13:47:00-06:00,6967.25,6968.0,6965.25,6965.25,759.0
2026-01-29 13:48:00-06:00,6965.5,6966.0,6964.5,6965.25,1004.0
2026-01-29 13:49:00-06:00,6965.5,6966.25,6962.75,6964.0,1410.0
2026-01-29 13:50:00-06:00,6964.0,6966.0,6963.5,6965.5,1444.0
2026-01-29 13:51:00-06:00,6965.25,6967.0,6965.25,6966.5,871.0
2026-01-29 13:52:00-06:00,6966.75,6968.25,6965.25,6965.5,987.0
2026-01-29 13:53:00-06:00,6965.75,6966.0,6964.75,6964.75,612.0
2026-01-29 13:54:00-06:00,6965.25,6968.25,6965.0,6967.75,979.0
2026-01-29 13:55:00-06:00,6967.75,6969.5,6966.75,6967.0,1440.0
2026-01-29 13:56:00-06:00,6967.0,6967.75,6965.5,6966.0,825.0
2026-01-29 13:57:00-06:00,6966.0,6967.25,6965.5,6967.0,536.0
2026-01-29 13:58:00-06:00,6967.25,6968.75,6966.25,6966.5,896.0
2026-01-29 13:59:00-06:00,6966.5,6967.25,6961.25,6961.75,2383.0
2026-01-29 14:00:00-06:00,6962.0,6963.5,6961.0,6963.25,2078.0
2026-01-29 14:01:00-06:00,6963.25,6966.5,6963.0,6965.25,1232.0
2026-01-29 14:02:00-06:00,6965.25,6966.5,6964.5,6965.0,738.0
2026-01-29 14:03:00-06:00,6965.0,6966.5,6964.5,6965.5,715.0
2026-01-29 14:04:00-06:00,6965.25,6967.25,6965.0,6965.0,811.0
2026-01-29 14:05:00-06:00,6965.0,6966.5,6964.25,6966.5,1046.0
2026-01-29 14:06:00-06:00,6966.25,6969.0,6966.0,6968.0,1422.0
2026-01-29 14:07:00-06:00,6968.0,6969.0,6967.5,6968.25,851.0
2026-01-29 14:08:00-06:00,6968.5,6970.5,6968.25,6968.5,1530.0
2026-01-29 14:09:00-06:00,6968.5,6969.75,6968.25,6969.25,726.0
2026-01-29 14:10:00-06:00,6969.5,6970.0,6968.0,6969.5,1151.0
2026-01-29 14:11:00-06:00,6969.5,6970.0,6967.25,6967.75,1162.0
2026-01-29 14:12:00-06:00,6967.75,6969.0,6967.25,6968.25,947.0
2026-01-29 14:13:00-06:00,6968.5,6969.5,6967.5,6968.25,625.0
2026-01-29 14:14:00-06:00,6968.0,6968.5,6966.25,6966.5,720.0
2026-01-29 14:15:00-06:00,6966.5,6967.25,6965.75,6967.0,1133.0
2026-01-29 14:16:00-06:00,6967.25,6967.75,6966.5,6967.5,611.0
2026-01-29 14:17:00-06:00,6967.25,6968.0,6965.5,6965.5,895.0
2026-01-29 14:18:00-06:00,6965.5,6968.0,6965.0,6968.0,1192.0
2026-01-29 14:19:00-06:00,6968.0,6968.25,6967.0,6968.25,591.0
2026-01-29 14:20:00-06:00,6968.0,6968.5,6966.25,6967.25,714.0
2026-01-29 14:21:00-06:00,6967.25,6967.75,6966.5,6966.75,467.0
2026-01-29 14:22:00-06:00,6966.75,6969.5,6966.75,6967.75,1138.0
2026-01-29 14:23:00-06:00,6968.0,6968.75,6967.25,6968.25,729.0
2026-01-29 14:24:00-06:00,6968.25,6969.25,6968.25,6969.0,435.0
2026-01-29 14:25:00-06:00,6969.25,6971.0,6969.0,6969.75,1986.0
2026-01-29 14:26:00-06:00,6969.75,6970.0,6968.5,6970.0,730.0
2026-01-29 14:27:00-06:00,6970.25,6970.75,6969.25,6969.25,808.0
2026-01-29 14:28:00-06:00,6969.5,6969.75,6968.0,6968.25,753.0
2026-01-29 14:29:00-06:00,6968.25,6969.25,6965.75,6966.5,1529.0
2026-01-29 14:30:00-06:00,6966.5,6968.25,6965.75,6966.0,1244.0
2026-01-29 14:31:00-06:00,6965.75,6967.25,6965.25,6965.75,700.0
2026-01-29 14:32:00-06:00,6965.5,6966.75,6964.5,6965.25,1212.0
2026-01-29 14:33:00-06:00,6965.25,6967.25,6965.25,6967.0,705.0
2026-01-29 14:34:00-06:00,6967.0,6970.25,6967.0,6970.25,1276.0
2026-01-29 14:35:00-06:00,6970.25,6970.5,6969.0,6970.0,824.0
2026-01-29 14:36:00-06:00,6970.25,6971.25,6969.5,6970.75,1326.0
2026-01-29 14:37:00-06:00,6970.75,6973.5,6970.25,6973.5,1481.0
2026-01-29 14:38:00-06:00,6973.5,6976.0,6973.0,6975.5,2963.0
2026-01-29 14:39:00-06:00,6975.5,6979.75,6975.5,6977.25,3980.0
2026-01-29 14:40:00-06:00,6977.25,6979.0,6974.75,6976.75,2749.0
2026-01-29 14:41:00-06:00,6976.75,6977.25,6975.25,6975.5,937.0
2026-01-29 14:42:00-06:00,6975.75,6978.25,6975.75,6977.5,1667.0
2026-01-29 14:43:00-06:00,6977.75,6979.25,6976.75,6978.0,1458.0
2026-01-29 14:44:00-06:00,6978.25,6979.0,6977.0,6977.25,1344.0
2026-01-29 14:45:00-06:00,6977.25,6977.25,6975.5,6976.5,1819.0
2026-01-29 14:46:00-06:00,6976.5,6978.0,6975.75,6977.0,1305.0
2026-01-29 14:47:00-06:00,6977.0,6977.75,6976.75,6977.25,663.0
2026-01-29 14:48:00-06:00,6977.0,6978.25,6976.5,6977.75,846.0
2026-01-29 14:49:00-06:00,6977.5,6979.75,6977.5,6979.5,1207.0
2026-01-29 14:50:00-06:00,6979.5,6988.25,6979.5,6984.25,7222.0
2026-01-29 14:51:00-06:00,6984.5,6986.25,6984.0,6984.25,2073.0
2026-01-29 14:52:00-06:00,6984.25,6986.25,6982.75,6985.75,1915.0
2026-01-29 14:53:00-06:00,6985.75,6987.5,6985.75,6986.0,2592.0
2026-01-29 14:54:00-06:00,6986.0,6988.5,6984.75,6987.75,3411.0
2026-01-29 14:55:00-06:00,6987.75,6992.75,6986.5,6992.0,5564.0
2026-01-29 14:56:00-06:00,6992.25,6993.0,6990.0,6992.75,2915.0
2026-01-29 14:57:00-06:00,6993.0,6995.0,6992.0,6995.0,2742.0
2026-01-29 14:58:00-06:00,6995.0,6999.0,6994.25,6997.5,4699.0
2026-01-29 14:59:00-06:00,6997.5,6997.75,6989.75,6989.75,16426.0
2026-01-29 15:00:00-06:00,6989.75,6995.75,6989.0,6993.25,5688.0
2026-01-29 15:01:00-06:00,6993.25,6994.0,6991.5,6993.25,1540.0
2026-01-29 15:02:00-06:00,6993.5,6993.5,6991.5,6991.75,917.0
2026-01-29 15:03:00-06:00,6991.75,6993.25,6991.75,6992.75,670.0
2026-01-29 15:04:00-06:00,6992.5,6994.0,6991.5,6992.5,875.0
2026-01-29 15:05:00-06:00,6992.25,6993.25,6989.25,6989.5,1605.0
2026-01-29 15:06:00-06:00,6989.25,6991.5,6988.5,6988.75,735.0
2026-01-29 15:07:00-06:00,6988.75,6991.25,6988.75,6989.5,647.0
2026-01-29 15:08:00-06:00,6989.25,6992.0,6989.0,6991.25,724.0
2026-01-29 15:09:00-06:00,6991.5,6991.5,6990.25,6990.75,347.0
2026-01-29 15:10:00-06:00,6990.75,6991.25,6989.25,6989.5,331.0
2026-01-29 15:11:00-06:00,6989.75,6990.5,6988.75,6990.0,900.0
2026-01-29 15:12:00-06:00,6990.0,6990.75,6988.5,6989.0,613.0
2026-01-29 15:13:00-06:00,6989.0,6989.5,6988.5,6988.75,308.0
2026-01-29 15:14:00-06:00,6988.5,6990.0,6987.75,6989.5,589.0
2026-01-29 15:15:00-06:00,6989.5,6990.0,6988.5,6989.25,293.0
2026-01-29 15:16:00-06:00,6989.25,6990.0,6989.0,6989.5,324.0
2026-01-29 15:17:00-06:00,6989.25,6990.0,6988.75,6989.5,246.0
2026-01-29 15:18:00-06:00,6989.5,6990.0,6988.5,6988.75,367.0
2026-01-29 15:19:00-06:00,6989.0,6989.75,6988.75,6989.25,102.0
2026-01-29 15:20:00-06:00,6989.0,6989.25,6988.25,6988.25,131.0
2026-01-29 15:21:00-06:00,6988.5,6989.0,6988.0,6989.0,110.0
2026-01-29 15:22:00-06:00,6989.0,6989.0,6987.5,6987.5,190.0
2026-01-29 15:23:00-06:00,6987.5,6988.5,6986.5,6987.75,382.0
2026-01-29 15:24:00-06:00,6987.75,6988.25,6987.0,6988.0,184.0
2026-01-29 15:25:00-06:00,6988.25,6988.25,6986.75,6987.5,206.0
2026-01-29 15:26:00-06:00,6987.0,6987.75,6986.75,6986.75,185.0
2026-01-29 15:27:00-06:00,6987.0,6987.5,6986.25,6987.5,292.0
2026-01-29 15:28:00-06:00,6987.25,6987.5,6986.5,6987.5,189.0
2026-01-29 15:29:00-06:00,6987.5,6992.25,6985.25,6989.5,1197.0
2026-01-29 15:30:00-06:00,6989.5,7001.0,6989.5,6998.75,3125.0
2026-01-29 15:31:00-06:00,6998.5,7001.75,6996.5,7000.5,1485.0
2026-01-29 15:32:00-06:00,7000.5,7002.5,6998.75,7000.0,1262.0
2026-01-29 15:33:00-06:00,7000.0,7000.0,6996.75,6997.5,980.0
2026-01-29 15:34:00-06:00,6997.5,6997.5,6991.5,6993.0,1129.0
2026-01-29 15:35:00-06:00,6993.0,6995.0,6992.5,6993.75,611.0
2026-01-29 15:36:00-06:00,6994.25,6995.0,6992.75,6993.75,283.0
2026-01-29 15:37:00-06:00,6993.75,6994.25,6992.25,6993.0,271.0
2026-01-29 15:38:00-06:00,6992.75,6993.5,6991.5,6992.0,386.0
2026-01-29 15:39:00-06:00,6992.0,6994.75,6992.0,6994.0,326.0
2026-01-29 15:40:00-06:00,6994.0,6994.75,6993.0,6994.25,198.0
2026-01-29 15:41:00-06:00,6994.25,6995.0,6992.5,6993.75,285.0
2026-01-29 15:42:00-06:00,6993.75,6994.0,6991.0,6992.5,418.0
2026-01-29 15:43:00-06:00,6992.25,6992.25,6988.75,6990.25,530.0
2026-01-29 15:44:00-06:00,6990.25,6991.5,6989.25,6990.25,362.0
2026-01-29 15:45:00-06:00,6991.0,6991.25,6990.0,6991.0,228.0
2026-01-29 15:46:00-06:00,6990.5,6991.0,6989.25,6989.5,209.0
2026-01-29 15:47:00-06:00,6989.0,6992.25,6988.75,6989.75,355.0
2026-01-29 15:48:00-06:00,6989.5,6991.25,6989.5,6990.25,177.0
2026-01-29 15:49:00-06:00,6990.0,6991.25,6989.5,6990.0,167.0
2026-01-29 15:50:00-06:00,6989.75,6989.75,6988.0,6988.5,283.0
2026-01-29 15:51:00-06:00,6988.75,6989.0,6988.0,6988.25,290.0
2026-01-29 15:52:00-06:00,6988.25,6990.5,6988.25,6989.75,225.0
2026-01-29 15:53:00-06:00,6990.0,6991.5,6989.75,6991.5,109.0
2026-01-29 15:54:00-06:00,6991.5,6991.75,6990.0,6991.5,172.0
2026-01-29 15:55:00-06:00,6991.25,6993.5,6991.25,6992.75,303.0
2026-01-29 15:56:00-06:00,6992.75,6994.25,6992.0,6992.25,198.0
2026-01-29 15:57:00-06:00,6992.25,6993.0,6990.5,6991.75,210.0
2026-01-29 15:58:00-06:00,6991.5,6991.5,6990.75,6991.5,92.0
2026-01-29 15:59:00-06:00,6991.75,6993.25,6989.75,6990.0,388.0
2026-01-30 08:30:00-06:00,6966.25,6981.0,6964.75,6976.75,8991.0
2026-01-30 08:31:00-06:00,6976.75,6977.0,6964.75,6965.0,5633.0
2026-01-30 08:32:00-06:00,6965.0,6972.5,6961.5,6968.75,5505.0
2026-01-30 08:33:00-06:00,6968.75,6976.5,6967.5,6976.0,3651.0
2026-01-30 08:34:00-06:00,6976.0,6981.75,6975.75,6979.0,5365.0
2026-01-30 08:35:00-06:00,6979.0,6982.25,6973.5,6982.0,5002.0
2026-01-30 08:36:00-06:00,6981.75,6983.5,6979.5,6980.0,3348.0
2026-01-30 08:37:00-06:00,6980.0,6980.5,6971.75,6976.5,4647.0
2026-01-30 08:38:00-06:00,6976.25,6981.25,6975.75,6978.5,2842.0
2026-01-30 08:39:00-06:00,6978.25,6984.0,6978.25,6983.75,3648.0
2026-01-30 08:40:00-06:00,6983.75,6985.5,6980.75,6983.0,4389.0
2026-01-30 08:41:00-06:00,6983.0,6983.25,6980.0,6981.0,3012.0
2026-01-30 08:42:00-06:00,6980.75,6983.25,6977.75,6979.75,3018.0
2026-01-30 08:43:00-06:00,6979.25,6979.25,6974.0,6976.75,3565.0
2026-01-30 08:44:00-06:00,6976.5,6978.25,6974.0,6974.75,2097.0
2026-01-30 08:45:00-06:00,6974.5,6975.75,6970.0,6971.0,4631.0
2026-01-30 08:46:00-06:00,6970.75,6972.25,6966.5,6969.5,4280.0
2026-01-30 08:47:00-06:00,6969.75,6976.25,6968.0,6973.5,4239.0
2026-01-30 08:48:00-06:00,6973.5,6975.0,6971.0,6971.5,2369.0
2026-01-30 08:49:00-06:00,6972.0,6978.0,6970.5,6974.5,3411.0
2026-01-30 08:50:00-06:00,6974.75,6981.5,6971.75,6977.0,4013.0
2026-01-30 08:51:00-06:00,6976.75,6981.5,6976.5,6980.0,2515.0
2026-01-30 08:52:00-06:00,6980.25,6981.25,6974.25,6975.0,2684.0
2026-01-30 08:53:00-06:00,6975.0,6975.75,6970.25,6973.25,3274.0
2026-01-30 08:54:00-06:00,6973.5,6973.5,6967.5,6971.5,3233.0
2026-01-30 08:55:00-06:00,6971.75,6975.5,6970.5,6972.5,3010.0
2026-01-30 08:56:00-06:00,6972.5,6978.0,6969.5,6975.25,3224.0
2026-01-30 08:57:00-06:00,6975.0,6975.75,6971.25,6971.75,2108.0
2026-01-30 08:58:00-06:00,6971.75,6973.25,6965.75,6966.75,3361.0
2026-01-30 08:59:00-06:00,6966.75,6966.75,6960.25,6965.25,6259.0
2026-01-30 09:00:00-06:00,6965.0,6970.0,6964.5,6967.25,4288.0
2026-01-30 09:01:00-06:00,6967.25,6973.0,6964.75,6972.25,3269.0
2026-01-30 09:02:00-06:00,6972.25,6974.75,6965.75,6966.75,3487.0
2026-01-30 09:03:00-06:00,6966.75,6970.5,6964.75,6967.5,2231.0
2026-01-30 09:04:00-06:00,6967.5,6969.5,6964.75,6965.5,2191.0
2026-01-30 09:05:00-06:00,6965.75,6974.25,6965.25,6972.5,3045.0
2026-01-30 09:06:00-06:00,6972.75,6981.25,6972.75,6981.0,4354.0
2026-01-30 09:07:00-06:00,6981.0,6983.25,6978.75,6983.0,4426.0
2026-01-30 09:08:00-06:00,6983.0,6983.5,6976.75,6979.75,3208.0
2026-01-30 09:09:00-06:00,6980.0,6982.25,6978.5,6981.75,2210.0
2026-01-30 09:10:00-06:00,6982.0,6983.0,6978.5,6980.0,2475.0
2026-01-30 09:11:00-06:00,6980.0,6986.75,6976.0,6986.75,6093.0
2026-01-30 09:12:00-06:00,6986.75,6989.0,6984.25,6984.25,4828.0
2026-01-30 09:13:00-06:00,6984.25,6986.75,6982.25,6983.75,2839.0
2026-01-30 09:14:00-06:00,6983.75,6983.75,6978.25,6983.0,3733.0
2026-01-30 09:15:00-06:00,6983.0,6985.0,6981.0,6981.25,2852.0
2026-01-30 09:16:00-06:00,6981.25,6986.5,6981.25,6983.5,2365.0
2026-01-30 09:17:00-06:00,6983.75,6986.25,6980.75,6984.0,2434.0
2026-01-30 09:18:00-06:00,6983.75,6985.25,6982.0,6983.0,1685.0
2026-01-30 09:19:00-06:00,6982.75,6984.0,6979.25,6980.75,2315.0
2026-01-30 09:20:00-06:00,6980.75,6984.5,6978.25,6983.25,3210.0
2026-01-30 09:21:00-06:00,6983.0,6983.25,6977.0,6979.5,3043.0
2026-01-30 09:22:00-06:00,6979.25,6981.75,6977.75,6980.0,2087.0
2026-01-30 09:23:00-06:00,6980.0,6980.75,6974.0,6978.75,3489.0
2026-01-30 09:24:00-06:00,6978.75,6979.0,6974.75,6975.75,2313.0
2026-01-30 09:25:00-06:00,6975.75,6976.25,6972.5,6975.25,2815.0
2026-01-30 09:26:00-06:00,6975.25,6975.75,6966.25,6968.0,4772.0
2026-01-30 09:27:00-06:00,6967.75,6973.0,6967.0,6971.5,3754.0
2026-01-30 09:28:00-06:00,6971.5,6972.0,6966.5,6967.0,2481.0
2026-01-30 09:29:00-06:00,6966.75,6967.75,6960.5,6962.0,4710.0
2026-01-30 09:30:00-06:00,6962.0,6962.0,6957.0,6959.0,5539.0
2026-01-30 09:31:00-06:00,6959.0,6965.0,6958.5,6961.25,3983.0
2026-01-30 09:32:00-06:00,6961.25,6964.5,6960.5,6963.25,2753.0
2026-01-30 09:33:00-06:00,6963.25,6966.25,6960.75,6961.75,3000.0
2026-01-30 09:34:00-06:00,6962.0,6966.75,6962.0,6965.75,2806.0
2026-01-30 09:35:00-06:00,6965.75,6979.75,6965.25,6979.5,7559.0
2026-01-30 09:36:00-06:00,6979.75,6981.25,6969.5,6969.75,4709.0
2026-01-30 09:37:00-06:00,6969.75,6974.75,6969.0,6974.75,2357.0
2026-01-30 09:38:00-06:00,6974.75,6978.75,6972.0,6978.25,2556.0
2026-01-30 09:39:00-06:00,6978.5,6979.25,6976.5,6978.5,2545.0
2026-01-30 09:40:00-06:00,6978.75,6982.5,6977.75,6980.75,3295.0
2026-01-30 09:41:00-06:00,6981.0,6983.75,6979.75,6982.5,2127.0
2026-01-30 09:42:00-06:00,6982.75,6986.0,6982.75,6983.5,2554.0
2026-01-30 09:43:00-06:00,6983.25,6984.75,6980.75,6982.0,1921.0
2026-01-30 09:44:00-06:00,6981.75,6986.25,6981.75,6983.25,1647.0
2026-01-30 09:45:00-06:00,6983.25,6984.75,6982.0,6984.75,1409.0
2026-01-30 09:46:00-06:00,6984.75,6989.0,6984.0,6988.5,3081.0
2026-01-30 09:47:00-06:00,6988.5,6990.75,6986.0,6986.5,3702.0
2026-01-30 09:48:00-06:00,6986.5,6988.75,6985.75,6987.75,1674.0
2026-01-30 09:49:00-06:00,6987.25,6987.25,6983.0,6983.75,2300.0
2026-01-30 09:50:00-06:00,6983.75,6985.0,6980.0,6982.75,2685.0
2026-01-30 09:51:00-06:00,6983.0,6985.5,6979.5,6980.25,2146.0
2026-01-30 09:52:00-06:00,6980.5,6982.0,6977.0,6979.5,3070.0
2026-01-30 09:53:00-06:00,6979.25,6979.75,6972.25,6973.25,4551.0
2026-01-30 09:54:00-06:00,6973.25,6976.0,6971.25,6975.25,2657.0
2026-01-30 09:55:00-06:00,6975.5,6976.5,6971.5,6971.5,2466.0
2026-01-30 09:56:00-06:00,6971.75,6973.75,6969.5,6970.75,2428.0
2026-01-30 09:57:00-06:00,6971.0,6971.5,6967.5,6971.5,2412.0
2026-01-30 09:58:00-06:00,6971.5,6974.25,6969.5,6969.75,3010.0
2026-01-30 09:59:00-06:00,6970.0,6972.5,6968.75,6969.5,1458.0
2026-01-30 10:00:00-06:00,6969.25,6972.0,6967.5,6968.75,2824.0
2026-01-30 10:01:00-06:00,6968.75,6969.75,6966.0,6968.25,2540.0
2026-01-30 10:02:00-06:00,6968.0,6971.5,6967.0,6970.0,1874.0
2026-01-30 10:03:00-06:00,6970.25,6970.75,6967.75,6970.25,1426.0
2026-01-30 10:04:00-06:00,6970.25,6970.5,6966.5,6968.25,1758.0
2026-01-30 10:05:00-06:00,6968.5,6970.0,6965.0,6965.25,2154.0
2026-01-30 10:06:00-06:00,6965.5,6974.75,6965.5,6974.5,3269.0
2026-01-30 10:07:00-06:00,6974.5,6975.5,6970.25,6971.0,2334.0
2026-01-30 10:08:00-06:00,6971.0,6972.0,6968.5,6970.0,1877.0
2026-01-30 10:09:00-06:00,6970.25,6971.75,6966.0,6967.0,1949.0
2026-01-30 10:10:00-06:00,6967.25,6970.0,6964.0,6966.0,2948.0
2026-01-30 10:11:00-06:00,6966.25,6968.25,6965.25,6966.75,1975.0
2026-01-30 10:12:00-06:00,6967.0,6970.75,6965.5,6969.5,1880.0
2026-01-30 10:13:00-06:00,6969.5,6970.5,6965.5,6967.0,1532.0
2026-01-30 10:14:00-06:00,6966.75,6970.5,6966.75,6967.75,1254.0
2026-01-30 10:15:00-06:00,6967.75,6968.0,6962.25,6964.5,2979.0
2026-01-30 10:16:00-06:00,6964.75,6966.0,6961.75,6963.0,1944.0
2026-01-30 10:17:00-06:00,6963.0,6965.0,6961.75,6962.25,1541.0
2026-01-30 10:18:00-06:00,6962.0,6962.0,6957.25,6960.25,3890.0
2026-01-30 10:19:00-06:00,6960.5,6961.5,6958.0,6959.0,1620.0
2026-01-30 10:20:00-06:00,6958.75,6959.75,6955.75,6958.75,3207.0
2026-01-30 10:21:00-06:00,6958.75,6959.25,6951.5,6952.5,4491.0
2026-01-30 10:22:00-06:00,6952.5,6956.0,6951.5,6954.75,3369.0
2026-01-30 10:23:00-06:00,6955.0,6957.25,6953.0,6953.25,2685.0
2026-01-30 10:24:00-06:00,6953.25,6953.75,6951.0,6953.0,2454.0
2026-01-30 10:25:00-06:00,6953.25,6959.0,6950.5,6958.0,4212.0
2026-01-30 10:26:00-06:00,6958.25,6960.5,6953.75,6954.0,3690.0
2026-01-30 10:27:00-06:00,6954.5,6959.25,6954.25,6958.25,2356.0
2026-01-30 10:28:00-06:00,6958.25,6960.5,6956.0,6959.0,2686.0
2026-01-30 10:29:00-06:00,6958.75,6963.75,6957.5,6958.5,3852.0
2026-01-30 10:30:00-06:00,6958.75,6961.75,6956.5,6961.25,3098.0
2026-01-30 10:31:00-06:00,6961.5,6963.5,6959.5,6962.0,3265.0
2026-01-30 10:32:00-06:00,6962.0,6964.0,6956.5,6963.0,3575.0
2026-01-30 10:33:00-06:00,6963.25,6966.5,6957.25,6958.0,4121.0
2026-01-30 10:34:00-06:00,6958.25,6961.75,6957.25,6957.5,2143.0
2026-01-30 10:35:00-06:00,6957.5,6963.0,6956.5,6961.75,3117.0
2026-01-30 10:36:00-06:00,6962.0,6963.0,6958.0,6959.75,1979.0
2026-01-30 10:37:00-06:00,6959.75,6966.0,6959.0,6965.75,2430.0
2026-01-30 10:38:00-06:00,6966.0,6967.5,6965.0,6966.5,2421.0
2026-01-30 10:39:00-06:00,6966.5,6966.75,6960.5,6960.5,2156.0
2026-01-30 10:40:00-06:00,6960.5,6968.5,6960.0,6967.0,3037.0
2026-01-30 10:41:00-06:00,6967.0,6968.5,6963.5,6965.25,1948.0
2026-01-30 10:42:00-06:00,6965.5,6967.0,6961.75,6966.0,1763.0
2026-01-30 10:43:00-06:00,6966.0,6969.75,6965.0,6969.5,2040.0
2026-01-30 10:44:00-06:00,6969.25,6972.5,6966.75,6967.0,2956.0
2026-01-30 10:45:00-06:00,6967.0,6967.5,6962.5,6963.25,2549.0
2026-01-30 10:46:00-06:00,6963.0,6966.5,6961.25,6966.0,2549.0
2026-01-30 10:47:00-06:00,6966.25,6966.75,6963.0,6963.75,1329.0
2026-01-30 10:48:00-06:00,6963.5,6966.25,6960.0,6962.75,2188.0
2026-01-30 10:49:00-06:00,6963.25,6964.0,6960.5,6962.25,1338.0
2026-01-30 10:50:00-06:00,6962.25,6962.5,6957.25,6958.5,2918.0
2026-01-30 10:51:00-06:00,6958.5,6961.25,6957.0,6957.5,2509.0
2026-01-30 10:52:00-06:00,6957.75,6959.0,6955.0,6957.0,2329.0
2026-01-30 10:53:00-06:00,6957.0,6963.25,6957.0,6959.0,2497.0
2026-01-30 10:54:00-06:00,6959.0,6963.0,6957.5,6961.5,1931.0
2026-01-30 10:55:00-06:00,6961.5,6961.5,6959.0,6960.25,1513.0
2026-01-30 10:56:00-06:00,6960.25,6962.0,6956.5,6959.0,1890.0
2026-01-30 10:57:00-06:00,6959.0,6959.75,6956.0,6956.25,1142.0
2026-01-30 10:58:00-06:00,6956.25,6956.75,6953.0,6955.75,2366.0
2026-01-30 10:59:00-06:00,6955.5,6955.5,6951.5,6954.5,2341.0
2026-01-30 11:00:00-06:00,6954.75,6955.25,6952.25,6953.0,2748.0
2026-01-30 11:01:00-06:00,6952.75,6955.75,6950.75,6954.0,2634.0
2026-01-30 11:02:00-06:00,6954.0,6955.5,6947.5,6950.5,3524.0
2026-01-30 11:03:00-06:00,6950.25,6951.5,6947.5,6948.25,3545.0
2026-01-30 11:04:00-06:00,6948.25,6948.75,6943.5,6944.25,4163.0
2026-01-30 11:05:00-06:00,6944.25,6945.0,6941.5,6944.0,3626.0
2026-01-30 11:06:00-06:00,6943.75,6943.75,6939.0,6939.75,2747.0
2026-01-30 11:07:00-06:00,6939.5,6939.5,6936.75,6937.5,3013.0
2026-01-30 11:08:00-06:00,6937.5,6939.25,6935.0,6938.0,4114.0
2026-01-30 11:09:00-06:00,6937.75,6942.75,6937.0,6939.25,3859.0
2026-01-30 11:10:00-06:00,6939.25,6943.75,6938.25,6943.0,3301.0
2026-01-30 11:11:00-06:00,6943.0,6945.0,6940.25,6941.5,3193.0
2026-01-30 11:12:00-06:00,6941.25,6942.25,6938.75,6940.25,1856.0
2026-01-30 11:13:00-06:00,6940.25,6941.25,6938.75,6940.0,1439.0
2026-01-30 11:14:00-06:00,6940.0,6944.0,6938.75,6939.0,2427.0
2026-01-30 11:15:00-06:00,6939.0,6940.5,6936.75,6940.25,2492.0
2026-01-30 11:16:00-06:00,6940.5,6942.75,6938.25,6938.5,1889.0
2026-01-30 11:17:00-06:00,6938.5,6942.75,6937.75,6941.5,2086.0
2026-01-30 11:18:00-06:00,6941.5,6942.25,6938.75,6941.25,1576.0
2026-01-30 11:19:00-06:00,6941.25,6943.5,6940.0,6942.5,1763.0
2026-01-30 11:20:00-06:00,6942.25,6946.0,6942.25,6943.25,3343.0
2026-01-30 11:21:00-06:00,6943.0,6948.25,6940.75,6948.0,2633.0
2026-01-30 11:22:00-06:00,6948.0,6954.5,6947.5,6952.25,4765.0
2026-01-30 11:23:00-06:00,6952.5,6955.5,6950.5,6952.75,2950.0
2026-01-30 11:24:00-06:00,6952.75,6954.75,6950.5,6951.25,2192.0
2026-01-30 11:25:00-06:00,6951.25,6955.0,6949.5,6954.5,2114.0
2026-01-30 11:26:00-06:00,6954.5,6959.75,6954.25,6959.0,3135.0
2026-01-30 11:27:00-06:00,6959.25,6959.75,6953.25,6958.25,3245.0
2026-01-30 11:28:00-06:00,6958.25,6959.5,6956.5,6959.0,1892.0
2026-01-30 11:29:00-06:00,6958.75,6960.0,6957.75,6959.0,1523.0
2026-01-30 11:30:00-06:00,6958.75,6962.75,6956.0,6961.25,3519.0
2026-01-30 11:31:00-06:00,6961.75,6963.25,6959.5,6961.75,2047.0
2026-01-30 11:32:00-06:00,6961.25,6962.25,6959.75,6961.75,1262.0
2026-01-30 11:33:00-06:00,6962.0,6963.5,6952.0,6952.25,3031.0
2026-01-30 11:34:00-06:00,6952.5,6954.0,6950.5,6951.5,2450.0
2026-01-30 11:35:00-06:00,6951.5,6951.5,6943.5,6945.75,3997.0
2026-01-30 11:36:00-06:00,6945.5,6951.75,6945.5,6951.0,2747.0
2026-01-30 11:37:00-06:00,6951.25,6953.5,6950.25,6951.75,2387.0
2026-01-30 11:38:00-06:00,6951.75,6956.5,6951.5,6954.0,2797.0
2026-01-30 11:39:00-06:00,6953.75,6954.0,6949.25,6949.5,1846.0
2026-01-30 11:40:00-06:00,6949.25,6951.0,6948.0,6950.0,2280.0
2026-01-30 11:41:00-06:00,6949.75,6951.5,6946.75,6949.5,1869.0
2026-01-30 11:42:00-06:00,6949.75,6949.75,6947.0,6948.5,1286.0
2026-01-30 11:43:00-06:00,6948.5,6950.0,6945.25,6949.25,1869.0
2026-01-30 11:44:00-06:00,6949.0,6953.5,6948.75,6953.0,1984.0
2026-01-30 11:45:00-06:00,6953.25,6956.25,6949.75,6956.0,2541.0
2026-01-30 11:46:00-06:00,6956.0,6959.5,6955.25,6955.75,2601.0
2026-01-30 11:47:00-06:00,6955.75,6956.5,6950.5,6951.5,2020.0
2026-01-30 11:48:00-06:00,6951.75,6954.25,6950.5,6952.25,1308.0
2026-01-30 11:49:00-06:00,6952.25,6953.25,6947.5,6952.25,2321.0
2026-01-30 11:50:00-06:00,6951.75,6955.0,6951.0,6951.75,1560.0
2026-01-30 11:51:00-06:00,6951.5,6954.75,6949.5,6954.25,1779.0
2026-01-30 11:52:00-06:00,6954.25,6955.5,6947.0,6947.0,2073.0
2026-01-30 11:53:00-06:00,6947.25,6950.25,6946.25,6946.5,1951.0
2026-01-30 11:54:00-06:00,6946.5,6949.0,6945.25,6946.25,1645.0
2026-01-30 11:55:00-06:00,6946.25,6949.0,6946.0,6947.75,1509.0
2026-01-30 11:56:00-06:00,6948.0,6952.75,6946.5,6947.75,2277.0
2026-01-30 11:57:00-06:00,6948.25,6950.25,6946.25,6950.0,1305.0
2026-01-30 11:58:00-06:00,6950.0,6950.0,6942.75,6943.5,2424.0
2026-01-30 11:59:00-06:00,6943.25,6943.5,6939.0,6939.5,2983.0
2026-01-30 12:00:00-06:00,6939.5,6940.75,6936.5,6938.75,3263.0
2026-01-30 12:01:00-06:00,6939.0,6943.0,6937.75,6941.25,2230.0
2026-01-30 12:02:00-06:00,6941.25,6945.0,6940.5,6944.75,2066.0
2026-01-30 12:03:00-06:00,6945.0,6945.75,6942.5,6944.0,1617.0
2026-01-30 12:04:00-06:00,6943.75,6945.0,6942.25,6944.5,1058.0
2026-01-30 12:05:00-06:00,6944.0,6948.25,6943.75,6947.75,2428.0
2026-01-30 12:06:00-06:00,6948.0,6950.5,6945.25,6945.25,2221.0
2026-01-30 12:07:00-06:00,6945.5,6947.5,6944.25,6946.5,1280.0
2026-01-30 12:08:00-06:00,6946.5,6948.25,6945.25,6946.75,1047.0
2026-01-30 12:09:00-06:00,6946.75,6947.5,6942.25,6944.0,1865.0
2026-01-30 12:10:00-06:00,6944.0,6944.5,6940.5,6941.75,1460.0
2026-01-30 12:11:00-06:00,6941.75,6943.25,6939.75,6939.75,1290.0
2026-01-30 12:12:00-06:00,6940.0,6943.25,6938.75,6943.25,1646.0
2026-01-30 12:13:00-06:00,6943.25,6943.75,6940.0,6940.5,1288.0
2026-01-30 12:14:00-06:00,6940.5,6942.0,6939.25,6940.0,855.0
2026-01-30 12:15:00-06:00,6940.0,6941.75,6935.25,6935.75,2693.0
2026-01-30 12:16:00-06:00,6935.75,6936.0,6932.25,6933.25,3313.0
2026-01-30 12:17:00-06:00,6933.25,6936.5,6930.75,6935.25,3476.0
2026-01-30 12:18:00-06:00,6935.0,6935.0,6931.0,6931.25,1532.0
2026-01-30 12:19:00-06:00,6931.25,6931.75,6928.25,6929.0,2581.0
2026-01-30 12:20:00-06:00,6928.75,6931.0,6924.25,6924.5,3988.0
2026-01-30 12:21:00-06:00,6924.5,6925.25,6920.5,6923.0,3961.0
2026-01-30 12:22:00-06:00,6923.25,6924.0,6919.0,6920.0,3542.0
2026-01-30 12:23:00-06:00,6920.0,6928.25,6918.75,6925.5,4437.0
2026-01-30 12:24:00-06:00,6925.75,6932.0,6924.75,6930.25,3749.0
2026-01-30 12:25:00-06:00,6930.25,6935.25,6930.0,6933.5,3146.0
2026-01-30 12:26:00-06:00,6933.75,6938.25,6932.5,6937.75,3055.0
2026-01-30 12:27:00-06:00,6937.75,6940.5,6935.75,6940.0,2306.0
2026-01-30 12:28:00-06:00,6940.0,6941.5,6935.25,6937.0,3029.0
2026-01-30 12:29:00-06:00,6936.75,6943.25,6936.5,6942.5,2671.0
2026-01-30 12:30:00-06:00,6942.5,6944.75,6936.25,6938.25,3912.0
2026-01-30 12:31:00-06:00,6938.25,6940.5,6935.0,6935.75,2142.0
2026-01-30 12:32:00-06:00,6936.0,6936.75,6931.25,6932.75,2459.0
2026-01-30 12:33:00-06:00,6932.5,6933.5,6929.0,6930.0,1791.0
2026-01-30 12:34:00-06:00,6930.0,6932.0,6926.0,6927.0,2655.0
2026-01-30 12:35:00-06:00,6927.0,6930.5,6926.5,6928.25,2067.0
2026-01-30 12:36:00-06:00,6928.25,6934.5,6927.5,6932.75,3707.0
2026-01-30 12:37:00-06:00,6933.0,6936.25,6932.0,6934.0,2404.0
2026-01-30 12:38:00-06:00,6934.5,6937.25,6931.0,6931.25,1910.0
2026-01-30 12:39:00-06:00,6931.25,6934.0,6930.25,6933.75,1469.0
2026-01-30 12:40:00-06:00,6934.0,6936.75,6933.5,6936.0,2014.0
2026-01-30 12:41:00-06:00,6936.0,6939.25,6934.25,6935.5,2243.0
2026-01-30 12:42:00-06:00,6935.5,6937.25,6934.5,6935.75,1334.0
2026-01-30 12:43:00-06:00,6935.75,6937.75,6933.0,6936.75,1577.0
2026-01-30 12:44:00-06:00,6937.25,6939.25,6935.25,6936.5,1868.0
2026-01-30 12:45:00-06:00,6936.25,6944.25,6935.5,6941.0,3040.0
2026-01-30 12:46:00-06:00,6941.0,6944.25,6940.5,6941.25,1838.0
2026-01-30 12:47:00-06:00,6941.5,6945.5,6941.5,6944.75,2035.0
2026-01-30 12:48:00-06:00,6944.75,6948.0,6944.5,6946.0,2487.0
2026-01-30 12:49:00-06:00,6946.0,6948.25,6945.25,6948.0,1759.0
2026-01-30 12:50:00-06:00,6947.75,6954.25,6947.75,6953.75,3685.0
2026-01-30 12:51:00-06:00,6953.75,6956.0,6952.0,6953.5,2900.0
2026-01-30 12:52:00-06:00,6953.75,6954.75,6950.0,6952.25,2607.0
2026-01-30 12:53:00-06:00,6952.0,6956.25,6947.5,6955.75,3181.0
2026-01-30 12:54:00-06:00,6955.75,6959.0,6954.0,6958.25,2409.0
2026-01-30 12:55:00-06:00,6958.25,6961.0,6956.75,6958.25,3103.0
2026-01-30 12:56:00-06:00,6958.25,6962.0,6957.25,6958.0,2299.0
2026-01-30 12:57:00-06:00,6958.0,6961.5,6958.0,6960.75,1643.0
2026-01-30 12:58:00-06:00,6961.0,6966.5,6958.25,6966.0,3258.0
2026-01-30 12:59:00-06:00,6966.0,6969.0,6961.25,6962.0,3798.0
2026-01-30 13:00:00-06:00,6962.0,6968.25,6961.5,6967.0,3008.0
2026-01-30 13:01:00-06:00,6967.0,6969.25,6964.25,6964.25,2010.0
2026-01-30 13:02:00-06:00,6964.0,6969.5,6963.5,6964.25,2718.0
2026-01-30 13:03:00-06:00,6964.5,6967.25,6962.25,6966.25,1922.0
2026-01-30 13:04:00-06:00,6966.25,6970.0,6966.25,6967.0,1708.0
2026-01-30 13:05:00-06:00,6967.0,6971.25,6966.0,6970.75,1907.0
2026-01-30 13:06:00-06:00,6970.75,6975.25,6970.75,6973.0,3268.0
2026-01-30 13:07:00-06:00,6972.75,6973.75,6968.5,6970.25,2477.0
2026-01-30 13:08:00-06:00,6970.5,6971.25,6968.0,6970.5,1885.0
2026-01-30 13:09:00-06:00,6970.5,6971.5,6967.0,6969.0,2061.0
2026-01-30 13:10:00-06:00,6969.25,6971.75,6969.0,6970.0,1796.0
2026-01-30 13:11:00-06:00,6969.75,6971.25,6967.75,6968.75,1666.0
2026-01-30 13:12:00-06:00,6969.0,6971.5,6966.25,6967.0,1655.0
2026-01-30 13:13:00-06:00,6967.0,6967.0,6962.75,6965.0,3103.0
2026-01-30 13:14:00-06:00,6965.25,6969.25,6963.75,6967.75,2185.0
2026-01-30 13:15:00-06:00,6967.75,6969.5,6966.5,6967.0,1835.0
2026-01-30 13:16:00-06:00,6967.25,6968.0,6965.0,6966.5,1454.0
2026-01-30 13:17:00-06:00,6966.5,6967.0,6963.75,6965.25,1156.0
2026-01-30 13:18:00-06:00,6965.5,6969.75,6964.75,6965.25,1650.0
2026-01-30 13:19:00-06:00,6965.5,6969.0,6965.25,6966.5,1501.0
2026-01-30 13:20:00-06:00,6966.25,6971.5,6966.0,6970.0,1624.0
2026-01-30 13:21:00-06:00,6970.25,6972.25,6969.5,6972.0,1210.0
2026-01-30 13:22:00-06:00,6972.0,6972.0,6966.75,6967.0,1623.0
2026-01-30 13:23:00-06:00,6967.25,6970.0,6966.75,6969.0,1175.0
2026-01-30 13:24:00-06:00,6969.0,6971.25,6968.5,6969.25,814.0
2026-01-30 13:25:00-06:00,6969.25,6971.75,6968.75,6969.0,860.0
2026-01-30 13:26:00-06:00,6969.0,6973.5,6968.5,6972.75,1302.0
2026-01-30 13:27:00-06:00,6973.0,6973.5,6970.5,6972.0,953.0
2026-01-30 13:28:00-06:00,6971.75,6975.0,6971.5,6974.75,1390.0
2026-01-30 13:29:00-06:00,6974.75,6975.0,6960.75,6961.25,4669.0
2026-01-30 13:30:00-06:00,6961.25,6966.75,6957.0,6957.5,5157.0
2026-01-30 13:31:00-06:00,6957.5,6964.25,6953.5,6962.0,5390.0
2026-01-30 13:32:00-06:00,6961.75,6965.0,6959.5,6964.0,2647.0
2026-01-30 13:33:00-06:00,6964.25,6967.0,6961.5,6966.5,2465.0
2026-01-30 13:34:00-06:00,6966.5,6968.5,6965.25,6965.75,1917.0
2026-01-30 13:35:00-06:00,6965.5,6968.0,6962.5,6965.0,1976.0
2026-01-30 13:36:00-06:00,6964.75,6967.0,6962.25,6962.75,1537.0
2026-01-30 13:37:00-06:00,6962.75,6965.5,6962.5,6963.0,1214.0
2026-01-30 13:38:00-06:00,6963.25,6965.5,6961.75,6963.0,1310.0
2026-01-30 13:39:00-06:00,6963.75,6964.75,6962.0,6964.0,818.0
2026-01-30 13:40:00-06:00,6964.0,6965.5,6961.75,6962.5,1250.0
2026-01-30 13:41:00-06:00,6962.5,6966.0,6962.0,6963.5,997.0
2026-01-30 13:42:00-06:00,6963.75,6967.25,6962.75,6965.0,1332.0
2026-01-30 13:43:00-06:00,6965.0,6966.0,6963.0,6965.75,1099.0
2026-01-30 13:44:00-06:00,6965.75,6966.5,6960.25,6960.75,1436.0
2026-01-30 13:45:00-06:00,6960.5,6961.25,6957.75,6958.0,1826.0
2026-01-30 13:46:00-06:00,6958.0,6962.0,6957.5,6959.0,1598.0
2026-01-30 13:47:00-06:00,6959.0,6961.75,6957.75,6959.75,1438.0
2026-01-30 13:48:00-06:00,6959.75,6961.0,6955.25,6956.0,1552.0
2026-01-30 13:49:00-06:00,6956.25,6958.25,6955.25,6956.25,1664.0
2026-01-30 13:50:00-06:00,6956.25,6959.5,6956.25,6958.75,1504.0
2026-01-30 13:51:00-06:00,6958.75,6960.0,6957.75,6958.25,858.0
2026-01-30 13:52:00-06:00,6958.25,6962.75,6958.25,6961.25,1645.0
2026-01-30 13:53:00-06:00,6961.5,6968.0,6961.0,6965.75,3153.0
2026-01-30 13:54:00-06:00,6965.75,6968.0,6965.5,6967.75,1132.0
2026-01-30 13:55:00-06:00,6967.75,6971.0,6967.25,6967.75,2311.0
2026-01-30 13:56:00-06:00,6968.0,6968.75,6965.25,6967.0,1524.0
2026-01-30 13:57:00-06:00,6967.0,6967.75,6961.25,6961.75,1776.0
2026-01-30 13:58:00-06:00,6961.5,6963.75,6958.25,6958.25,1565.0
2026-01-30 13:59:00-06:00,6958.5,6958.75,6952.25,6953.5,2630.0
2026-01-30 14:00:00-06:00,6953.5,6957.25,6952.5,6957.0,2294.0
2026-01-30 14:01:00-06:00,6956.75,6960.25,6955.5,6958.5,2100.0
2026-01-30 14:02:00-06:00,6958.25,6959.25,6955.5,6957.0,1258.0
2026-01-30 14:03:00-06:00,6957.5,6958.25,6955.0,6956.5,1071.0
2026-01-30 14:04:00-06:00,6956.5,6957.0,6953.75,6956.0,1011.0
2026-01-30 14:05:00-06:00,6956.0,6956.75,6953.25,6953.75,1369.0
2026-01-30 14:06:00-06:00,6953.75,6954.25,6949.25,6949.5,2351.0
2026-01-30 14:07:00-06:00,6949.25,6951.0,6947.75,6950.0,1861.0
2026-01-30 14:08:00-06:00,6950.0,6953.75,6947.25,6951.75,2061.0
2026-01-30 14:09:00-06:00,6951.75,6954.0,6950.5,6952.5,986.0
2026-01-30 14:10:00-06:00,6953.0,6953.5,6950.75,6952.75,1043.0
2026-01-30 14:11:00-06:00,6953.0,6954.75,6951.75,6952.25,1149.0
2026-01-30 14:12:00-06:00,6952.25,6953.0,6949.25,6949.75,1047.0
2026-01-30 14:13:00-06:00,6950.0,6951.25,6948.75,6950.25,919.0
2026-01-30 14:14:00-06:00,6950.25,6951.0,6947.5,6948.0,1302.0
2026-01-30 14:15:00-06:00,6948.0,6948.0,6943.5,6944.0,2871.0
2026-01-30 14:16:00-06:00,6943.75,6948.25,6943.75,6947.5,2426.0
2026-01-30 14:17:00-06:00,6947.5,6947.5,6944.25,6946.0,1157.0
2026-01-30 14:18:00-06:00,6946.0,6948.0,6945.25,6945.5,1285.0
2026-01-30 14:19:00-06:00,6945.25,6947.25,6944.25,6945.5,974.0
2026-01-30 14:20:00-06:00,6945.25,6946.5,6943.5,6945.25,1649.0
2026-01-30 14:21:00-06:00,6945.25,6946.25,6942.5,6942.75,1576.0
2026-01-30 14:22:00-06:00,6942.5,6944.0,6940.75,6944.0,2479.0
2026-01-30 14:23:00-06:00,6944.0,6946.5,6942.75,6945.25,1563.0
2026-01-30 14:24:00-06:00,6945.5,6948.0,6945.5,6948.0,1758.0
2026-01-30 14:25:00-06:00,6947.75,6952.5,6947.75,6950.25,2953.0
2026-01-30 14:26:00-06:00,6950.0,6952.75,6947.5,6948.25,2077.0
2026-01-30 14:27:00-06:00,6948.25,6948.5,6946.25,6946.75,1408.0
2026-01-30 14:28:00-06:00,6946.5,6947.0,6943.5,6946.25,1762.0
2026-01-30 14:29:00-06:00,6945.75,6950.0,6945.25,6948.0,1499.0
2026-01-30 14:30:00-06:00,6948.5,6952.75,6947.25,6951.5,2640.0
2026-01-30 14:31:00-06:00,6951.75,6953.25,6949.75,6952.25,1634.0
2026-01-30 14:32:00-06:00,6952.25,6954.25,6948.75,6950.25,2011.0
2026-01-30 14:33:00-06:00,6950.25,6955.25,6949.75,6955.0,1400.0
2026-01-30 14:34:00-06:00,6955.0,6956.0,6953.0,6953.5,1655.0
2026-01-30 14:35:00-06:00,6953.5,6957.0,6952.75,6956.0,1842.0
2026-01-30 14:36:00-06:00,6956.0,6957.75,6954.75,6955.75,1356.0
2026-01-30 14:37:00-06:00,6955.5,6957.5,6948.75,6949.0,2478.0
2026-01-30 14:38:00-06:00,6949.25,6952.5,6949.0,6952.5,1398.0
2026-01-30 14:39:00-06:00,6952.5,6955.25,6952.0,6953.5,1340.0
2026-01-30 14:40:00-06:00,6953.5,6954.5,6952.25,6953.0,895.0
2026-01-30 14:41:00-06:00,6953.0,6957.75,6952.25,6956.5,1596.0
2026-01-30 14:42:00-06:00,6956.5,6957.25,6954.5,6955.75,1336.0
2026-01-30 14:43:00-06:00,6955.75,6957.25,6953.75,6955.75,1197.0
2026-01-30 14:44:00-06:00,6956.0,6961.25,6956.0,6959.75,2129.0
2026-01-30 14:45:00-06:00,6959.75,6964.5,6959.0,6963.25,2733.0
2026-01-30 14:46:00-06:00,6963.25,6965.5,6962.75,6963.0,2057.0
2026-01-30 14:47:00-06:00,6963.25,6968.0,6962.25,6967.0,2162.0
2026-01-30 14:48:00-06:00,6967.25,6971.0,6967.0,6968.75,3004.0
2026-01-30 14:49:00-06:00,6969.0,6974.25,6969.0,6974.0,2434.0
2026-01-30 14:50:00-06:00,6974.0,6976.75,6969.25,6970.0,6804.0
2026-01-30 14:51:00-06:00,6970.0,6974.0,6969.75,6970.5,2627.0
2026-01-30 14:52:00-06:00,6970.5,6970.5,6966.0,6968.25,2855.0
2026-01-30 14:53:00-06:00,6968.25,6968.25,6959.0,6960.0,3201.0
2026-01-30 14:54:00-06:00,6960.25,6962.0,6957.75,6961.75,4338.0
2026-01-30 14:55:00-06:00,6961.75,6967.0,6956.25,6966.75,5069.0
2026-01-30 14:56:00-06:00,6967.0,6967.75,6961.75,6966.25,3095.0
2026-01-30 14:57:00-06:00,6966.5,6966.75,6964.0,6964.5,2387.0
2026-01-30 14:58:00-06:00,6964.5,6965.25,6962.5,6964.5,2970.0
2026-01-30 14:59:00-06:00,6964.25,6970.0,6961.0,6968.0,15441.0
2026-01-30 15:00:00-06:00,6967.75,6973.5,6963.5,6964.0,5098.0
2026-01-30 15:01:00-06:00,6964.0,6965.25,6962.5,6963.0,1304.0
2026-01-30 15:02:00-06:00,6962.75,6964.5,6961.0,6962.5,850.0
2026-01-30 15:03:00-06:00,6962.5,6964.0,6961.5,6962.5,531.0
2026-01-30 15:04:00-06:00,6962.5,6964.75,6961.5,6962.75,648.0
2026-01-30 15:05:00-06:00,6962.75,6963.0,6960.25,6961.0,607.0
2026-01-30 15:06:00-06:00,6960.75,6961.5,6959.75,6961.5,500.0
2026-01-30 15:07:00-06:00,6961.5,6963.75,6960.0,6960.0,558.0
2026-01-30 15:08:00-06:00,6960.5,6961.5,6957.75,6958.75,760.0
2026-01-30 15:09:00-06:00,6958.5,6959.25,6957.5,6959.25,488.0
2026-01-30 15:10:00-06:00,6959.5,6962.0,6959.5,6961.25,580.0
2026-01-30 15:11:00-06:00,6961.25,6963.5,6960.75,6963.25,604.0
2026-01-30 15:12:00-06:00,6963.25,6963.5,6961.25,6963.0,398.0
2026-01-30 15:13:00-06:00,6963.0,6964.25,6961.25,6964.25,454.0
2026-01-30 15:14:00-06:00,6964.0,6964.75,6963.0,6963.5,265.0
2026-01-30 15:15:00-06:00,6963.25,6964.25,6962.25,6963.75,198.0
2026-01-30 15:16:00-06:00,6963.5,6964.0,6963.0,6963.75,159.0
2026-01-30 15:17:00-06:00,6963.75,6963.75,6962.0,6962.5,227.0
2026-01-30 15:18:00-06:00,6962.75,6963.5,6962.25,6962.25,183.0
2026-01-30 15:19:00-06:00,6962.25,6963.5,6962.0,6963.5,149.0
2026-01-30 15:20:00-06:00,6963.75,6965.0,6962.75,6963.75,248.0
2026-01-30 15:21:00-06:00,6964.0,6964.5,6962.25,6964.25,198.0
2026-01-30 15:22:00-06:00,6964.25,6968.25,6964.25,6967.5,535.0
2026-01-30 15:23:00-06:00,6967.5,6969.75,6967.25,6969.25,423.0
2026-01-30 15:24:00-06:00,6969.25,6969.5,6968.0,6968.25,219.0
2026-01-30 15:25:00-06:00,6968.5,6968.75,6966.75,6966.75,261.0
2026-01-30 15:26:00-06:00,6966.75,6967.25,6966.25,6966.75,187.0
2026-01-30 15:27:00-06:00,6966.5,6966.5,6964.0,6964.25,197.0
2026-01-30 15:28:00-06:00,6964.25,6964.75,6964.0,6964.25,188.0
2026-01-30 15:29:00-06:00,6964.25,6964.5,6963.25,6963.25,170.0
2026-01-30 15:30:00-06:00,6963.25,6964.0,6962.75,6964.0,198.0
2026-01-30 15:31:00-06:00,6963.75,6964.25,6962.25,6962.5,236.0
2026-01-30 15:32:00-06:00,6962.5,6962.5,6961.25,6961.5,154.0
2026-01-30 15:33:00-06:00,6961.25,6962.25,6960.5,6962.0,246.0
2026-01-30 15:34:00-06:00,6962.0,6962.25,6961.5,6962.25,109.0
2026-01-30 15:35:00-06:00,6962.0,6962.75,6961.5,6962.25,237.0
2026-01-30 15:36:00-06:00,6962.25,6962.25,6960.5,6961.0,121.0
2026-01-30 15:37:00-06:00,6960.75,6960.75,6958.5,6959.5,325.0
2026-01-30 15:38:00-06:00,6959.25,6959.75,6958.0,6958.75,203.0
2026-01-30 15:39:00-06:00,6958.5,6960.0,6958.25,6959.75,235.0
2026-01-30 15:40:00-06:00,6959.75,6960.0,6959.0,6959.75,127.0
2026-01-30 15:41:00-06:00,6959.5,6959.5,6958.5,6958.75,93.0
2026-01-30 15:42:00-06:00,6958.75,6958.75,6957.5,6958.5,162.0
2026-01-30 15:43:00-06:00,6958.25,6959.0,6958.25,6958.5,140.0
2026-01-30 15:44:00-06:00,6958.25,6958.75,6958.0,6958.5,150.0
2026-01-30 15:45:00-06:00,6958.25,6959.5,6957.5,6958.5,303.0
2026-01-30 15:46:00-06:00,6958.25,6959.5,6958.0,6959.25,225.0
2026-01-30 15:47:00-06:00,6959.0,6959.25,6958.5,6958.5,97.0
2026-01-30 15:48:00-06:00,6958.5,6958.75,6957.75,6958.5,93.0
2026-01-30 15:49:00-06:00,6958.5,6959.75,6957.75,6959.0,397.0
2026-01-30 15:50:00-06:00,6959.0,6961.0,6959.0,6960.25,318.0
2026-01-30 15:51:00-06:00,6960.0,6961.0,6959.75,6960.0,139.0
2026-01-30 15:52:00-06:00,6959.75,6960.75,6959.5,6960.75,108.0
2026-01-30 15:53:00-06:00,6961.0,6962.25,6961.0,6962.25,188.0
2026-01-30 15:54:00-06:00,6962.25,6963.25,6961.75,6962.0,297.0
2026-01-30 15:55:00-06:00,6962.0,6962.75,6960.5,6962.0,239.0
2026-01-30 15:56:00-06:00,6962.0,6963.25,6962.0,6962.5,151.0
2026-01-30 15:57:00-06:00,6962.5,6963.75,6962.0,6962.75,131.0
2026-01-30 15:58:00-06:00,6962.5,6962.75,6961.75,6962.25,75.0
2026-01-30 15:59:00-06:00,6962.75,6963.5,6960.25,6961.25,521.0
2026-02-02 08:30:00-06:00,6943.5,6956.75,6941.5,6952.75,12479.0
2026-02-02 08:31:00-06:00,6952.75,6953.0,6943.5,6950.75,7301.0
2026-02-02 08:32:00-06:00,6950.75,6960.0,6949.0,6958.75,7011.0
2026-02-02 08:33:00-06:00,6958.75,6959.5,6954.25,6956.75,4135.0
2026-02-02 08:34:00-06:00,6957.0,6960.25,6955.25,6960.0,4830.0
2026-02-02 08:35:00-06:00,6960.25,6964.5,6957.0,6964.25,7122.0
2026-02-02 08:36:00-06:00,6964.25,6968.75,6963.5,6966.0,5626.0
2026-02-02 08:37:00-06:00,6966.25,6970.25,6965.75,6969.0,4589.0
2026-02-02 08:38:00-06:00,6969.0,6969.5,6965.0,6966.0,3376.0
2026-02-02 08:39:00-06:00,6966.25,6968.25,6962.75,6967.0,3591.0
2026-02-02 08:40:00-06:00,6967.75,6968.0,6963.0,6967.5,3557.0
2026-02-02 08:41:00-06:00,6967.5,6970.25,6964.0,6967.5,4052.0
2026-02-02 08:42:00-06:00,6967.5,6973.25,6967.0,6970.0,4521.0
2026-02-02 08:43:00-06:00,6969.5,6972.25,6967.0,6971.5,2283.0
2026-02-02 08:44:00-06:00,6971.0,6975.5,6969.5,6973.5,2710.0
2026-02-02 08:45:00-06:00,6973.75,6975.5,6972.0,6973.5,3370.0
2026-02-02 08:46:00-06:00,6973.5,6977.0,6972.75,6976.75,3396.0
2026-02-02 08:47:00-06:00,6976.5,6976.75,6972.25,6973.0,3597.0
2026-02-02 08:48:00-06:00,6973.25,6976.25,6971.0,6975.5,3785.0
2026-02-02 08:49:00-06:00,6975.75,6978.0,6972.5,6976.5,3531.0
2026-02-02 08:50:00-06:00,6976.75,6985.75,6976.75,6985.25,7010.0
2026-02-02 08:51:00-06:00,6985.25,6986.5,6983.0,6983.75,4342.0
2026-02-02 08:52:00-06:00,6983.75,6984.75,6980.75,6982.75,2993.0
2026-02-02 08:53:00-06:00,6982.5,6984.0,6980.25,6983.0,3090.0
2026-02-02 08:54:00-06:00,6983.0,6983.75,6979.5,6981.75,3085.0
2026-02-02 08:55:00-06:00,6981.5,6983.75,6980.75,6981.5,2415.0
2026-02-02 08:56:00-06:00,6981.75,6982.25,6976.75,6977.25,4140.0
2026-02-02 08:57:00-06:00,6977.5,6979.5,6975.25,6975.75,3022.0
2026-02-02 08:58:00-06:00,6975.75,6975.75,6969.75,6970.25,6507.0
2026-02-02 08:59:00-06:00,6970.25,6979.5,6969.75,6975.0,2588.0
2026-02-02 09:00:00-06:00,6974.0,6979.75,6970.75,6973.25,3952.0
2026-02-02 09:01:00-06:00,6973.25,6976.25,6972.0,6975.75,2653.0
2026-02-02 09:02:00-06:00,6976.0,6982.5,6974.75,6980.0,5525.0
2026-02-02 09:03:00-06:00,6980.0,6984.5,6979.0,6982.25,3769.0
2026-02-02 09:04:00-06:00,6982.25,6985.5,6982.0,6985.5,2569.0
2026-02-02 09:05:00-06:00,6985.75,6989.5,6984.5,6989.0,5731.0
2026-02-02 09:06:00-06:00,6989.0,6992.25,6988.5,6991.25,4984.0
2026-02-02 09:07:00-06:00,6991.25,6993.5,6991.0,6993.0,2947.0
2026-02-02 09:08:00-06:00,6993.0,6993.25,6991.25,6991.75,2729.0
2026-02-02 09:09:00-06:00,6992.0,6993.5,6991.5,6993.0,2015.0
2026-02-02 09:10:00-06:00,6993.0,6993.25,6990.5,6992.0,2880.0
2026-02-02 09:11:00-06:00,6992.0,6995.0,6990.75,6994.25,3050.0
2026-02-02 09:12:00-06:00,6994.25,6997.0,6992.75,6996.75,3491.0
2026-02-02 09:13:00-06:00,6996.75,6998.0,6996.0,6997.25,2318.0
2026-02-02 09:14:00-06:00,6997.5,7000.5,6997.0,6999.0,4151.0
2026-02-02 09:15:00-06:00,6999.0,6999.5,6996.5,6998.0,3868.0
2026-02-02 09:16:00-06:00,6998.0,6998.5,6995.5,6998.25,2952.0
2026-02-02 09:17:00-06:00,6998.25,7000.0,6997.5,7000.0,2277.0
2026-02-02 09:18:00-06:00,7000.0,7000.25,6997.75,6998.25,1838.0
2026-02-02 09:19:00-06:00,6998.5,7004.0,6998.0,7002.75,4104.0
2026-02-02 09:20:00-06:00,7002.75,7005.0,7000.5,7000.75,3855.0
2026-02-02 09:21:00-06:00,7000.75,7002.25,6999.5,7000.5,2331.0
2026-02-02 09:22:00-06:00,7000.5,7002.5,6999.75,7000.75,1710.0
2026-02-02 09:23:00-06:00,7000.5,7002.25,6999.0,7001.75,2152.0
2026-02-02 09:24:00-06:00,7001.75,7001.75,6999.0,7000.25,1388.0
2026-02-02 09:25:00-06:00,7000.25,7002.0,6999.75,7000.0,1338.0
2026-02-02 09:26:00-06:00,7000.0,7001.5,6998.0,7000.25,2795.0
2026-02-02 09:27:00-06:00,7000.5,7000.5,6994.25,6995.75,4497.0
2026-02-02 09:28:00-06:00,6995.5,6996.25,6993.5,6995.5,2696.0
2026-02-02 09:29:00-06:00,6995.5,6997.75,6994.5,6994.75,2153.0
2026-02-02 09:30:00-06:00,6995.0,6996.5,6992.25,6992.25,3765.0
2026-02-02 09:31:00-06:00,6992.25,6996.75,6992.25,6996.75,2251.0
2026-02-02 09:32:00-06:00,6996.5,6999.5,6995.75,6997.75,3663.0
2026-02-02 09:33:00-06:00,6997.75,6998.75,6995.75,6997.75,1578.0
2026-02-02 09:34:00-06:00,6997.75,7000.0,6996.75,6999.25,1727.0
2026-02-02 09:35:00-06:00,6999.25,7000.75,6998.25,7000.0,2027.0
2026-02-02 09:36:00-06:00,6999.75,7000.5,6998.25,6999.25,1280.0
2026-02-02 09:37:00-06:00,6999.25,7002.0,6999.25,7001.75,1772.0
2026-02-02 09:38:00-06:00,7001.75,7003.75,7000.75,7003.5,2188.0
2026-02-02 09:39:00-06:00,7003.5,7005.5,7003.25,7005.0,3367.0
2026-02-02 09:40:00-06:00,7005.0,7005.5,7003.25,7003.75,1901.0
2026-02-02 09:41:00-06:00,7004.0,7004.0,6999.75,7001.0,2982.0
2026-02-02 09:42:00-06:00,7001.0,7001.5,6999.0,6999.75,1938.0
2026-02-02 09:43:00-06:00,6999.75,6999.75,6996.5,6998.75,2739.0
2026-02-02 09:44:00-06:00,6999.0,6999.5,6997.75,6999.25,1087.0
2026-02-02 09:45:00-06:00,6998.75,6999.25,6995.75,6996.5,1735.0
2026-02-02 09:46:00-06:00,6996.25,6997.75,6995.5,6997.5,1385.0
2026-02-02 09:47:00-06:00,6997.25,6998.25,6995.75,6997.25,1413.0
2026-02-02 09:48:00-06:00,6997.25,6998.5,6995.75,6996.0,1244.0
2026-02-02 09:49:00-06:00,6996.0,6997.0,6994.25,6994.25,1895.0
2026-02-02 09:50:00-06:00,6994.25,6997.0,6992.5,6996.75,3239.0
2026-02-02 09:51:00-06:00,6996.75,6998.5,6996.0,6998.0,1859.0
2026-02-02 09:52:00-06:00,6998.0,6998.25,6995.25,6997.5,1322.0
2026-02-02 09:53:00-06:00,6997.25,6999.75,6997.25,6998.5,1935.0
2026-02-02 09:54:00-06:00,6998.5,7000.0,6997.75,6997.75,1516.0
2026-02-02 09:55:00-06:00,6997.75,6998.25,6995.5,6996.25,1860.0
2026-02-02 09:56:00-06:00,6996.5,6996.75,6993.5,6994.0,2337.0
2026-02-02 09:57:00-06:00,6994.0,6994.75,6991.5,6993.75,3381.0
2026-02-02 09:58:00-06:00,6993.5,6994.5,6991.25,6992.0,1821.0
2026-02-02 09:59:00-06:00,6992.5,6995.5,6991.25,6995.25,2160.0
2026-02-02 10:00:00-06:00,6995.0,6996.0,6991.25,6991.75,2872.0
2026-02-02 10:01:00-06:00,6991.5,6993.5,6989.25,6992.5,3048.0
2026-02-02 10:02:00-06:00,6992.5,6993.0,6989.75,6989.75,1917.0
2026-02-02 10:03:00-06:00,6989.75,6992.25,6989.25,6991.5,1969.0
2026-02-02 10:04:00-06:00,6991.75,6992.0,6989.25,6990.25,1449.0
2026-02-02 10:05:00-06:00,6990.5,6991.0,6987.0,6988.75,2964.0
2026-02-02 10:06:00-06:00,6988.75,6992.0,6986.75,6991.5,2983.0
2026-02-02 10:07:00-06:00,6991.5,6993.25,6990.75,6991.0,2222.0
2026-02-02 10:08:00-06:00,6991.25,6994.5,6991.0,6994.5,2009.0
2026-02-02 10:09:00-06:00,6994.5,6997.0,6993.5,6996.0,2617.0
2026-02-02 10:10:00-06:00,6996.0,6997.0,6994.25,6996.5,2306.0
2026-02-02 10:11:00-06:00,6996.25,6997.5,6994.75,6995.5,1824.0
2026-02-02 10:12:00-06:00,6995.75,6997.0,6994.75,6996.75,1096.0
2026-02-02 10:13:00-06:00,6996.5,6998.25,6995.25,6997.75,1251.0
2026-02-02 10:14:00-06:00,6997.5,6999.25,6997.25,6998.5,1802.0
2026-02-02 10:15:00-06:00,6998.25,6998.75,6996.75,6998.5,1318.0
2026-02-02 10:16:00-06:00,6998.75,7000.75,6997.5,6999.0,2753.0
2026-02-02 10:17:00-06:00,6999.0,6999.0,6997.25,6998.25,931.0
2026-02-02 10:18:00-06:00,6998.25,7002.5,6998.25,7002.25,1662.0
2026-02-02 10:19:00-06:00,7002.5,7002.5,7000.0,7000.25,1449.0
2026-02-02 10:20:00-06:00,7000.25,7001.0,6999.25,7000.75,1012.0
2026-02-02 10:21:00-06:00,7000.5,7001.75,7000.25,7001.0,884.0
2026-02-02 10:22:00-06:00,7000.75,7001.5,7000.0,7001.25,924.0
2026-02-02 10:23:00-06:00,7001.0,7004.25,6999.75,7004.25,1808.0
2026-02-02 10:24:00-06:00,7004.25,7004.75,7002.0,7002.0,1804.0
2026-02-02 10:25:00-06:00,7001.75,7002.25,7000.25,7001.0,1359.0
2026-02-02 10:26:00-06:00,7001.0,7001.75,7000.5,7001.5,828.0
2026-02-02 10:27:00-06:00,7001.5,7001.5,6999.5,7000.0,1145.0
2026-02-02 10:28:00-06:00,7000.0,7002.5,6998.75,7002.0,2030.0
2026-02-02 10:29:00-06:00,7001.75,7004.0,7001.25,7003.25,1184.0
2026-02-02 10:30:00-06:00,7003.25,7003.5,7001.5,7002.25,1110.0
2026-02-02 10:31:00-06:00,7002.25,7002.25,6999.0,6999.25,1451.0
2026-02-02 10:32:00-06:00,6999.25,7000.75,6998.0,7000.5,1949.0
2026-02-02 10:33:00-06:00,7000.5,7001.0,6999.5,7000.25,894.0
2026-02-02 10:34:00-06:00,7000.25,7002.5,7000.0,7002.5,1051.0
2026-02-02 10:35:00-06:00,7002.25,7003.25,7001.25,7002.25,986.0
2026-02-02 10:36:00-06:00,7002.25,7002.25,7001.0,7001.75,833.0
2026-02-02 10:37:00-06:00,7002.0,7002.5,7000.5,7002.5,819.0
2026-02-02 10:38:00-06:00,7002.5,7003.25,7000.75,7001.0,719.0
2026-02-02 10:39:00-06:00,7001.0,7001.25,6999.75,7000.25,689.0
2026-02-02 10:40:00-06:00,7000.25,7000.5,6996.75,6997.0,2162.0
2026-02-02 10:41:00-06:00,6997.0,6998.75,6996.5,6997.5,1338.0
2026-02-02 10:42:00-06:00,6997.5,6998.75,6996.5,6998.0,1050.0
2026-02-02 10:43:00-06:00,6998.0,7000.5,6998.0,7000.5,1294.0
2026-02-02 10:44:00-06:00,7000.5,7000.75,6998.5,6999.0,745.0
2026-02-02 10:45:00-06:00,6999.25,6999.5,6996.5,6997.25,1453.0
2026-02-02 10:46:00-06:00,6997.25,6998.0,6995.25,6995.75,2069.0
2026-02-02 10:47:00-06:00,6995.75,6997.5,6993.75,6994.25,1636.0
2026-02-02 10:48:00-06:00,6994.25,6994.75,6992.5,6994.25,1782.0
2026-02-02 10:49:00-06:00,6994.5,6997.25,6994.0,6996.75,1809.0
2026-02-02 10:50:00-06:00,6996.75,6997.25,6994.75,6995.75,1176.0
2026-02-02 10:51:00-06:00,6996.0,6997.5,6995.5,6997.25,1148.0
2026-02-02 10:52:00-06:00,6997.5,6999.0,6997.0,6997.75,1632.0
2026-02-02 10:53:00-06:00,6998.0,7000.25,6997.25,6999.25,1303.0
2026-02-02 10:54:00-06:00,6999.5,7001.25,6999.0,7000.5,1399.0
2026-02-02 10:55:00-06:00,7000.5,7002.0,7000.25,7001.5,1175.0
2026-02-02 10:56:00-06:00,7001.0,7002.5,7000.25,7001.75,1048.0
2026-02-02 10:57:00-06:00,7001.75,7003.75,7001.5,7003.0,1217.0
2026-02-02 10:58:00-06:00,7003.25,7004.25,7002.5,7004.0,961.0
2026-02-02 10:59:00-06:00,7004.0,7006.5,7003.75,7005.25,3249.0
2026-02-02 11:00:00-06:00,7005.25,7008.75,7004.25,7007.75,3836.0
2026-02-02 11:01:00-06:00,7007.75,7010.75,7007.5,7010.75,3340.0
2026-02-02 11:02:00-06:00,7010.25,7011.25,7009.0,7010.25,2106.0
2026-02-02 11:03:00-06:00,7010.25,7011.25,7009.0,7010.5,1362.0
2026-02-02 11:04:00-06:00,7010.5,7011.0,7010.0,7011.0,1174.0
2026-02-02 11:05:00-06:00,7010.75,7011.25,7010.0,7010.5,1262.0
2026-02-02 11:06:00-06:00,7010.5,7011.0,7009.25,7009.5,1123.0
2026-02-02 11:07:00-06:00,7009.5,7009.5,7008.0,7009.5,1633.0
2026-02-02 11:08:00-06:00,7009.25,7010.0,7009.0,7009.75,728.0
2026-02-02 11:09:00-06:00,7010.0,7011.5,7009.75,7011.25,763.0
2026-02-02 11:10:00-06:00,7011.25,7013.25,7011.25,7012.5,3013.0
2026-02-02 11:11:00-06:00,7012.75,7013.0,7011.5,7013.0,877.0
2026-02-02 11:12:00-06:00,7013.0,7013.25,7010.5,7010.75,1649.0
2026-02-02 11:13:00-06:00,7010.75,7011.25,7010.25,7010.5,695.0
2026-02-02 11:14:00-06:00,7010.5,7010.75,7009.25,7009.75,1411.0
2026-02-02 11:15:00-06:00,7009.5,7011.0,7009.25,7009.25,1019.0
2026-02-02 11:16:00-06:00,7009.25,7009.75,7008.25,7008.5,967.0
2026-02-02 11:17:00-06:00,7008.75,7010.0,7008.0,7009.25,1274.0
2026-02-02 11:18:00-06:00,7008.75,7011.25,7008.75,7009.75,1033.0
2026-02-02 11:19:00-06:00,7010.0,7012.0,7009.0,7011.25,1710.0
2026-02-02 11:20:00-06:00,7011.25,7011.5,7008.5,7009.5,1352.0
2026-02-02 11:21:00-06:00,7009.5,7009.75,7007.0,7008.5,1923.0
2026-02-02 11:22:00-06:00,7008.75,7009.25,7007.0,7008.75,709.0
2026-02-02 11:23:00-06:00,7008.75,7010.25,7008.25,7010.25,716.0
2026-02-02 11:24:00-06:00,7010.25,7010.25,7009.0,7009.0,440.0
2026-02-02 11:25:00-06:00,7009.0,7009.75,7008.5,7009.0,395.0
2026-02-02 11:26:00-06:00,7009.0,7010.0,7007.75,7008.25,415.0
2026-02-02 11:27:00-06:00,7008.25,7009.75,7008.0,7009.75,546.0
2026-02-02 11:28:00-06:00,7009.75,7010.5,7009.5,7010.25,661.0
2026-02-02 11:29:00-06:00,7010.25,7010.5,7009.25,7010.25,541.0
2026-02-02 11:30:00-06:00,7010.0,7010.5,7009.25,7009.75,402.0
2026-02-02 11:31:00-06:00,7009.5,7012.5,7009.5,7012.5,1157.0
2026-02-02 11:32:00-06:00,7012.5,7013.5,7012.0,7012.5,1671.0
2026-02-02 11:33:00-06:00,7012.5,7012.75,7011.25,7012.25,839.0
2026-02-02 11:34:00-06:00,7012.0,7012.5,7011.25,7012.25,525.0
2026-02-02 11:35:00-06:00,7012.25,7014.0,7011.0,7011.5,2513.0
2026-02-02 11:36:00-06:00,7011.5,7011.5,7010.0,7011.0,804.0
2026-02-02 11:37:00-06:00,7010.75,7012.0,7009.75,7012.0,931.0
2026-02-02 11:38:00-06:00,7012.0,7012.0,7010.5,7011.0,510.0
2026-02-02 11:39:00-06:00,7011.25,7011.75,7010.5,7011.75,286.0
2026-02-02 11:40:00-06:00,7011.75,7011.75,7010.25,7010.25,528.0
2026-02-02 11:41:00-06:00,7010.25,7011.5,7009.0,7009.0,804.0
2026-02-02 11:42:00-06:00,7009.0,7009.25,7008.5,7008.5,930.0
2026-02-02 11:43:00-06:00,7008.75,7010.25,7008.25,7010.25,742.0
2026-02-02 11:44:00-06:00,7010.0,7011.5,7010.0,7010.5,686.0
2026-02-02 11:45:00-06:00,7010.5,7011.0,7010.5,7011.0,373.0
2026-02-02 11:46:00-06:00,7010.5,7011.25,7010.25,7011.0,325.0
2026-02-02 11:47:00-06:00,7011.25,7011.5,7010.25,7010.75,368.0
2026-02-02 11:48:00-06:00,7010.75,7012.0,7010.5,7011.0,602.0
2026-02-02 11:49:00-06:00,7011.0,7012.0,7010.75,7011.75,463.0
2026-02-02 11:50:00-06:00,7011.75,7012.0,7010.75,7011.0,452.0
2026-02-02 11:51:00-06:00,7010.75,7011.5,7010.25,7011.25,492.0
2026-02-02 11:52:00-06:00,7011.0,7013.0,7010.75,7012.5,805.0
2026-02-02 11:53:00-06:00,7012.5,7014.5,7012.5,7013.75,1778.0
2026-02-02 11:54:00-06:00,7014.0,7015.0,7013.75,7014.75,1798.0
2026-02-02 11:55:00-06:00,7014.5,7016.75,7014.25,7016.25,2842.0
2026-02-02 11:56:00-06:00,7016.25,7017.5,7015.0,7015.0,2095.0
2026-02-02 11:57:00-06:00,7015.0,7015.5,7014.5,7014.5,795.0
2026-02-02 11:58:00-06:00,7014.5,7014.75,7013.5,7014.0,1135.0
2026-02-02 11:59:00-06:00,7013.75,7013.75,7011.25,7012.0,1634.0
2026-02-02 12:00:00-06:00,7012.0,7013.5,7012.0,7013.0,1160.0
2026-02-02 12:01:00-06:00,7013.0,7014.5,7012.75,7014.25,910.0
2026-02-02 12:02:00-06:00,7014.25,7016.25,7013.75,7014.75,1591.0
2026-02-02 12:03:00-06:00,7014.75,7015.0,7014.0,7014.75,612.0
2026-02-02 12:04:00-06:00,7014.5,7014.5,7013.25,7014.0,587.0
2026-02-02 12:05:00-06:00,7013.75,7014.25,7012.75,7014.0,721.0
2026-02-02 12:06:00-06:00,7014.0,7014.25,7013.25,7013.25,476.0
2026-02-02 12:07:00-06:00,7013.0,7014.0,7012.75,7013.0,360.0
2026-02-02 12:08:00-06:00,7012.75,7013.5,7012.5,7012.75,775.0
2026-02-02 12:09:00-06:00,7013.0,7013.0,7011.5,7012.75,1093.0
2026-02-02 12:10:00-06:00,7012.75,7013.25,7012.5,7012.75,451.0
2026-02-02 12:11:00-06:00,7013.0,7013.0,7011.5,7012.5,676.0
2026-02-02 12:12:00-06:00,7012.25,7013.0,7011.5,7012.25,471.0
2026-02-02 12:13:00-06:00,7012.25,7012.5,7011.75,7012.0,485.0
2026-02-02 12:14:00-06:00,7012.25,7012.25,7010.0,7010.25,1267.0
2026-02-02 12:15:00-06:00,7010.25,7011.0,7009.75,7010.25,840.0
2026-02-02 12:16:00-06:00,7010.25,7010.5,7009.25,7010.0,767.0
2026-02-02 12:17:00-06:00,7010.25,7010.75,7009.5,7010.5,699.0
2026-02-02 12:18:00-06:00,7010.5,7010.5,7008.25,7008.25,1071.0
2026-02-02 12:19:00-06:00,7008.25,7009.0,7007.5,7008.25,1260.0
2026-02-02 12:20:00-06:00,7008.5,7008.5,7006.5,7007.0,1739.0
2026-02-02 12:21:00-06:00,7007.0,7007.5,7005.5,7006.25,1589.0
2026-02-02 12:22:00-06:00,7006.25,7006.5,7004.0,7005.0,1920.0
2026-02-02 12:23:00-06:00,7005.0,7008.5,7004.75,7008.5,1461.0
2026-02-02 12:24:00-06:00,7008.5,7009.25,7008.0,7008.5,1031.0
2026-02-02 12:25:00-06:00,7008.75,7009.75,7008.25,7009.75,1332.0
2026-02-02 12:26:00-06:00,7009.75,7010.25,7008.5,7009.0,910.0
2026-02-02 12:27:00-06:00,7009.0,7009.5,7008.25,7009.25,724.0
2026-02-02 12:28:00-06:00,7009.0,7009.0,7007.25,7007.25,850.0
2026-02-02 12:29:00-06:00,7007.25,7009.25,7007.0,7008.25,723.0
2026-02-02 12:30:00-06:00,7008.25,7010.0,7008.25,7009.75,773.0
2026-02-02 12:31:00-06:00,7010.0,7010.0,7008.75,7008.75,468.0
2026-02-02 12:32:00-06:00,7008.75,7009.5,7008.25,7008.5,490.0
2026-02-02 12:33:00-06:00,7008.25,7009.0,7008.0,7009.0,676.0
2026-02-02 12:34:00-06:00,7008.75,7009.25,7008.5,7008.75,433.0
2026-02-02 12:35:00-06:00,7009.0,7011.5,7008.75,7011.0,1895.0
2026-02-02 12:36:00-06:00,7011.0,7011.0,7010.0,7010.75,818.0
2026-02-02 12:37:00-06:00,7010.75,7010.75,7009.25,7009.75,658.0
2026-02-02 12:38:00-06:00,7009.75,7010.25,7008.25,7009.25,776.0
2026-02-02 12:39:00-06:00,7009.25,7009.25,7008.5,7009.0,362.0
2026-02-02 12:40:00-06:00,7009.0,7010.5,7008.25,7010.25,885.0
2026-02-02 12:41:00-06:00,7010.25,7010.75,7009.5,7010.75,348.0
2026-02-02 12:42:00-06:00,7010.75,7012.5,7010.5,7012.5,1597.0
2026-02-02 12:43:00-06:00,7012.25,7013.25,7011.75,7011.75,1096.0
2026-02-02 12:44:00-06:00,7011.75,7012.75,7011.75,7012.0,649.0
2026-02-02 12:45:00-06:00,7012.25,7013.0,7012.0,7012.5,489.0
2026-02-02 12:46:00-06:00,7012.5,7013.5,7012.5,7013.0,529.0
2026-02-02 12:47:00-06:00,7013.25,7014.0,7013.25,7014.0,694.0
2026-02-02 12:48:00-06:00,7013.75,7015.5,7013.5,7015.25,1498.0
2026-02-02 12:49:00-06:00,7015.0,7015.5,7014.5,7014.5,751.0
2026-02-02 12:50:00-06:00,7014.75,7014.75,7013.0,7013.0,1166.0
2026-02-02 12:51:00-06:00,7013.25,7013.75,7013.0,7013.0,571.0
2026-02-02 12:52:00-06:00,7013.0,7014.0,7013.0,7013.5,749.0
2026-02-02 12:53:00-06:00,7013.25,7013.5,7012.75,7013.25,402.0
2026-02-02 12:54:00-06:00,7013.25,7013.75,7013.0,7013.25,426.0
2026-02-02 12:55:00-06:00,7013.0,7013.25,7012.0,7012.5,800.0
2026-02-02 12:56:00-06:00,7012.5,7013.5,7012.25,7012.75,473.0
2026-02-02 12:57:00-06:00,7012.75,7013.75,7012.75,7013.75,426.0
2026-02-02 12:58:00-06:00,7013.75,7014.75,7013.5,7014.5,920.0
2026-02-02 12:59:00-06:00,7014.75,7014.75,7013.0,7013.0,428.0
2026-02-02 13:00:00-06:00,7012.75,7013.5,7011.5,7013.25,1615.0
2026-02-02 13:01:00-06:00,7013.25,7014.5,7013.0,7013.5,800.0
2026-02-02 13:02:00-06:00,7013.75,7014.0,7012.25,7013.0,708.0
2026-02-02 13:03:00-06:00,7013.0,7014.0,7013.0,7013.75,495.0
2026-02-02 13:04:00-06:00,7014.0,7015.0,7013.5,7014.75,769.0
2026-02-02 13:05:00-06:00,7014.5,7015.25,7014.5,7015.25,445.0
2026-02-02 13:06:00-06:00,7015.0,7015.0,7014.0,7014.25,407.0
2026-02-02 13:07:00-06:00,7014.25,7015.5,7014.25,7015.5,418.0
2026-02-02 13:08:00-06:00,7015.25,7015.75,7015.0,7015.25,703.0
2026-02-02 13:09:00-06:00,7015.25,7015.75,7014.5,7015.0,377.0
2026-02-02 13:10:00-06:00,7015.25,7016.25,7015.25,7016.0,909.0
2026-02-02 13:11:00-06:00,7016.0,7016.75,7015.5,7016.25,771.0
2026-02-02 13:12:00-06:00,7016.25,7016.75,7015.75,7016.25,519.0
2026-02-02 13:13:00-06:00,7016.25,7016.75,7016.0,7016.25,391.0
2026-02-02 13:14:00-06:00,7016.25,7016.75,7015.0,7015.0,562.0
2026-02-02 13:15:00-06:00,7015.0,7016.5,7014.5,7016.5,658.0
2026-02-02 13:16:00-06:00,7016.25,7016.5,7014.75,7014.75,780.0
2026-02-02 13:17:00-06:00,7014.75,7015.25,7014.25,7015.0,548.0
2026-02-02 13:18:00-06:00,7015.0,7015.5,7014.75,7015.25,349.0
2026-02-02 13:19:00-06:00,7015.25,7015.5,7014.75,7015.0,333.0
2026-02-02 13:20:00-06:00,7015.0,7015.5,7014.0,7015.25,678.0
2026-02-02 13:21:00-06:00,7015.25,7016.25,7014.75,7016.0,577.0
2026-02-02 13:22:00-06:00,7016.0,7016.25,7014.75,7015.5,567.0
2026-02-02 13:23:00-06:00,7015.5,7016.25,7015.25,7016.0,523.0
2026-02-02 13:24:00-06:00,7016.0,7016.0,7015.25,7015.75,227.0
2026-02-02 13:25:00-06:00,7015.75,7015.75,7014.75,7014.75,694.0
2026-02-02 13:26:00-06:00,7014.75,7015.5,7014.25,7015.25,612.0
2026-02-02 13:27:00-06:00,7015.25,7015.75,7014.75,7015.0,262.0
2026-02-02 13:28:00-06:00,7015.0,7016.0,7014.25,7015.75,703.0
2026-02-02 13:29:00-06:00,7015.5,7016.25,7015.25,7016.0,536.0
2026-02-02 13:30:00-06:00,7015.75,7016.0,7012.5,7012.5,1564.0
2026-02-02 13:31:00-06:00,7012.75,7012.75,7011.75,7012.0,1293.0
2026-02-02 13:32:00-06:00,7012.25,7012.5,7011.0,7011.75,1220.0
2026-02-02 13:33:00-06:00,7011.5,7013.25,7011.25,7012.5,942.0
2026-02-02 13:34:00-06:00,7012.75,7013.75,7012.25,7013.5,728.0
2026-02-02 13:35:00-06:00,7013.25,7013.5,7011.25,7011.25,692.0
2026-02-02 13:36:00-06:00,7011.5,7012.0,7010.25,7011.75,1527.0
2026-02-02 13:37:00-06:00,7011.5,7012.0,7010.75,7011.25,872.0
2026-02-02 13:38:00-06:00,7011.25,7012.25,7010.5,7012.25,752.0
2026-02-02 13:39:00-06:00,7012.0,7012.75,7010.5,7010.75,588.0
2026-02-02 13:40:00-06:00,7010.5,7011.25,7009.5,7011.0,1601.0
2026-02-02 13:41:00-06:00,7011.0,7011.5,7010.25,7011.0,848.0
2026-02-02 13:42:00-06:00,7011.0,7012.0,7010.75,7011.5,798.0
2026-02-02 13:43:00-06:00,7011.75,7011.75,7010.5,7011.75,641.0
2026-02-02 13:44:00-06:00,7011.5,7013.75,7011.5,7013.5,1383.0
2026-02-02 13:45:00-06:00,7013.5,7015.0,7013.0,7014.25,1273.0
2026-02-02 13:46:00-06:00,7014.25,7015.25,7013.75,7014.0,987.0
2026-02-02 13:47:00-06:00,7014.0,7014.25,7012.75,7013.0,993.0
2026-02-02 13:48:00-06:00,7013.0,7014.5,7012.75,7013.25,604.0
2026-02-02 13:49:00-06:00,7013.0,7013.0,7011.25,7011.5,984.0
2026-02-02 13:50:00-06:00,7011.5,7012.25,7010.25,7010.5,1265.0
2026-02-02 13:51:00-06:00,7010.5,7011.5,7010.0,7010.5,828.0
2026-02-02 13:52:00-06:00,7010.75,7012.0,7009.75,7010.5,1431.0
2026-02-02 13:53:00-06:00,7010.5,7011.0,7010.0,7010.5,420.0
2026-02-02 13:54:00-06:00,7010.5,7011.0,7009.5,7010.5,743.0
2026-02-02 13:55:00-06:00,7010.5,7012.25,7010.25,7012.0,1120.0
2026-02-02 13:56:00-06:00,7012.0,7012.0,7009.5,7010.0,698.0
2026-02-02 13:57:00-06:00,7010.25,7012.75,7009.5,7012.5,1134.0
2026-02-02 13:58:00-06:00,7012.5,7016.0,7012.5,7014.0,2866.0
2026-02-02 13:59:00-06:00,7014.0,7014.5,7001.25,7003.0,8312.0
2026-02-02 14:00:00-06:00,7003.0,7008.25,6998.0,7007.25,9796.0
2026-02-02 14:01:00-06:00,7007.5,7010.5,7005.25,7009.75,3934.0
2026-02-02 14:02:00-06:00,7010.0,7010.25,7008.0,7009.75,1838.0
2026-02-02 14:03:00-06:00,7009.75,7010.25,7008.0,7008.75,2152.0
2026-02-02 14:04:00-06:00,7008.75,7009.75,7007.0,7007.75,1979.0
2026-02-02 14:05:00-06:00,7007.75,7010.5,7007.5,7010.5,1576.0
2026-02-02 14:06:00-06:00,7010.5,7012.75,7010.25,7011.5,1921.0
2026-02-02 14:07:00-06:00,7011.5,7011.5,7009.25,7010.25,1413.0
2026-02-02 14:08:00-06:00,7010.5,7012.0,7009.5,7011.5,967.0
2026-02-02 14:09:00-06:00,7011.5,7011.75,7010.25,7010.75,528.0
2026-02-02 14:10:00-06:00,7010.75,7012.0,7010.75,7011.25,692.0
2026-02-02 14:11:00-06:00,7011.25,7012.5,7010.5,7011.5,559.0
2026-02-02 14:12:00-06:00,7011.5,7011.5,7009.0,7009.25,1237.0
2026-02-02 14:13:00-06:00,7009.25,7010.0,7006.25,7007.5,1671.0
2026-02-02 14:14:00-06:00,7007.25,7007.5,7005.5,7005.5,1134.0
2026-02-02 14:15:00-06:00,7005.5,7007.0,7004.75,7005.75,1684.0
2026-02-02 14:16:00-06:00,7005.75,7006.0,7004.5,7004.5,1156.0
2026-02-02 14:17:00-06:00,7004.5,7005.25,7002.25,7005.25,2066.0
2026-02-02 14:18:00-06:00,7005.25,7008.5,7005.0,7007.75,2337.0
2026-02-02 14:19:00-06:00,7007.75,7008.5,7006.25,7006.25,1138.0
2026-02-02 14:20:00-06:00,7006.5,7008.0,7006.0,7007.75,1219.0
2026-02-02 14:21:00-06:00,7007.75,7008.0,7006.5,7006.5,1064.0
2026-02-02 14:22:00-06:00,7006.5,7010.25,7006.25,7009.5,1469.0
2026-02-02 14:23:00-06:00,7009.25,7010.0,7008.0,7009.25,837.0
2026-02-02 14:24:00-06:00,7009.5,7010.0,7008.75,7010.0,580.0
2026-02-02 14:25:00-06:00,7009.75,7010.0,7008.0,7008.5,860.0
2026-02-02 14:26:00-06:00,7008.5,7008.75,7007.25,7007.75,886.0
2026-02-02 14:27:00-06:00,7007.75,7009.25,7007.75,7008.75,745.0
2026-02-02 14:28:00-06:00,7008.75,7008.75,7007.0,7007.0,629.0
2026-02-02 14:29:00-06:00,7007.0,7007.25,7004.25,7005.75,1250.0
2026-02-02 14:30:00-06:00,7005.5,7006.0,7004.75,7005.5,960.0
2026-02-02 14:31:00-06:00,7005.5,7007.0,7005.0,7005.5,1326.0
2026-02-02 14:32:00-06:00,7005.5,7006.0,7004.25,7004.5,681.0
2026-02-02 14:33:00-06:00,7004.5,7006.0,7004.25,7004.75,927.0
2026-02-02 14:34:00-06:00,7005.0,7005.25,7004.0,7004.0,731.0
2026-02-02 14:35:00-06:00,7004.0,7004.25,7002.0,7003.5,1761.0
2026-02-02 14:36:00-06:00,7003.25,7004.5,7002.75,7003.0,691.0
2026-02-02 14:37:00-06:00,7003.25,7003.25,7001.0,7002.0,1700.0
2026-02-02 14:38:00-06:00,7002.0,7004.25,7001.5,7004.0,840.0
2026-02-02 14:39:00-06:00,7004.0,7004.75,7002.0,7002.0,1025.0
2026-02-02 14:40:00-06:00,7002.25,7002.25,7001.0,7001.0,1034.0
2026-02-02 14:41:00-06:00,7001.25,7002.75,7000.0,7002.0,1783.0
2026-02-02 14:42:00-06:00,7002.0,7003.25,7000.5,7000.75,1132.0
2026-02-02 14:43:00-06:00,7000.5,7001.5,7000.0,7001.5,1275.0
2026-02-02 14:44:00-06:00,7001.5,7002.5,7000.5,7000.5,1207.0
2026-02-02 14:45:00-06:00,7000.5,7003.5,6999.5,7003.5,1772.0
2026-02-02 14:46:00-06:00,7003.25,7005.75,7003.25,7005.75,2126.0
2026-02-02 14:47:00-06:00,7005.5,7005.75,7003.5,7003.75,1156.0
2026-02-02 14:48:00-06:00,7003.75,7004.5,7002.25,7002.5,1032.0
2026-02-02 14:49:00-06:00,7002.5,7004.25,7002.25,7004.0,1354.0
2026-02-02 14:50:00-06:00,7004.0,7006.0,7000.5,7001.0,3999.0
2026-02-02 14:51:00-06:00,7000.75,7001.5,6998.5,7001.25,2565.0
2026-02-02 14:52:00-06:00,7001.0,7002.5,7000.75,7001.25,1370.0
2026-02-02 14:53:00-06:00,7001.25,7005.5,7001.25,7004.0,2596.0
2026-02-02 14:54:00-06:00,7004.25,7004.5,7001.5,7001.75,2663.0
2026-02-02 14:55:00-06:00,7002.0,7004.25,7001.25,7004.0,2183.0
2026-02-02 14:56:00-06:00,7003.75,7004.5,7002.25,7004.5,1368.0
2026-02-02 14:57:00-06:00,7004.5,7005.5,7003.75,7005.25,2637.0
2026-02-02 14:58:00-06:00,7005.0,7005.75,7003.75,7004.25,1852.0
2026-02-02 14:59:00-06:00,7004.25,7005.25,7000.75,7003.0,10283.0
2026-02-02 15:00:00-06:00,7003.0,7004.0,6997.5,6998.25,4781.0
2026-02-02 15:01:00-06:00,6998.0,7001.5,6997.75,7001.25,1345.0
2026-02-02 15:02:00-06:00,7001.25,7001.25,7000.5,7001.25,362.0
2026-02-02 15:03:00-06:00,7001.0,7001.25,6999.75,7000.5,530.0
2026-02-02 15:04:00-06:00,7000.5,7001.75,7000.25,7001.0,605.0
2026-02-02 15:05:00-06:00,7001.25,7005.0,7001.25,7002.25,2914.0
2026-02-02 15:06:00-06:00,7002.25,7003.25,6999.25,7000.5,1554.0
2026-02-02 15:07:00-06:00,7000.25,7002.75,7000.0,7002.5,629.0
2026-02-02 15:08:00-06:00,7002.75,7005.5,7002.5,7004.5,937.0
2026-02-02 15:09:00-06:00,7004.25,7007.25,7004.25,7006.75,911.0
2026-02-02 15:10:00-06:00,7006.75,7007.0,7005.25,7006.25,410.0
2026-02-02 15:11:00-06:00,7006.0,7006.25,7004.5,7004.5,326.0
2026-02-02 15:12:00-06:00,7004.5,7005.5,7004.25,7005.5,320.0
2026-02-02 15:13:00-06:00,7005.5,7006.5,7005.25,7006.25,455.0
2026-02-02 15:14:00-06:00,7006.0,7006.5,7004.5,7004.5,341.0
2026-02-02 15:15:00-06:00,7004.75,7005.75,7004.5,7005.25,472.0
2026-02-02 15:16:00-06:00,7005.5,7006.0,7004.5,7005.0,207.0
2026-02-02 15:17:00-06:00,7004.75,7004.75,7003.75,7004.0,197.0
2026-02-02 15:18:00-06:00,7003.5,7004.5,7003.0,7003.5,246.0
2026-02-02 15:19:00-06:00,7003.25,7004.5,7003.0,7003.75,173.0
2026-02-02 15:20:00-06:00,7003.75,7004.25,7003.0,7003.75,222.0
2026-02-02 15:21:00-06:00,7003.75,7004.25,7002.0,7004.25,373.0
2026-02-02 15:22:00-06:00,7004.25,7005.75,7004.25,7004.75,343.0
2026-02-02 15:23:00-06:00,7005.0,7006.0,7005.0,7005.5,203.0
2026-02-02 15:24:00-06:00,7005.75,7006.0,7005.0,7005.0,178.0
2026-02-02 15:25:00-06:00,7005.0,7005.75,7004.75,7004.75,152.0
2026-02-02 15:26:00-06:00,7004.75,7005.0,7004.25,7004.5,125.0
2026-02-02 15:27:00-06:00,7004.25,7005.25,7004.25,7004.5,114.0
2026-02-02 15:28:00-06:00,7004.5,7004.75,7004.25,7004.5,110.0
2026-02-02 15:29:00-06:00,7004.5,7005.0,7004.25,7004.25,122.0
2026-02-02 15:30:00-06:00,7004.25,7005.5,7004.0,7005.5,423.0
2026-02-02 15:31:00-06:00,7005.25,7005.25,7004.25,7004.75,434.0
2026-02-02 15:32:00-06:00,7004.5,7004.75,7004.0,7004.0,458.0
2026-02-02 15:33:00-06:00,7004.5,7005.5,7004.25,7005.0,576.0
2026-02-02 15:34:00-06:00,7005.0,7006.0,7004.75,7005.25,713.0
2026-02-02 15:35:00-06:00,7005.0,7005.5,7004.25,7005.0,374.0
2026-02-02 15:36:00-06:00,7005.25,7005.25,7004.75,7004.75,87.0
2026-02-02 15:37:00-06:00,7004.75,7005.0,7004.25,7004.5,138.0
2026-02-02 15:38:00-06:00,7004.25,7004.25,7002.5,7002.75,257.0
2026-02-02 15:39:00-06:00,7002.5,7002.75,7002.25,7002.75,188.0
2026-02-02 15:40:00-06:00,7002.75,7003.75,7002.5,7003.25,257.0
2026-02-02 15:41:00-06:00,7003.25,7003.75,7002.5,7003.75,170.0
2026-02-02 15:42:00-06:00,7003.5,7003.5,7002.5,7002.75,112.0
2026-02-02 15:43:00-06:00,7002.75,7003.25,7002.25,7002.75,177.0
2026-02-02 15:44:00-06:00,7003.25,7003.25,7002.5,7002.75,280.0
2026-02-02 15:45:00-06:00,7002.75,7003.25,7002.0,7003.25,426.0
2026-02-02 15:46:00-06:00,7002.75,7004.0,7002.5,7004.0,193.0
2026-02-02 15:47:00-06:00,7004.0,7004.75,7003.75,7004.5,234.0
2026-02-02 15:48:00-06:00,7004.25,7004.75,7004.0,7004.25,67.0
2026-02-02 15:49:00-06:00,7004.5,7004.5,7004.25,7004.5,54.0
2026-02-02 15:50:00-06:00,7004.5,7004.5,7002.0,7002.25,867.0
2026-02-02 15:51:00-06:00,7002.0,7003.0,7001.75,7003.0,261.0
2026-02-02 15:52:00-06:00,7003.0,7004.0,7003.0,7003.5,260.0
2026-02-02 15:53:00-06:00,7003.75,7004.0,7003.25,7003.5,62.0
2026-02-02 15:54:00-06:00,7003.75,7003.75,7002.75,7002.75,100.0
2026-02-02 15:55:00-06:00,7002.75,7003.25,7002.0,7003.0,224.0
2026-02-02 15:56:00-06:00,7003.25,7004.0,7003.0,7003.25,83.0
2026-02-02 15:57:00-06:00,7003.75,7003.75,7003.5,7003.5,40.0
2026-02-02 15:58:00-06:00,7003.5,7004.75,7003.25,7003.25,115.0
2026-02-02 15:59:00-06:00,7003.0,7004.0,7002.25,7003.0,650.0
2026-02-03 08:30:00-06:00,7009.5,7014.5,7008.5,7013.5,7665.0
2026-02-03 08:31:00-06:00,7013.5,7017.0,7010.0,7011.25,5503.0
2026-02-03 08:32:00-06:00,7011.25,7011.5,7006.5,7008.0,4617.0
2026-02-03 08:33:00-06:00,7008.0,7009.5,7005.25,7006.75,3675.0
2026-02-03 08:34:00-06:00,7006.75,7009.5,7003.5,7008.0,4831.0
2026-02-03 08:35:00-06:00,7008.0,7012.5,7006.25,7010.25,4537.0
2026-02-03 08:36:00-06:00,7010.0,7010.75,7006.75,7009.0,2889.0
2026-02-03 08:37:00-06:00,7009.25,7009.25,7002.75,7004.75,4537.0
2026-02-03 08:38:00-06:00,7005.0,7006.25,7001.0,7006.25,5568.0
2026-02-03 08:39:00-06:00,7006.5,7006.75,7002.75,7004.25,3302.0
2026-02-03 08:40:00-06:00,7004.25,7010.5,7004.25,7008.0,5163.0
2026-02-03 08:41:00-06:00,7008.0,7008.25,7004.25,7007.0,3328.0
2026-02-03 08:42:00-06:00,7007.0,7010.0,7005.5,7008.0,3212.0
2026-02-03 08:43:00-06:00,7008.25,7008.5,6995.75,7000.5,11592.0
2026-02-03 08:44:00-06:00,7000.25,7001.5,6997.0,6998.75,4992.0
2026-02-03 08:45:00-06:00,6998.75,7002.5,6997.25,6999.75,4767.0
2026-02-03 08:46:00-06:00,6999.5,7001.5,6998.25,7000.0,2367.0
2026-02-03 08:47:00-06:00,7000.25,7006.5,6999.0,7005.5,5210.0
2026-02-03 08:48:00-06:00,7005.25,7008.0,7004.25,7007.0,3984.0
2026-02-03 08:49:00-06:00,7007.0,7008.75,7004.75,7007.75,3667.0
2026-02-03 08:50:00-06:00,7007.5,7008.0,7003.5,7004.25,3824.0
2026-02-03 08:51:00-06:00,7004.25,7004.5,7000.75,7002.5,3663.0
2026-02-03 08:52:00-06:00,7002.5,7005.75,7001.25,7005.0,3142.0
2026-02-03 08:53:00-06:00,7005.0,7005.0,6999.25,7002.75,3583.0
2026-02-03 08:54:00-06:00,7002.5,7003.75,6996.0,6996.0,4578.0
2026-02-03 08:55:00-06:00,6996.0,6997.5,6994.0,6994.5,7006.0
2026-02-03 08:56:00-06:00,6994.5,6995.25,6990.0,6990.0,5632.0
2026-02-03 08:57:00-06:00,6990.25,6991.0,6985.25,6985.75,9010.0
2026-02-03 08:58:00-06:00,6985.75,6986.0,6982.75,6985.5,4725.0
2026-02-03 08:59:00-06:00,6985.25,6985.75,6980.0,6982.0,3894.0
2026-02-03 09:00:00-06:00,6982.0,6984.0,6974.25,6976.25,9576.0
2026-02-03 09:01:00-06:00,6976.25,6976.75,6971.75,6972.25,5681.0
2026-02-03 09:02:00-06:00,6972.0,6973.5,6969.5,6969.5,6137.0
2026-02-03 09:03:00-06:00,6969.5,6978.25,6968.0,6977.5,8317.0
2026-02-03 09:04:00-06:00,6977.5,6980.25,6975.5,6975.5,6691.0
2026-02-03 09:05:00-06:00,6975.25,6980.5,6974.5,6977.5,4884.0
2026-02-03 09:06:00-06:00,6977.5,6977.5,6971.75,6973.25,4566.0
2026-02-03 09:07:00-06:00,6973.25,6973.25,6967.25,6968.25,5907.0
2026-02-03 09:08:00-06:00,6968.5,6973.75,6967.0,6973.0,5362.0
2026-02-03 09:09:00-06:00,6973.25,6976.5,6970.75,6976.0,3627.0
2026-02-03 09:10:00-06:00,6976.25,6976.75,6972.75,6973.75,3754.0
2026-02-03 09:11:00-06:00,6973.5,6974.75,6969.25,6970.0,3783.0
2026-02-03 09:12:00-06:00,6969.75,6970.25,6965.75,6966.25,4807.0
2026-02-03 09:13:00-06:00,6966.0,6968.0,6962.5,6964.5,5641.0
2026-02-03 09:14:00-06:00,6964.75,6967.5,6962.5,6965.75,4100.0
2026-02-03 09:15:00-06:00,6965.75,6967.5,6964.25,6967.5,3617.0
2026-02-03 09:16:00-06:00,6967.25,6975.0,6965.5,6971.25,6413.0
2026-02-03 09:17:00-06:00,6971.25,6971.75,6968.0,6970.5,4024.0
2026-02-03 09:18:00-06:00,6970.25,6971.25,6968.5,6969.25,3055.0
2026-02-03 09:19:00-06:00,6968.75,6971.75,6967.5,6971.25,3365.0
2026-02-03 09:20:00-06:00,6971.0,6975.75,6970.25,6974.75,4846.0
2026-02-03 09:21:00-06:00,6974.5,6975.5,6970.0,6970.0,3840.0
2026-02-03 09:22:00-06:00,6970.0,6970.0,6965.25,6965.75,4605.0
2026-02-03 09:23:00-06:00,6965.75,6969.5,6962.25,6964.75,5491.0
2026-02-03 09:24:00-06:00,6964.5,6964.75,6955.5,6956.0,8450.0
2026-02-03 09:25:00-06:00,6955.75,6964.0,6954.25,6963.75,8422.0
2026-02-03 09:26:00-06:00,6964.0,6971.0,6963.75,6968.0,6184.0
2026-02-03 09:27:00-06:00,6968.0,6971.5,6965.75,6970.25,4508.0
2026-02-03 09:28:00-06:00,6970.5,6971.0,6968.5,6970.25,2881.0
2026-02-03 09:29:00-06:00,6970.25,6971.5,6966.25,6968.25,3531.0
2026-02-03 09:30:00-06:00,6968.25,6971.0,6966.5,6967.25,3953.0
2026-02-03 09:31:00-06:00,6967.25,6969.75,6965.75,6966.75,2594.0
2026-02-03 09:32:00-06:00,6967.0,6972.5,6965.25,6972.0,4277.0
2026-02-03 09:33:00-06:00,6972.0,6972.5,6966.0,6966.25,3404.0
2026-02-03 09:34:00-06:00,6966.5,6966.75,6962.0,6962.75,4274.0
2026-02-03 09:35:00-06:00,6962.5,6963.5,6957.5,6958.0,3961.0
2026-02-03 09:36:00-06:00,6958.25,6963.0,6957.0,6960.0,4287.0
2026-02-03 09:37:00-06:00,6959.75,6965.25,6959.75,6964.0,3578.0
2026-02-03 09:38:00-06:00,6964.25,6967.25,6962.75,6967.25,3345.0
2026-02-03 09:39:00-06:00,6967.0,6967.75,6964.25,6967.0,2518.0
2026-02-03 09:40:00-06:00,6967.0,6969.0,6964.75,6966.5,3324.0
2026-02-03 09:41:00-06:00,6966.25,6966.75,6961.75,6963.0,3481.0
2026-02-03 09:42:00-06:00,6963.0,6965.75,6962.25,6964.25,2021.0
2026-02-03 09:43:00-06:00,6964.0,6964.75,6960.5,6962.0,3039.0
2026-02-03 09:44:00-06:00,6962.25,6963.25,6959.5,6960.0,2403.0
2026-02-03 09:45:00-06:00,6960.0,6960.5,6955.5,6959.75,5086.0
2026-02-03 09:46:00-06:00,6959.5,6961.5,6959.0,6961.0,3586.0
2026-02-03 09:47:00-06:00,6961.25,6969.25,6961.25,6967.75,5646.0
2026-02-03 09:48:00-06:00,6967.5,6971.25,6966.5,6971.0,3303.0
2026-02-03 09:49:00-06:00,6970.75,6974.5,6969.5,6973.75,4403.0
2026-02-03 09:50:00-06:00,6974.0,6978.75,6973.75,6978.5,5847.0
2026-02-03 09:51:00-06:00,6978.5,6979.25,6976.25,6976.5,3582.0
2026-02-03 09:52:00-06:00,6976.75,6976.75,6969.75,6970.0,5667.0
2026-02-03 09:53:00-06:00,6970.0,6971.0,6966.5,6969.25,3660.0
2026-02-03 09:54:00-06:00,6969.25,6975.5,6969.0,6975.0,4128.0
2026-02-03 09:55:00-06:00,6974.75,6977.25,6974.0,6977.25,2874.0
2026-02-03 09:56:00-06:00,6977.25,6980.75,6975.75,6979.5,4278.0
2026-02-03 09:57:00-06:00,6979.25,6980.5,6977.25,6978.75,2925.0
2026-02-03 09:58:00-06:00,6978.75,6981.0,6974.75,6975.5,3685.0
2026-02-03 09:59:00-06:00,6975.5,6978.5,6975.25,6978.0,2271.0
2026-02-03 10:00:00-06:00,6978.0,6978.75,6975.75,6976.25,3232.0
2026-02-03 10:01:00-06:00,6976.0,6977.5,6974.75,6976.0,2522.0
2026-02-03 10:02:00-06:00,6976.25,6977.75,6974.25,6974.5,3020.0
2026-02-03 10:03:00-06:00,6974.5,6975.0,6971.5,6972.0,3663.0
2026-02-03 10:04:00-06:00,6972.0,6972.75,6969.25,6969.5,3428.0
2026-02-03 10:05:00-06:00,6969.75,6973.5,6968.25,6972.5,4129.0
2026-02-03 10:06:00-06:00,6972.25,6972.5,6969.0,6969.75,2279.0
2026-02-03 10:07:00-06:00,6969.75,6971.5,6968.5,6971.25,1863.0
2026-02-03 10:08:00-06:00,6971.25,6972.5,6969.5,6971.5,1454.0
2026-02-03 10:09:00-06:00,6971.5,6971.75,6967.5,6968.25,2507.0
2026-02-03 10:10:00-06:00,6968.0,6968.5,6965.25,6966.5,4090.0
2026-02-03 10:11:00-06:00,6966.25,6968.5,6965.5,6967.25,2026.0
2026-02-03 10:12:00-06:00,6967.0,6970.5,6966.25,6970.0,2672.0
2026-02-03 10:13:00-06:00,6969.75,6973.25,6968.75,6972.0,2934.0
2026-02-03 10:14:00-06:00,6972.25,6972.5,6966.25,6966.75,2621.0
2026-02-03 10:15:00-06:00,6966.75,6969.0,6966.25,6967.25,2869.0
2026-02-03 10:16:00-06:00,6967.25,6970.5,6965.5,6967.5,2877.0
2026-02-03 10:17:00-06:00,6967.5,6970.25,6965.0,6965.0,2192.0
2026-02-03 10:18:00-06:00,6965.25,6967.75,6964.25,6965.0,2228.0
2026-02-03 10:19:00-06:00,6965.0,6965.75,6963.25,6965.0,3346.0
2026-02-03 10:20:00-06:00,6965.0,6967.25,6964.5,6965.75,2378.0
2026-02-03 10:21:00-06:00,6965.75,6966.75,6964.0,6964.5,1512.0
2026-02-03 10:22:00-06:00,6964.75,6965.0,6958.25,6958.25,3880.0
2026-02-03 10:23:00-06:00,6958.25,6958.5,6953.75,6956.75,5748.0
2026-02-03 10:24:00-06:00,6956.75,6957.25,6954.5,6955.5,3085.0
2026-02-03 10:25:00-06:00,6955.5,6960.75,6952.75,6960.25,6065.0
2026-02-03 10:26:00-06:00,6960.25,6963.0,6959.0,6959.25,3738.0
2026-02-03 10:27:00-06:00,6959.25,6961.0,6958.75,6960.0,1938.0
2026-02-03 10:28:00-06:00,6960.0,6960.75,6956.0,6957.0,2429.0
2026-02-03 10:29:00-06:00,6957.0,6957.25,6954.0,6954.25,2171.0
2026-02-03 10:30:00-06:00,6954.5,6957.5,6953.0,6953.25,3706.0
2026-02-03 10:31:00-06:00,6953.25,6955.75,6952.0,6953.5,3741.0
2026-02-03 10:32:00-06:00,6953.25,6955.5,6952.75,6955.0,1979.0
2026-02-03 10:33:00-06:00,6955.25,6955.5,6950.25,6954.0,4230.0
2026-02-03 10:34:00-06:00,6954.25,6958.25,6954.0,6957.0,3325.0
2026-02-03 10:35:00-06:00,6957.25,6960.75,6956.75,6958.25,4116.0
2026-02-03 10:36:00-06:00,6958.25,6960.25,6956.25,6957.25,3632.0
2026-02-03 10:37:00-06:00,6957.0,6958.25,6954.75,6956.75,2176.0
2026-02-03 10:38:00-06:00,6956.5,6957.0,6954.25,6954.75,1614.0
2026-02-03 10:39:00-06:00,6954.75,6955.5,6952.0,6955.5,2554.0
2026-02-03 10:40:00-06:00,6955.25,6958.0,6954.25,6957.75,2177.0
2026-02-03 10:41:00-06:00,6957.75,6958.0,6953.25,6954.75,2108.0
2026-02-03 10:42:00-06:00,6955.0,6957.0,6954.0,6955.25,1911.0
2026-02-03 10:43:00-06:00,6955.25,6957.75,6954.75,6955.25,1496.0
2026-02-03 10:44:00-06:00,6955.25,6957.0,6955.0,6956.25,1289.0
2026-02-03 10:45:00-06:00,6956.0,6958.25,6954.25,6956.25,2166.0
2026-02-03 10:46:00-06:00,6956.25,6957.5,6952.75,6953.75,1958.0
2026-02-03 10:47:00-06:00,6954.25,6960.5,6952.75,6960.5,2403.0
2026-02-03 10:48:00-06:00,6960.5,6961.0,6957.0,6958.0,2266.0
2026-02-03 10:49:00-06:00,6958.0,6960.5,6957.0,6957.75,1668.0
2026-02-03 10:50:00-06:00,6957.75,6957.75,6951.0,6951.75,3091.0
2026-02-03 10:51:00-06:00,6951.75,6952.0,6949.0,6949.75,4417.0
2026-02-03 10:52:00-06:00,6949.75,6954.0,6949.5,6954.0,3225.0
2026-02-03 10:53:00-06:00,6954.0,6956.75,6952.75,6956.25,2132.0
2026-02-03 10:54:00-06:00,6956.25,6957.25,6953.0,6954.25,1761.0
2026-02-03 10:55:00-06:00,6954.25,6956.75,6953.25,6955.75,1568.0
2026-02-03 10:56:00-06:00,6956.0,6956.5,6953.75,6956.5,1524.0
2026-02-03 10:57:00-06:00,6956.5,6957.0,6955.0,6956.5,1581.0
2026-02-03 10:58:00-06:00,6956.5,6956.5,6953.0,6953.0,1639.0
2026-02-03 10:59:00-06:00,6952.75,6954.5,6952.25,6952.75,1723.0
2026-02-03 11:00:00-06:00,6952.75,6952.75,6950.25,6952.5,3210.0
2026-02-03 11:01:00-06:00,6952.5,6954.0,6950.25,6950.5,2042.0
2026-02-03 11:02:00-06:00,6950.5,6952.0,6949.75,6950.25,1802.0
2026-02-03 11:03:00-06:00,6950.5,6951.75,6949.5,6951.0,1480.0
2026-02-03 11:04:00-06:00,6951.0,6952.0,6949.75,6951.25,1280.0
2026-02-03 11:05:00-06:00,6951.5,6951.5,6946.5,6947.25,3966.0
2026-02-03 11:06:00-06:00,6947.25,6950.0,6946.25,6950.0,2747.0
2026-02-03 11:07:00-06:00,6950.0,6950.75,6948.75,6949.0,1544.0
2026-02-03 11:08:00-06:00,6949.0,6951.0,6948.0,6951.0,1335.0
2026-02-03 11:09:00-06:00,6951.0,6952.25,6950.0,6951.75,2079.0
2026-02-03 11:10:00-06:00,6951.75,6953.5,6951.0,6952.0,2030.0
2026-02-03 11:11:00-06:00,6952.0,6952.25,6949.5,6950.5,1434.0
2026-02-03 11:12:00-06:00,6950.5,6950.5,6932.25,6933.0,16290.0
2026-02-03 11:13:00-06:00,6932.75,6939.25,6932.5,6938.0,6355.0
2026-02-03 11:14:00-06:00,6938.25,6940.5,6933.5,6937.5,5296.0
2026-02-03 11:15:00-06:00,6937.25,6940.25,6935.5,6937.25,4839.0
2026-02-03 11:16:00-06:00,6937.25,6940.5,6935.75,6938.5,2810.0
2026-02-03 11:17:00-06:00,6938.5,6940.0,6937.5,6939.5,1781.0
2026-02-03 11:18:00-06:00,6939.5,6945.5,6939.0,6945.0,3616.0
2026-02-03 11:19:00-06:00,6945.0,6945.75,6938.5,6939.0,2971.0
2026-02-03 11:20:00-06:00,6938.75,6939.25,6936.75,6936.75,2602.0
2026-02-03 11:21:00-06:00,6936.5,6944.25,6936.25,6943.5,3616.0
2026-02-03 11:22:00-06:00,6943.25,6943.5,6939.25,6941.5,2087.0
2026-02-03 11:23:00-06:00,6941.0,6945.25,6940.75,6944.5,1826.0
2026-02-03 11:24:00-06:00,6944.75,6945.75,6943.25,6944.75,1863.0
2026-02-03 11:25:00-06:00,6944.75,6947.75,6944.5,6947.25,2401.0
2026-02-03 11:26:00-06:00,6947.5,6947.5,6943.25,6943.75,2092.0
2026-02-03 11:27:00-06:00,6943.75,6944.5,6940.75,6940.75,2134.0
2026-02-03 11:28:00-06:00,6941.0,6941.25,6938.25,6938.5,2366.0
2026-02-03 11:29:00-06:00,6938.75,6939.25,6934.25,6934.5,3030.0
2026-02-03 11:30:00-06:00,6934.5,6935.75,6930.5,6931.25,5417.0
2026-02-03 11:31:00-06:00,6931.5,6933.5,6930.5,6932.75,2851.0
2026-02-03 11:32:00-06:00,6932.5,6934.0,6930.75,6932.25,2424.0
2026-02-03 11:33:00-06:00,6932.0,6933.5,6930.0,6931.5,2940.0
2026-02-03 11:34:00-06:00,6931.5,6933.25,6927.5,6928.0,4036.0
2026-02-03 11:35:00-06:00,6927.75,6930.5,6927.5,6930.0,2693.0
2026-02-03 11:36:00-06:00,6929.75,6930.5,6925.0,6926.5,3792.0
2026-02-03 11:37:00-06:00,6926.5,6928.75,6926.25,6926.75,2628.0
2026-02-03 11:38:00-06:00,6927.0,6928.25,6926.0,6926.5,1754.0
2026-02-03 11:39:00-06:00,6926.75,6929.0,6925.5,6927.25,1709.0
2026-02-03 11:40:00-06:00,6927.5,6927.5,6924.25,6924.5,3259.0
2026-02-03 11:41:00-06:00,6924.5,6925.0,6922.75,6923.75,3549.0
2026-02-03 11:42:00-06:00,6923.75,6925.0,6920.75,6921.25,3538.0
2026-02-03 11:43:00-06:00,6921.25,6922.5,6920.0,6921.75,2656.0
2026-02-03 11:44:00-06:00,6922.0,6924.25,6921.0,6922.5,2409.0
2026-02-03 11:45:00-06:00,6922.5,6924.25,6920.75,6923.5,2743.0
2026-02-03 11:46:00-06:00,6923.5,6926.75,6922.25,6924.25,3560.0
2026-02-03 11:47:00-06:00,6924.5,6928.0,6924.0,6927.0,2538.0
2026-02-03 11:48:00-06:00,6927.5,6929.25,6925.75,6928.5,2701.0
2026-02-03 11:49:00-06:00,6928.25,6929.5,6926.25,6927.0,2095.0
2026-02-03 11:50:00-06:00,6927.0,6930.25,6925.75,6930.0,2055.0
2026-02-03 11:51:00-06:00,6929.75,6933.75,6929.5,6930.75,3391.0
2026-02-03 11:52:00-06:00,6930.75,6930.75,6923.0,6923.0,3797.0
2026-02-03 11:53:00-06:00,6922.75,6924.0,6920.75,6923.25,2848.0
2026-02-03 11:54:00-06:00,6923.25,6925.5,6922.75,6925.5,2532.0
2026-02-03 11:55:00-06:00,6925.5,6926.75,6923.75,6924.5,2324.0
2026-02-03 11:56:00-06:00,6924.25,6926.5,6923.75,6926.25,1933.0
2026-02-03 11:57:00-06:00,6926.0,6927.25,6923.75,6924.0,1872.0
2026-02-03 11:58:00-06:00,6923.75,6926.5,6923.25,6926.0,1578.0
2026-02-03 11:59:00-06:00,6925.75,6926.5,6922.25,6923.25,2489.0
2026-02-03 12:00:00-06:00,6923.0,6925.0,6922.5,6924.0,1971.0
2026-02-03 12:01:00-06:00,6924.0,6927.0,6923.5,6924.0,2163.0
2026-02-03 12:02:00-06:00,6923.75,6925.25,6922.5,6923.0,1668.0
2026-02-03 12:03:00-06:00,6923.25,6923.75,6921.5,6922.25,1386.0
2026-02-03 12:04:00-06:00,6922.25,6922.75,6920.75,6921.25,1609.0
2026-02-03 12:05:00-06:00,6921.5,6923.0,6920.25,6922.25,2184.0
2026-02-03 12:06:00-06:00,6922.25,6926.25,6921.75,6924.5,2357.0
2026-02-03 12:07:00-06:00,6924.5,6931.0,6923.0,6928.5,6404.0
2026-02-03 12:08:00-06:00,6928.5,6931.5,6928.0,6930.5,3257.0
2026-02-03 12:09:00-06:00,6930.5,6931.5,6925.0,6925.75,3628.0
2026-02-03 12:10:00-06:00,6925.75,6926.0,6923.0,6923.0,2423.0
2026-02-03 12:11:00-06:00,6922.75,6924.0,6920.75,6923.0,2001.0
2026-02-03 12:12:00-06:00,6922.75,6924.0,6920.0,6920.75,1849.0
2026-02-03 12:13:00-06:00,6920.5,6921.0,6911.75,6912.0,8465.0
2026-02-03 12:14:00-06:00,6912.0,6913.5,6910.0,6913.25,4450.0
2026-02-03 12:15:00-06:00,6913.0,6916.75,6912.75,6916.0,3767.0
2026-02-03 12:16:00-06:00,6916.0,6917.0,6914.0,6915.25,2614.0
2026-02-03 12:17:00-06:00,6915.5,6915.75,6911.5,6912.5,2548.0
2026-02-03 12:18:00-06:00,6912.25,6916.5,6912.25,6916.0,2382.0
2026-02-03 12:19:00-06:00,6916.25,6918.75,6915.75,6918.5,2463.0
2026-02-03 12:20:00-06:00,6918.5,6918.5,6913.75,6914.5,3214.0
2026-02-03 12:21:00-06:00,6914.75,6917.25,6914.0,6917.25,2734.0
2026-02-03 12:22:00-06:00,6917.0,6919.75,6916.25,6916.75,2583.0
2026-02-03 12:23:00-06:00,6917.0,6917.0,6914.5,6915.0,1344.0
2026-02-03 12:24:00-06:00,6915.0,6915.0,6912.5,6913.0,1601.0
2026-02-03 12:25:00-06:00,6913.0,6913.0,6909.5,6910.75,2950.0
2026-02-03 12:26:00-06:00,6911.0,6912.25,6910.5,6911.75,2022.0
2026-02-03 12:27:00-06:00,6911.75,6911.75,6909.75,6911.75,1501.0
2026-02-03 12:28:00-06:00,6911.75,6914.25,6911.75,6912.5,2454.0
2026-02-03 12:29:00-06:00,6912.5,6912.75,6908.5,6909.75,3584.0
2026-02-03 12:30:00-06:00,6909.5,6909.75,6906.25,6908.0,4468.0
2026-02-03 12:31:00-06:00,6908.0,6908.5,6906.0,6907.75,1997.0
2026-02-03 12:32:00-06:00,6908.0,6910.25,6905.75,6906.0,2923.0
2026-02-03 12:33:00-06:00,6906.25,6906.5,6903.0,6905.75,3842.0
2026-02-03 12:34:00-06:00,6906.0,6907.0,6904.25,6906.25,2042.0
2026-02-03 12:35:00-06:00,6906.25,6907.5,6905.0,6907.25,1648.0
2026-02-03 12:36:00-06:00,6907.25,6908.0,6903.75,6904.0,2046.0
2026-02-03 12:37:00-06:00,6903.75,6906.0,6903.5,6905.25,1359.0
2026-02-03 12:38:00-06:00,6905.0,6908.25,6904.75,6907.0,2030.0
2026-02-03 12:39:00-06:00,6906.75,6910.25,6906.25,6910.25,2068.0
2026-02-03 12:40:00-06:00,6910.25,6910.25,6906.25,6906.75,2496.0
2026-02-03 12:41:00-06:00,6906.75,6908.75,6905.75,6907.25,1318.0
2026-02-03 12:42:00-06:00,6907.25,6907.75,6902.5,6903.0,2109.0
2026-02-03 12:43:00-06:00,6903.0,6905.0,6903.0,6904.25,1655.0
2026-02-03 12:44:00-06:00,6904.5,6906.0,6903.5,6903.75,1098.0
2026-02-03 12:45:00-06:00,6903.5,6903.75,6901.5,6901.75,2639.0
2026-02-03 12:46:00-06:00,6902.0,6903.25,6901.5,6902.5,1407.0
2026-02-03 12:47:00-06:00,6902.75,6905.0,6902.5,6904.5,1878.0
2026-02-03 12:48:00-06:00,6904.5,6904.5,6900.0,6900.25,2876.0
2026-02-03 12:49:00-06:00,6900.25,6903.75,6900.25,6903.5,1886.0
2026-02-03 12:50:00-06:00,6903.25,6903.25,6900.5,6901.25,1502.0
2026-02-03 12:51:00-06:00,6901.5,6902.25,6900.5,6902.0,1205.0
2026-02-03 12:52:00-06:00,6902.25,6902.25,6900.25,6901.25,1250.0
2026-02-03 12:53:00-06:00,6901.25,6902.75,6900.0,6900.0,1269.0
2026-02-03 12:54:00-06:00,6900.25,6901.25,6899.5,6900.25,1500.0
2026-02-03 12:55:00-06:00,6900.5,6906.0,6900.0,6905.25,4102.0
2026-02-03 12:56:00-06:00,6905.5,6906.0,6903.25,6904.0,1614.0
2026-02-03 12:57:00-06:00,6904.25,6904.5,6900.75,6900.75,1715.0
2026-02-03 12:58:00-06:00,6901.0,6903.5,6900.75,6902.75,1329.0
2026-02-03 12:59:00-06:00,6902.75,6903.0,6894.25,6894.5,5702.0
2026-02-03 13:00:00-06:00,6894.5,6898.25,6891.5,6896.5,7215.0
2026-02-03 13:01:00-06:00,6896.5,6896.75,6893.0,6893.75,2494.0
2026-02-03 13:02:00-06:00,6893.25,6895.25,6893.0,6893.5,1593.0
2026-02-03 13:03:00-06:00,6893.0,6893.5,6889.25,6889.25,4543.0
2026-02-03 13:04:00-06:00,6889.5,6892.0,6889.25,6891.5,2657.0
2026-02-03 13:05:00-06:00,6891.5,6894.25,6889.5,6893.0,2764.0
2026-02-03 13:06:00-06:00,6892.75,6893.5,6889.75,6890.5,2136.0
2026-02-03 13:07:00-06:00,6890.75,6891.25,6887.5,6887.75,3041.0
2026-02-03 13:08:00-06:00,6887.5,6888.5,6886.25,6887.0,2990.0
2026-02-03 13:09:00-06:00,6886.75,6889.0,6886.5,6888.5,3238.0
2026-02-03 13:10:00-06:00,6888.25,6892.75,6887.5,6892.25,3165.0
2026-02-03 13:11:00-06:00,6892.25,6897.25,6892.0,6897.0,4422.0
2026-02-03 13:12:00-06:00,6897.0,6903.75,6896.25,6903.5,6112.0
2026-02-03 13:13:00-06:00,6903.5,6906.5,6901.75,6906.25,5689.0
2026-02-03 13:14:00-06:00,6906.5,6910.75,6906.5,6910.0,5770.0
2026-02-03 13:15:00-06:00,6910.0,6912.25,6908.75,6911.25,5394.0
2026-02-03 13:16:00-06:00,6911.25,6913.0,6908.0,6911.5,4017.0
2026-02-03 13:17:00-06:00,6911.25,6911.75,6907.75,6908.25,3115.0
2026-02-03 13:18:00-06:00,6908.25,6913.5,6908.0,6913.25,3057.0
2026-02-03 13:19:00-06:00,6913.0,6916.25,6912.25,6913.75,4307.0
2026-02-03 13:20:00-06:00,6913.75,6917.0,6913.0,6915.25,3516.0
2026-02-03 13:21:00-06:00,6915.5,6918.5,6915.0,6917.0,2847.0
2026-02-03 13:22:00-06:00,6917.0,6918.25,6914.25,6914.75,2923.0
2026-02-03 13:23:00-06:00,6914.5,6917.0,6914.25,6916.75,2038.0
2026-02-03 13:24:00-06:00,6916.75,6918.0,6912.0,6912.75,3411.0
2026-02-03 13:25:00-06:00,6912.75,6915.0,6904.0,6904.5,5719.0
2026-02-03 13:26:00-06:00,6904.5,6908.25,6903.0,6908.0,4554.0
2026-02-03 13:27:00-06:00,6908.0,6913.0,6906.25,6911.75,3434.0
2026-02-03 13:28:00-06:00,6911.75,6913.75,6910.75,6913.75,3127.0
2026-02-03 13:29:00-06:00,6913.75,6914.75,6906.0,6908.25,4546.0
2026-02-03 13:30:00-06:00,6908.0,6915.0,6904.0,6905.5,5989.0
2026-02-03 13:31:00-06:00,6905.5,6908.0,6904.25,6907.5,2977.0
2026-02-03 13:32:00-06:00,6907.5,6912.0,6907.25,6907.75,3013.0
2026-02-03 13:33:00-06:00,6907.75,6912.25,6907.75,6909.5,1806.0
2026-02-03 13:34:00-06:00,6909.25,6910.25,6904.75,6905.25,2129.0
2026-02-03 13:35:00-06:00,6905.25,6910.0,6904.25,6908.75,2319.0
2026-02-03 13:36:00-06:00,6909.25,6910.75,6906.5,6906.75,1504.0
2026-02-03 13:37:00-06:00,6906.75,6910.0,6904.5,6910.0,1756.0
2026-02-03 13:38:00-06:00,6909.75,6911.5,6908.0,6910.25,1847.0
2026-02-03 13:39:00-06:00,6910.25,6911.25,6908.5,6909.5,1294.0
2026-02-03 13:40:00-06:00,6909.25,6911.75,6907.0,6911.0,2538.0
2026-02-03 13:41:00-06:00,6911.0,6913.0,6910.75,6912.0,2377.0
2026-02-03 13:42:00-06:00,6911.75,6913.5,6910.25,6911.5,2415.0
2026-02-03 13:43:00-06:00,6911.5,6912.0,6905.75,6907.75,2965.0
2026-02-03 13:44:00-06:00,6907.5,6908.5,6906.25,6907.5,1682.0
2026-02-03 13:45:00-06:00,6907.5,6908.75,6903.25,6905.5,2654.0
2026-02-03 13:46:00-06:00,6905.5,6906.0,6902.0,6902.5,3243.0
2026-02-03 13:47:00-06:00,6902.5,6905.0,6902.0,6903.0,2289.0
2026-02-03 13:48:00-06:00,6903.0,6904.0,6901.5,6903.75,1799.0
2026-02-03 13:49:00-06:00,6904.0,6905.25,6901.5,6901.75,2255.0
2026-02-03 13:50:00-06:00,6901.5,6906.25,6901.0,6904.5,3108.0
2026-02-03 13:51:00-06:00,6904.5,6905.0,6899.75,6901.5,3286.0
2026-02-03 13:52:00-06:00,6901.75,6902.0,6899.25,6899.25,2379.0
2026-02-03 13:53:00-06:00,6899.25,6908.5,6897.25,6902.75,5999.0
2026-02-03 13:54:00-06:00,6902.5,6906.5,6901.0,6906.25,1997.0
2026-02-03 13:55:00-06:00,6906.25,6909.25,6905.75,6909.0,2707.0
2026-02-03 13:56:00-06:00,6909.25,6914.5,6909.25,6914.0,3514.0
2026-02-03 13:57:00-06:00,6914.0,6914.25,6911.0,6912.75,3047.0
2026-02-03 13:58:00-06:00,6912.5,6916.0,6912.5,6915.0,2333.0
2026-02-03 13:59:00-06:00,6915.25,6917.0,6912.75,6914.5,3428.0
2026-02-03 14:00:00-06:00,6914.25,6916.75,6912.75,6915.25,3331.0
2026-02-03 14:01:00-06:00,6915.25,6916.5,6910.75,6911.0,2131.0
2026-02-03 14:02:00-06:00,6910.75,6912.5,6909.0,6909.5,2977.0
2026-02-03 14:03:00-06:00,6909.5,6911.5,6909.25,6911.25,1147.0
2026-02-03 14:04:00-06:00,6911.25,6912.0,6909.5,6909.75,1041.0
2026-02-03 14:05:00-06:00,6909.5,6912.0,6908.75,6910.75,1261.0
2026-02-03 14:06:00-06:00,6910.5,6912.5,6910.0,6911.25,1107.0
2026-02-03 14:07:00-06:00,6911.5,6913.75,6911.25,6912.25,1956.0
2026-02-03 14:08:00-06:00,6912.5,6912.75,6910.25,6911.5,1601.0
2026-02-03 14:09:00-06:00,6911.25,6913.5,6910.75,6913.25,1073.0
2026-02-03 14:10:00-06:00,6913.25,6915.5,6913.0,6914.5,2050.0
2026-02-03 14:11:00-06:00,6914.5,6915.0,6912.25,6914.5,1470.0
2026-02-03 14:12:00-06:00,6914.5,6915.0,6910.0,6910.5,1202.0
2026-02-03 14:13:00-06:00,6910.25,6913.25,6909.75,6913.0,1250.0
2026-02-03 14:14:00-06:00,6913.0,6917.0,6912.0,6916.75,1693.0
2026-02-03 14:15:00-06:00,6916.5,6916.75,6912.0,6913.0,1604.0
2026-02-03 14:16:00-06:00,6913.25,6916.75,6913.0,6916.0,1288.0
2026-02-03 14:17:00-06:00,6915.75,6918.25,6915.75,6917.75,2513.0
2026-02-03 14:18:00-06:00,6917.75,6920.75,6917.0,6920.75,2765.0
2026-02-03 14:19:00-06:00,6921.0,6922.5,6918.25,6918.75,3713.0
2026-02-03 14:20:00-06:00,6918.25,6919.25,6914.5,6914.75,3706.0
2026-02-03 14:21:00-06:00,6915.0,6917.0,6913.5,6916.75,2175.0
2026-02-03 14:22:00-06:00,6916.75,6917.5,6914.5,6916.75,1228.0
2026-02-03 14:23:00-06:00,6916.75,6920.25,6915.25,6919.25,1942.0
2026-02-03 14:24:00-06:00,6919.5,6921.25,6918.0,6921.0,1601.0
2026-02-03 14:25:00-06:00,6921.0,6922.25,6920.75,6922.0,2180.0
2026-02-03 14:26:00-06:00,6921.75,6923.25,6921.25,6922.25,2322.0
2026-02-03 14:27:00-06:00,6922.5,6923.75,6922.0,6923.75,1352.0
2026-02-03 14:28:00-06:00,6923.75,6924.5,6921.0,6921.0,2600.0
2026-02-03 14:29:00-06:00,6921.0,6923.0,6921.0,6921.5,1745.0
2026-02-03 14:30:00-06:00,6921.75,6927.25,6921.25,6927.0,3649.0
2026-02-03 14:31:00-06:00,6927.0,6928.5,6925.5,6928.5,2681.0
2026-02-03 14:32:00-06:00,6928.5,6932.75,6928.5,6931.0,4388.0
2026-02-03 14:33:00-06:00,6931.0,6932.25,6930.25,6932.25,2246.0
2026-02-03 14:34:00-06:00,6932.25,6935.0,6932.0,6934.5,3191.0
2026-02-03 14:35:00-06:00,6934.5,6936.0,6933.25,6934.75,2967.0
2026-02-03 14:36:00-06:00,6934.75,6935.75,6932.0,6934.25,2573.0
2026-02-03 14:37:00-06:00,6934.5,6934.75,6932.0,6932.5,1883.0
2026-02-03 14:38:00-06:00,6932.25,6938.5,6932.25,6938.25,2695.0
2026-02-03 14:39:00-06:00,6938.0,6938.5,6936.0,6937.25,1415.0
2026-02-03 14:40:00-06:00,6937.25,6937.25,6933.5,6934.0,2586.0
2026-02-03 14:41:00-06:00,6934.0,6934.25,6928.5,6929.25,3856.0
2026-02-03 14:42:00-06:00,6929.0,6932.5,6928.5,6931.25,2392.0
2026-02-03 14:43:00-06:00,6931.25,6931.5,6929.5,6931.0,1808.0
2026-02-03 14:44:00-06:00,6931.25,6933.25,6931.25,6932.25,1333.0
2026-02-03 14:45:00-06:00,6932.25,6933.75,6931.25,6932.5,1878.0
2026-02-03 14:46:00-06:00,6932.5,6935.0,6932.0,6934.5,1478.0
2026-02-03 14:47:00-06:00,6934.5,6935.5,6932.0,6932.5,1311.0
2026-02-03 14:48:00-06:00,6932.5,6933.75,6930.5,6930.75,2353.0
2026-02-03 14:49:00-06:00,6930.75,6935.25,6930.75,6935.25,1715.0
2026-02-03 14:50:00-06:00,6935.25,6940.0,6934.25,6938.5,4986.0
2026-02-03 14:51:00-06:00,6938.75,6940.0,6936.0,6937.25,2402.0
2026-02-03 14:52:00-06:00,6937.25,6938.0,6935.0,6938.0,1911.0
2026-02-03 14:53:00-06:00,6938.0,6940.0,6937.0,6937.25,2203.0
2026-02-03 14:54:00-06:00,6937.5,6941.25,6937.0,6940.0,3607.0
2026-02-03 14:55:00-06:00,6940.25,6943.5,6938.75,6941.5,3983.0
2026-02-03 14:56:00-06:00,6941.75,6942.0,6938.75,6941.25,2391.0
2026-02-03 14:57:00-06:00,6941.5,6942.75,6940.5,6941.75,2414.0
2026-02-03 14:58:00-06:00,6941.25,6943.25,6940.75,6943.25,2910.0
2026-02-03 14:59:00-06:00,6943.25,6944.0,6939.75,6941.0,10759.0
2026-02-03 15:00:00-06:00,6940.75,6944.0,6938.0,6942.75,5777.0
2026-02-03 15:01:00-06:00,6943.0,6943.0,6939.5,6942.75,2109.0
2026-02-03 15:02:00-06:00,6942.75,6945.0,6942.25,6943.5,1716.0
2026-02-03 15:03:00-06:00,6943.5,6944.5,6941.75,6943.25,852.0
2026-02-03 15:04:00-06:00,6943.5,6944.75,6943.25,6944.25,620.0
2026-02-03 15:05:00-06:00,6944.25,6945.0,6942.5,6942.75,914.0
2026-02-03 15:06:00-06:00,6942.75,6942.75,6940.5,6940.5,933.0
2026-02-03 15:07:00-06:00,6940.5,6943.0,6940.25,6942.75,1258.0
2026-02-03 15:08:00-06:00,6942.75,6943.25,6942.25,6943.0,250.0
2026-02-03 15:09:00-06:00,6943.0,6943.25,6941.25,6942.25,419.0
2026-02-03 15:10:00-06:00,6942.25,6943.75,6942.0,6943.25,336.0
2026-02-03 15:11:00-06:00,6943.25,6943.5,6942.0,6942.75,363.0
2026-02-03 15:12:00-06:00,6942.75,6943.0,6941.5,6941.75,310.0
2026-02-03 15:13:00-06:00,6942.0,6942.0,6940.75,6940.75,423.0
2026-02-03 15:14:00-06:00,6940.75,6942.5,6939.75,6941.5,499.0
2026-02-03 15:15:00-06:00,6941.75,6946.0,6939.75,6940.0,1518.0
2026-02-03 15:16:00-06:00,6940.25,6940.25,6937.5,6938.0,1022.0
2026-02-03 15:17:00-06:00,6938.25,6938.75,6935.25,6935.25,980.0
2026-02-03 15:18:00-06:00,6935.5,6936.75,6933.25,6933.25,849.0
2026-02-03 15:19:00-06:00,6933.5,6934.5,6931.75,6934.25,1017.0
2026-02-03 15:20:00-06:00,6934.0,6935.25,6933.25,6933.5,391.0
2026-02-03 15:21:00-06:00,6933.75,6934.75,6932.5,6934.75,564.0
2026-02-03 15:22:00-06:00,6935.0,6937.0,6934.5,6936.25,729.0
2026-02-03 15:23:00-06:00,6936.25,6937.75,6936.0,6937.75,369.0
2026-02-03 15:24:00-06:00,6937.5,6939.25,6936.75,6937.25,612.0
2026-02-03 15:25:00-06:00,6937.5,6938.25,6936.75,6937.75,388.0
2026-02-03 15:26:00-06:00,6937.75,6938.75,6937.25,6938.75,351.0
2026-02-03 15:27:00-06:00,6938.75,6939.5,6938.5,6939.25,372.0
2026-02-03 15:28:00-06:00,6939.5,6940.75,6938.75,6939.75,601.0
2026-02-03 15:29:00-06:00,6939.75,6940.5,6939.25,6940.25,362.0
2026-02-03 15:30:00-06:00,6940.0,6940.5,6936.75,6937.0,706.0
2026-02-03 15:31:00-06:00,6937.25,6937.5,6935.75,6937.0,444.0
2026-02-03 15:32:00-06:00,6936.75,6937.25,6936.0,6936.75,334.0
2026-02-03 15:33:00-06:00,6937.0,6937.0,6935.75,6936.25,330.0
2026-02-03 15:34:00-06:00,6936.5,6936.5,6935.5,6936.0,179.0
2026-02-03 15:35:00-06:00,6935.75,6936.5,6935.0,6936.0,339.0
2026-02-03 15:36:00-06:00,6936.0,6937.75,6936.0,6936.25,433.0
2026-02-03 15:37:00-06:00,6936.0,6936.75,6935.5,6936.25,231.0
2026-02-03 15:38:00-06:00,6936.25,6936.5,6934.75,6934.75,227.0
2026-02-03 15:39:00-06:00,6934.75,6935.25,6934.25,6934.75,391.0
2026-02-03 15:40:00-06:00,6935.0,6935.75,6935.0,6935.0,191.0
2026-02-03 15:41:00-06:00,6935.0,6938.0,6934.75,6935.75,858.0
2026-02-03 15:42:00-06:00,6935.75,6939.25,6935.75,6938.25,650.0
2026-02-03 15:43:00-06:00,6938.25,6938.5,6936.75,6937.75,228.0
2026-02-03 15:44:00-06:00,6937.75,6938.0,6936.5,6937.5,321.0
2026-02-03 15:45:00-06:00,6937.75,6938.25,6936.75,6937.25,274.0
2026-02-03 15:46:00-06:00,6937.25,6937.75,6936.75,6937.0,234.0
2026-02-03 15:47:00-06:00,6936.75,6936.75,6935.5,6936.0,256.0
2026-02-03 15:48:00-06:00,6935.75,6936.25,6935.25,6935.75,171.0
2026-02-03 15:49:00-06:00,6935.75,6936.25,6935.0,6935.0,157.0
2026-02-03 15:50:00-06:00,6935.0,6935.0,6933.75,6934.0,292.0
2026-02-03 15:51:00-06:00,6934.25,6936.0,6934.25,6935.75,278.0
2026-02-03 15:52:00-06:00,6935.5,6935.75,6935.0,6935.0,327.0
2026-02-03 15:53:00-06:00,6935.0,6935.75,6933.75,6934.75,338.0
2026-02-03 15:54:00-06:00,6934.5,6935.5,6934.5,6935.25,178.0
2026-02-03 15:55:00-06:00,6935.0,6937.25,6935.0,6936.75,263.0
2026-02-03 15:56:00-06:00,6937.0,6937.0,6935.75,6936.25,110.0
2026-02-03 15:57:00-06:00,6936.25,6936.5,6935.5,6936.5,189.0
2026-02-03 15:58:00-06:00,6936.5,6938.25,6936.5,6937.0,233.0
2026-02-03 15:59:00-06:00,6937.5,6939.25,6937.25,6938.5,625.0
2026-02-04 08:30:00-06:00,6949.25,6950.25,6942.75,6944.5,8924.0
2026-02-04 08:31:00-06:00,6944.25,6944.25,6936.5,6939.5,7955.0
2026-02-04 08:32:00-06:00,6939.5,6941.0,6935.5,6940.0,5748.0
2026-02-04 08:33:00-06:00,6940.0,6945.75,6937.25,6939.25,5879.0
2026-02-04 08:34:00-06:00,6939.25,6946.75,6937.25,6941.5,4735.0
2026-02-04 08:35:00-06:00,6941.75,6951.5,6937.0,6949.25,7027.0
2026-02-04 08:36:00-06:00,6949.5,6956.5,6948.5,6949.75,6360.0
2026-02-04 08:37:00-06:00,6949.75,6952.75,6942.0,6945.25,5247.0
2026-02-04 08:38:00-06:00,6945.5,6951.75,6944.5,6949.0,4347.0
2026-02-04 08:39:00-06:00,6949.25,6952.25,6947.5,6951.75,3787.0
2026-02-04 08:40:00-06:00,6951.75,6952.0,6945.5,6946.0,4602.0
2026-02-04 08:41:00-06:00,6945.5,6954.25,6943.5,6948.5,4805.0
2026-02-04 08:42:00-06:00,6948.5,6956.75,6946.5,6956.5,3880.0
2026-02-04 08:43:00-06:00,6956.25,6958.5,6951.25,6951.75,3259.0
2026-02-04 08:44:00-06:00,6951.75,6953.75,6950.0,6952.25,1769.0
2026-02-04 08:45:00-06:00,6952.0,6954.5,6946.25,6947.5,3159.0
2026-02-04 08:46:00-06:00,6947.5,6952.75,6946.25,6950.75,2677.0
2026-02-04 08:47:00-06:00,6950.5,6955.25,6949.25,6949.75,2549.0
2026-02-04 08:48:00-06:00,6949.75,6960.5,6949.75,6958.75,4684.0
2026-02-04 08:49:00-06:00,6959.0,6960.5,6952.5,6956.0,3469.0
2026-02-04 08:50:00-06:00,6956.0,6957.25,6946.0,6946.0,6148.0
2026-02-04 08:51:00-06:00,6946.25,6949.0,6942.25,6945.0,3918.0
2026-02-04 08:52:00-06:00,6945.25,6945.5,6940.5,6942.0,2903.0
2026-02-04 08:53:00-06:00,6942.25,6942.25,6935.75,6935.75,3533.0
2026-02-04 08:54:00-06:00,6936.0,6948.25,6935.25,6947.75,5033.0
2026-02-04 08:55:00-06:00,6947.75,6949.5,6941.5,6943.0,3869.0
2026-02-04 08:56:00-06:00,6943.0,6943.25,6937.75,6938.0,3200.0
2026-02-04 08:57:00-06:00,6938.0,6938.5,6932.25,6933.25,4316.0
2026-02-04 08:58:00-06:00,6933.25,6933.75,6924.75,6925.25,5621.0
2026-02-04 08:59:00-06:00,6925.25,6929.75,6923.75,6927.25,3470.0
2026-02-04 09:00:00-06:00,6927.25,6927.5,6917.25,6918.5,7613.0
2026-02-04 09:01:00-06:00,6918.5,6919.0,6913.0,6914.25,5721.0
2026-02-04 09:02:00-06:00,6914.5,6916.5,6910.5,6915.25,6525.0
2026-02-04 09:03:00-06:00,6915.0,6922.25,6914.0,6919.5,6614.0
2026-02-04 09:04:00-06:00,6919.75,6920.75,6915.0,6918.25,3436.0
2026-02-04 09:05:00-06:00,6918.25,6926.75,6918.0,6922.5,6312.0
2026-02-04 09:06:00-06:00,6922.75,6924.5,6920.75,6920.75,3656.0
2026-02-04 09:07:00-06:00,6920.5,6932.75,6920.0,6930.0,8115.0
2026-02-04 09:08:00-06:00,6930.0,6934.25,6928.5,6931.0,5384.0
2026-02-04 09:09:00-06:00,6931.25,6938.0,6930.0,6935.25,5826.0
2026-02-04 09:10:00-06:00,6935.25,6940.0,6930.5,6933.25,7239.0
2026-02-04 09:11:00-06:00,6933.25,6941.75,6930.25,6937.25,6701.0
2026-02-04 09:12:00-06:00,6937.5,6942.0,6930.25,6931.5,4965.0
2026-02-04 09:13:00-06:00,6931.5,6940.25,6930.25,6936.75,4804.0
2026-02-04 09:14:00-06:00,6936.75,6937.25,6930.25,6934.5,4095.0
2026-02-04 09:15:00-06:00,6934.75,6939.25,6934.0,6938.0,3846.0
2026-02-04 09:16:00-06:00,6938.0,6939.0,6933.0,6935.0,2667.0
2026-02-04 09:17:00-06:00,6935.25,6935.25,6930.5,6933.0,3436.0
2026-02-04 09:18:00-06:00,6933.0,6937.5,6929.0,6935.5,4045.0
2026-02-04 09:19:00-06:00,6935.25,6936.0,6930.5,6932.75,2172.0
2026-02-04 09:20:00-06:00,6932.75,6940.75,6931.5,6936.25,4301.0
2026-02-04 09:21:00-06:00,6936.25,6943.5,6934.5,6941.75,5148.0
2026-02-04 09:22:00-06:00,6941.75,6942.75,6934.0,6934.5,3782.0
2026-02-04 09:23:00-06:00,6934.5,6949.0,6932.75,6946.0,7610.0
2026-02-04 09:24:00-06:00,6945.75,6948.5,6943.75,6945.5,3513.0
2026-02-04 09:25:00-06:00,6945.5,6951.5,6943.0,6949.75,5174.0
2026-02-04 09:26:00-06:00,6949.75,6954.25,6943.0,6944.0,6444.0
2026-02-04 09:27:00-06:00,6943.75,6948.75,6942.0,6942.25,3695.0
2026-02-04 09:28:00-06:00,6942.25,6944.75,6939.75,6941.0,3412.0
2026-02-04 09:29:00-06:00,6940.75,6946.0,6940.0,6944.75,2692.0
2026-02-04 09:30:00-06:00,6944.75,6946.75,6938.25,6939.5,4680.0
2026-02-04 09:31:00-06:00,6939.75,6940.75,6934.5,6938.75,5260.0
2026-02-04 09:32:00-06:00,6938.75,6941.25,6937.25,6938.0,3049.0
2026-02-04 09:33:00-06:00,6938.0,6938.25,6932.25,6933.0,3390.0
2026-02-04 09:34:00-06:00,6932.75,6933.0,6927.25,6928.75,5647.0
2026-02-04 09:35:00-06:00,6928.5,6929.75,6923.75,6925.25,5266.0
2026-02-04 09:36:00-06:00,6925.25,6927.5,6921.25,6926.75,5389.0
2026-02-04 09:37:00-06:00,6927.0,6927.0,6920.75,6923.0,3602.0
2026-02-04 09:38:00-06:00,6922.75,6941.5,6918.75,6940.25,13088.0
2026-02-04 09:39:00-06:00,6940.25,6946.75,6933.75,6934.25,7677.0
2026-02-04 09:40:00-06:00,6934.5,6943.75,6931.5,6942.25,6101.0
2026-02-04 09:41:00-06:00,6942.25,6948.5,6939.0,6941.0,5745.0
2026-02-04 09:42:00-06:00,6941.0,6944.25,6937.75,6938.25,3941.0
2026-02-04 09:43:00-06:00,6938.0,6938.75,6932.5,6938.5,3826.0
2026-02-04 09:44:00-06:00,6938.25,6943.0,6938.0,6941.5,3591.0
2026-02-04 09:45:00-06:00,6941.5,6943.5,6937.25,6937.5,2808.0
2026-02-04 09:46:00-06:00,6937.5,6937.5,6930.25,6936.75,4265.0
2026-02-04 09:47:00-06:00,6936.5,6940.25,6932.25,6932.5,2679.0
2026-02-04 09:48:00-06:00,6932.5,6937.0,6931.5,6935.25,2151.0
2026-02-04 09:49:00-06:00,6935.5,6935.75,6931.5,6932.25,1484.0
2026-02-04 09:50:00-06:00,6932.25,6937.75,6930.75,6931.5,3283.0
2026-02-04 09:51:00-06:00,6931.5,6933.75,6928.25,6930.5,3229.0
2026-02-04 09:52:00-06:00,6931.0,6934.25,6930.5,6932.5,2266.0
2026-02-04 09:53:00-06:00,6932.5,6937.5,6928.75,6929.0,3441.0
2026-02-04 09:54:00-06:00,6929.25,6934.5,6928.5,6933.5,2573.0
2026-02-04 09:55:00-06:00,6933.5,6939.25,6933.25,6936.0,3563.0
2026-02-04 09:56:00-06:00,6936.0,6937.25,6929.0,6929.5,2870.0
2026-02-04 09:57:00-06:00,6929.5,6931.75,6928.0,6929.0,2547.0
2026-02-04 09:58:00-06:00,6929.0,6936.5,6927.5,6936.25,3391.0
2026-02-04 09:59:00-06:00,6936.25,6936.75,6929.75,6931.5,2551.0
2026-02-04 10:00:00-06:00,6931.5,6934.5,6927.0,6927.5,5547.0
2026-02-04 10:01:00-06:00,6927.5,6928.5,6924.75,6924.75,3106.0
2026-02-04 10:02:00-06:00,6925.0,6925.25,6917.75,6918.0,5737.0
2026-02-04 10:03:00-06:00,6918.0,6920.0,6916.75,6918.0,4407.0
2026-02-04 10:04:00-06:00,6917.75,6919.5,6915.75,6916.25,3391.0
2026-02-04 10:05:00-06:00,6916.25,6918.25,6914.0,6914.5,3426.0
2026-02-04 10:06:00-06:00,6914.25,6922.5,6914.25,6918.75,5408.0
2026-02-04 10:07:00-06:00,6918.75,6920.0,6914.75,6914.75,3387.0
2026-02-04 10:08:00-06:00,6914.5,6918.25,6914.25,6914.75,3040.0
2026-02-04 10:09:00-06:00,6915.0,6915.5,6911.25,6913.75,3874.0
2026-02-04 10:10:00-06:00,6913.5,6916.0,6911.0,6915.5,4143.0
2026-02-04 10:11:00-06:00,6915.5,6918.0,6913.0,6916.5,3403.0
2026-02-04 10:12:00-06:00,6916.75,6928.5,6915.25,6927.0,6565.0
2026-02-04 10:13:00-06:00,6927.0,6929.25,6924.0,6925.5,4404.0
2026-02-04 10:14:00-06:00,6925.25,6926.5,6923.5,6924.0,3114.0
2026-02-04 10:15:00-06:00,6924.0,6928.25,6923.5,6927.25,3604.0
2026-02-04 10:16:00-06:00,6926.75,6927.5,6918.0,6918.75,4147.0
2026-02-04 10:17:00-06:00,6919.0,6920.25,6915.25,6916.75,3569.0
2026-02-04 10:18:00-06:00,6916.5,6918.75,6915.25,6917.0,2362.0
2026-02-04 10:19:00-06:00,6916.75,6917.5,6910.5,6913.0,3875.0
2026-02-04 10:20:00-06:00,6913.0,6918.0,6912.25,6915.0,4217.0
2026-02-04 10:21:00-06:00,6915.5,6917.0,6909.25,6909.75,3221.0
2026-02-04 10:22:00-06:00,6910.0,6913.25,6909.5,6912.75,2476.0
2026-02-04 10:23:00-06:00,6912.75,6920.75,6911.25,6919.25,4291.0
2026-02-04 10:24:00-06:00,6919.25,6924.25,6918.25,6923.25,3005.0
2026-02-04 10:25:00-06:00,6923.25,6925.0,6919.75,6921.5,2728.0
2026-02-04 10:26:00-06:00,6921.25,6929.0,6920.75,6926.25,4236.0
2026-02-04 10:27:00-06:00,6926.25,6929.0,6926.25,6927.5,2127.0
2026-02-04 10:28:00-06:00,6927.5,6928.25,6923.75,6926.0,1903.0
2026-02-04 10:29:00-06:00,6926.25,6930.25,6926.0,6929.0,2901.0
2026-02-04 10:30:00-06:00,6929.0,6930.5,6922.25,6923.5,4254.0
2026-02-04 10:31:00-06:00,6923.5,6927.0,6922.25,6924.5,2245.0
2026-02-04 10:32:00-06:00,6924.25,6927.0,6923.0,6924.25,1482.0
2026-02-04 10:33:00-06:00,6924.0,6926.25,6918.25,6918.25,2592.0
2026-02-04 10:34:00-06:00,6918.25,6920.0,6916.75,6917.25,2349.0
2026-02-04 10:35:00-06:00,6917.5,6920.75,6915.25,6919.25,3079.0
2026-02-04 10:36:00-06:00,6919.0,6920.25,6914.75,6915.5,2073.0
2026-02-04 10:37:00-06:00,6915.25,6918.5,6914.5,6915.75,1661.0
2026-02-04 10:38:00-06:00,6915.75,6921.25,6913.25,6914.75,2620.0
2026-02-04 10:39:00-06:00,6915.0,6917.5,6912.75,6913.0,1797.0
2026-02-04 10:40:00-06:00,6913.25,6914.5,6905.75,6906.0,4059.0
2026-02-04 10:41:00-06:00,6906.25,6908.25,6905.25,6905.25,2843.0
2026-02-04 10:42:00-06:00,6905.25,6907.5,6904.0,6904.5,2494.0
2026-02-04 10:43:00-06:00,6904.5,6905.25,6901.0,6902.0,2766.0
2026-02-04 10:44:00-06:00,6902.25,6903.0,6899.0,6899.75,3187.0
2026-02-04 10:45:00-06:00,6899.5,6900.25,6897.75,6898.5,2845.0
2026-02-04 10:46:00-06:00,6898.5,6900.75,6896.0,6896.5,3664.0
2026-02-04 10:47:00-06:00,6896.5,6897.5,6895.25,6897.25,2747.0
2026-02-04 10:48:00-06:00,6897.25,6899.5,6892.25,6892.75,4386.0
2026-02-04 10:49:00-06:00,6892.5,6894.0,6890.0,6893.5,4029.0
2026-02-04 10:50:00-06:00,6893.25,6897.5,6891.25,6892.0,4914.0
2026-02-04 10:51:00-06:00,6892.25,6893.75,6888.5,6892.75,3739.0
2026-02-04 10:52:00-06:00,6892.75,6898.0,6892.0,6897.25,3522.0
2026-02-04 10:53:00-06:00,6897.5,6898.0,6894.0,6896.0,3254.0
2026-02-04 10:54:00-06:00,6896.25,6899.5,6893.75,6899.5,3199.0
2026-02-04 10:55:00-06:00,6899.5,6907.0,6898.75,6903.0,5575.0
2026-02-04 10:56:00-06:00,6903.0,6905.75,6900.75,6904.5,4099.0
2026-02-04 10:57:00-06:00,6904.5,6910.0,6904.5,6909.5,4298.0
2026-02-04 10:58:00-06:00,6909.5,6911.0,6907.0,6908.75,4945.0
2026-02-04 10:59:00-06:00,6908.5,6913.25,6908.25,6911.25,3654.0
2026-02-04 11:00:00-06:00,6911.0,6911.75,6908.25,6910.0,3870.0
2026-02-04 11:01:00-06:00,6910.25,6912.5,6908.75,6911.75,3505.0
2026-02-04 11:02:00-06:00,6911.75,6912.75,6909.5,6911.25,2096.0
2026-02-04 11:03:00-06:00,6911.0,6916.5,6910.25,6913.25,3878.0
2026-02-04 11:04:00-06:00,6913.5,6916.0,6912.25,6913.25,2105.0
2026-02-04 11:05:00-06:00,6913.5,6915.75,6912.5,6913.25,1984.0
2026-02-04 11:06:00-06:00,6913.5,6913.5,6909.25,6911.25,3545.0
2026-02-04 11:07:00-06:00,6911.0,6913.0,6907.5,6908.75,3015.0
2026-02-04 11:08:00-06:00,6909.0,6913.0,6908.75,6911.0,1775.0
2026-02-04 11:09:00-06:00,6911.0,6914.25,6909.25,6909.75,1968.0
2026-02-04 11:10:00-06:00,6910.0,6910.75,6905.5,6906.25,2858.0
2026-02-04 11:11:00-06:00,6906.0,6909.0,6903.75,6908.25,3272.0
2026-02-04 11:12:00-06:00,6908.5,6910.5,6906.75,6908.75,1735.0
2026-02-04 11:13:00-06:00,6908.75,6913.75,6908.25,6911.25,2653.0
2026-02-04 11:14:00-06:00,6911.5,6914.5,6911.25,6913.5,1820.0
2026-02-04 11:15:00-06:00,6913.0,6915.0,6909.75,6911.5,2323.0
2026-02-04 11:16:00-06:00,6911.75,6911.75,6905.5,6905.75,2503.0
2026-02-04 11:17:00-06:00,6905.75,6907.5,6903.75,6904.25,2363.0
2026-02-04 11:18:00-06:00,6904.5,6907.25,6903.75,6904.0,1902.0
2026-02-04 11:19:00-06:00,6904.0,6906.0,6902.25,6902.5,1741.0
2026-02-04 11:20:00-06:00,6902.25,6903.75,6899.75,6903.5,3676.0
2026-02-04 11:21:00-06:00,6903.5,6906.0,6902.0,6904.25,2296.0
2026-02-04 11:22:00-06:00,6904.25,6904.75,6899.25,6899.75,2657.0
2026-02-04 11:23:00-06:00,6899.5,6902.75,6899.25,6901.75,1987.0
2026-02-04 11:24:00-06:00,6902.25,6904.5,6900.0,6900.5,1773.0
2026-02-04 11:25:00-06:00,6900.5,6902.0,6898.25,6901.0,2114.0
2026-02-04 11:26:00-06:00,6901.0,6901.25,6896.5,6897.0,2274.0
2026-02-04 11:27:00-06:00,6897.0,6897.25,6879.25,6888.25,19807.0
2026-02-04 11:28:00-06:00,6888.0,6892.0,6882.5,6883.75,5795.0
2026-02-04 11:29:00-06:00,6884.0,6884.5,6877.25,6882.0,5562.0
2026-02-04 11:30:00-06:00,6882.0,6882.75,6877.0,6879.0,5844.0
2026-02-04 11:31:00-06:00,6879.0,6892.25,6878.25,6888.75,8992.0
2026-02-04 11:32:00-06:00,6888.75,6893.25,6880.0,6881.5,5921.0
2026-02-04 11:33:00-06:00,6881.0,6885.5,6879.75,6883.25,3472.0
2026-02-04 11:34:00-06:00,6884.0,6884.75,6878.75,6881.25,3891.0
2026-02-04 11:35:00-06:00,6881.25,6881.75,6876.0,6876.0,2981.0
2026-02-04 11:36:00-06:00,6876.0,6878.5,6873.25,6874.0,4503.0
2026-02-04 11:37:00-06:00,6873.75,6874.75,6871.5,6872.0,3334.0
2026-02-04 11:38:00-06:00,6872.0,6872.0,6869.75,6870.75,3301.0
2026-02-04 11:39:00-06:00,6870.75,6873.25,6869.5,6869.5,3647.0
2026-02-04 11:40:00-06:00,6869.25,6869.75,6865.0,6868.5,5417.0
2026-02-04 11:41:00-06:00,6868.5,6874.75,6867.75,6874.25,5847.0
2026-02-04 11:42:00-06:00,6874.0,6875.0,6869.5,6871.0,4816.0
2026-02-04 11:43:00-06:00,6870.75,6872.75,6868.75,6871.25,2635.0
2026-02-04 11:44:00-06:00,6871.0,6877.0,6869.75,6876.0,3863.0
2026-02-04 11:45:00-06:00,6876.0,6878.0,6871.75,6872.5,3971.0
2026-02-04 11:46:00-06:00,6872.5,6875.0,6870.25,6874.75,4283.0
2026-02-04 11:47:00-06:00,6874.25,6874.75,6871.25,6871.75,2124.0
2026-02-04 11:48:00-06:00,6871.75,6873.5,6868.0,6868.5,2627.0
2026-02-04 11:49:00-06:00,6868.5,6869.25,6866.0,6868.75,2827.0
2026-02-04 11:50:00-06:00,6868.5,6868.5,6862.5,6866.0,7123.0
2026-02-04 11:51:00-06:00,6866.0,6869.75,6865.25,6868.0,3616.0
2026-02-04 11:52:00-06:00,6868.0,6874.5,6867.25,6872.75,4126.0
2026-02-04 11:53:00-06:00,6872.5,6875.0,6870.75,6872.75,2857.0
2026-02-04 11:54:00-06:00,6873.0,6877.75,6872.75,6876.5,3471.0
2026-02-04 11:55:00-06:00,6876.5,6883.25,6876.5,6883.25,5098.0
2026-02-04 11:56:00-06:00,6883.25,6883.75,6877.25,6877.5,2986.0
2026-02-04 11:57:00-06:00,6877.5,6882.25,6876.5,6881.5,2883.0
2026-02-04 11:58:00-06:00,6881.25,6884.0,6880.25,6880.5,2296.0
2026-02-04 11:59:00-06:00,6880.5,6882.0,6877.75,6881.75,1836.0
2026-02-04 12:00:00-06:00,6881.75,6884.25,6876.0,6876.5,4893.0
2026-02-04 12:01:00-06:00,6876.5,6879.25,6871.75,6872.5,3183.0
2026-02-04 12:02:00-06:00,6872.25,6874.75,6871.25,6872.5,2083.0
2026-02-04 12:03:00-06:00,6872.25,6877.0,6871.5,6875.25,2353.0
2026-02-04 12:04:00-06:00,6875.5,6878.25,6873.75,6878.25,1908.0
2026-02-04 12:05:00-06:00,6878.25,6882.25,6877.5,6881.75,2896.0
2026-02-04 12:06:00-06:00,6882.0,6885.0,6879.5,6882.75,3079.0
2026-02-04 12:07:00-06:00,6882.5,6885.0,6881.75,6883.25,2749.0
2026-02-04 12:08:00-06:00,6883.75,6885.75,6881.0,6882.5,2803.0
2026-02-04 12:09:00-06:00,6882.5,6882.75,6868.75,6869.0,5234.0
2026-02-04 12:10:00-06:00,6868.75,6873.75,6868.25,6872.25,3889.0
2026-02-04 12:11:00-06:00,6872.5,6874.25,6871.0,6872.25,2125.0
2026-02-04 12:12:00-06:00,6872.0,6873.25,6869.5,6871.5,2679.0
2026-02-04 12:13:00-06:00,6871.25,6876.75,6870.25,6874.75,3132.0
2026-02-04 12:14:00-06:00,6874.5,6877.0,6873.5,6873.75,2045.0
2026-02-04 12:15:00-06:00,6873.75,6876.75,6872.25,6873.0,2706.0
2026-02-04 12:16:00-06:00,6873.0,6873.0,6870.0,6870.5,2044.0
2026-02-04 12:17:00-06:00,6870.25,6873.5,6870.25,6871.25,1665.0
2026-02-04 12:18:00-06:00,6871.5,6874.25,6870.25,6870.25,2040.0
2026-02-04 12:19:00-06:00,6870.0,6871.5,6868.75,6870.0,1868.0
2026-02-04 12:20:00-06:00,6870.25,6872.5,6869.75,6871.0,1786.0
2026-02-04 12:21:00-06:00,6870.75,6873.5,6868.75,6873.5,1785.0
2026-02-04 12:22:00-06:00,6873.5,6877.75,6872.0,6876.5,3019.0
2026-02-04 12:23:00-06:00,6876.75,6879.25,6875.75,6879.0,2720.0
2026-02-04 12:24:00-06:00,6878.75,6880.75,6877.5,6880.75,2353.0
2026-02-04 12:25:00-06:00,6880.75,6888.0,6880.75,6887.5,4044.0
2026-02-04 12:26:00-06:00,6887.75,6891.5,6886.25,6890.75,4025.0
2026-02-04 12:27:00-06:00,6890.75,6894.5,6890.25,6891.5,4304.0
2026-02-04 12:28:00-06:00,6891.25,6893.5,6890.75,6892.75,2731.0
2026-02-04 12:29:00-06:00,6892.75,6895.5,6891.75,6893.5,2421.0
2026-02-04 12:30:00-06:00,6893.5,6894.0,6883.25,6886.0,6460.0
2026-02-04 12:31:00-06:00,6886.0,6890.0,6884.75,6887.5,2627.0
2026-02-04 12:32:00-06:00,6887.25,6888.25,6878.25,6878.25,4078.0
2026-02-04 12:33:00-06:00,6878.5,6880.0,6876.25,6878.0,2378.0
2026-02-04 12:34:00-06:00,6878.25,6881.25,6876.25,6880.75,2467.0
2026-02-04 12:35:00-06:00,6881.0,6887.25,6880.75,6881.75,3280.0
2026-02-04 12:36:00-06:00,6882.0,6883.5,6879.5,6883.25,1783.0
2026-02-04 12:37:00-06:00,6883.25,6884.75,6881.75,6883.75,1259.0
2026-02-04 12:38:00-06:00,6883.75,6885.25,6881.25,6882.75,1456.0
2026-02-04 12:39:00-06:00,6883.0,6885.75,6879.75,6885.5,1958.0
2026-02-04 12:40:00-06:00,6885.25,6888.0,6883.0,6885.5,2511.0
2026-02-04 12:41:00-06:00,6886.0,6887.75,6884.25,6886.75,1498.0
2026-02-04 12:42:00-06:00,6886.75,6896.0,6886.25,6894.5,4401.0
2026-02-04 12:43:00-06:00,6894.5,6894.75,6888.75,6890.0,3573.0
2026-02-04 12:44:00-06:00,6889.75,6890.5,6885.75,6886.0,1908.0
2026-02-04 12:45:00-06:00,6886.0,6886.25,6882.5,6882.75,2570.0
2026-02-04 12:46:00-06:00,6883.0,6887.5,6882.25,6886.5,1880.0
2026-02-04 12:47:00-06:00,6886.5,6888.0,6884.0,6884.0,1960.0
2026-02-04 12:48:00-06:00,6884.25,6886.5,6882.75,6886.25,1692.0
2026-02-04 12:49:00-06:00,6886.5,6889.75,6883.25,6883.25,2129.0
2026-02-04 12:50:00-06:00,6883.25,6883.5,6877.0,6877.5,3450.0
2026-02-04 12:51:00-06:00,6877.25,6879.75,6876.75,6878.5,1745.0
2026-02-04 12:52:00-06:00,6878.25,6884.25,6877.5,6883.75,2231.0
2026-02-04 12:53:00-06:00,6883.75,6887.5,6882.5,6887.5,3084.0
2026-02-04 12:54:00-06:00,6887.25,6891.25,6886.75,6889.75,3367.0
2026-02-04 12:55:00-06:00,6890.0,6894.25,6889.75,6892.5,2701.0
2026-02-04 12:56:00-06:00,6893.0,6897.5,6892.75,6896.5,2874.0
2026-02-04 12:57:00-06:00,6896.5,6900.25,6895.75,6900.0,3112.0
2026-02-04 12:58:00-06:00,6900.0,6900.5,6896.25,6897.5,3670.0
2026-02-04 12:59:00-06:00,6897.75,6897.75,6889.25,6891.75,4397.0
2026-02-04 13:00:00-06:00,6891.75,6893.5,6887.75,6888.5,3996.0
2026-02-04 13:01:00-06:00,6888.5,6891.75,6887.25,6887.75,2275.0
2026-02-04 13:02:00-06:00,6887.75,6894.0,6887.75,6893.25,2004.0
2026-02-04 13:03:00-06:00,6893.25,6894.25,6891.25,6892.0,1593.0
2026-02-04 13:04:00-06:00,6892.5,6893.25,6885.25,6886.0,5505.0
2026-02-04 13:05:00-06:00,6886.0,6886.0,6879.25,6882.5,5969.0
2026-02-04 13:06:00-06:00,6882.75,6884.5,6880.5,6882.25,2929.0
2026-02-04 13:07:00-06:00,6881.75,6882.75,6878.75,6880.25,2334.0
2026-02-04 13:08:00-06:00,6880.25,6885.75,6879.5,6885.75,2751.0
2026-02-04 13:09:00-06:00,6886.0,6890.25,6885.0,6888.5,2716.0
2026-02-04 13:10:00-06:00,6888.5,6890.75,6886.5,6888.0,1832.0
2026-02-04 13:11:00-06:00,6887.75,6890.5,6886.25,6889.5,1397.0
2026-02-04 13:12:00-06:00,6889.5,6891.25,6888.25,6889.5,1474.0
2026-02-04 13:13:00-06:00,6889.5,6891.75,6888.5,6890.25,1683.0
2026-02-04 13:14:00-06:00,6890.0,6891.0,6886.75,6888.0,1600.0
2026-02-04 13:15:00-06:00,6887.75,6891.5,6887.5,6889.25,1793.0
2026-02-04 13:16:00-06:00,6889.0,6890.5,6887.25,6888.25,2070.0
2026-02-04 13:17:00-06:00,6888.25,6890.25,6887.75,6889.25,1295.0
2026-02-04 13:18:00-06:00,6889.0,6896.0,6889.0,6896.0,2145.0
2026-02-04 13:19:00-06:00,6896.0,6898.5,6892.5,6893.0,2787.0
2026-02-04 13:20:00-06:00,6893.0,6897.0,6892.5,6895.25,2198.0
2026-02-04 13:21:00-06:00,6895.25,6895.5,6887.75,6888.0,2238.0
2026-02-04 13:22:00-06:00,6887.75,6890.0,6886.5,6889.5,2609.0
2026-02-04 13:23:00-06:00,6889.25,6891.5,6887.25,6888.0,2047.0
2026-02-04 13:24:00-06:00,6888.25,6894.75,6888.0,6892.5,1877.0
2026-02-04 13:25:00-06:00,6892.25,6895.75,6892.0,6893.75,1748.0
2026-02-04 13:26:00-06:00,6893.75,6895.0,6889.75,6894.25,2141.0
2026-02-04 13:27:00-06:00,6894.25,6896.25,6892.75,6896.0,2197.0
2026-02-04 13:28:00-06:00,6896.25,6897.0,6893.75,6896.75,1748.0
2026-02-04 13:29:00-06:00,6896.75,6899.25,6896.25,6898.5,2628.0
2026-02-04 13:30:00-06:00,6898.5,6905.5,6898.0,6902.5,5901.0
2026-02-04 13:31:00-06:00,6902.5,6906.25,6902.5,6905.25,2999.0
2026-02-04 13:32:00-06:00,6905.5,6907.25,6903.75,6906.25,2602.0
2026-02-04 13:33:00-06:00,6906.5,6907.5,6904.25,6907.25,2208.0
2026-02-04 13:34:00-06:00,6907.5,6909.0,6906.75,6907.25,2514.0
2026-02-04 13:35:00-06:00,6907.5,6910.0,6903.5,6905.0,3630.0
2026-02-04 13:36:00-06:00,6905.0,6906.5,6903.25,6904.5,1820.0
2026-02-04 13:37:00-06:00,6904.5,6907.75,6903.25,6907.25,2125.0
2026-02-04 13:38:00-06:00,6907.25,6908.25,6904.5,6905.75,1848.0
2026-02-04 13:39:00-06:00,6905.75,6907.25,6905.5,6905.5,1077.0
2026-02-04 13:40:00-06:00,6905.75,6909.25,6905.0,6908.75,1807.0
2026-02-04 13:41:00-06:00,6908.75,6911.5,6908.25,6911.0,3224.0
2026-02-04 13:42:00-06:00,6910.75,6914.0,6910.5,6912.0,2363.0
2026-02-04 13:43:00-06:00,6912.0,6915.25,6911.75,6914.75,2505.0
2026-02-04 13:44:00-06:00,6915.0,6915.0,6909.5,6911.25,2461.0
2026-02-04 13:45:00-06:00,6911.0,6912.25,6908.5,6911.25,2276.0
2026-02-04 13:46:00-06:00,6911.25,6921.5,6910.75,6919.25,5421.0
2026-02-04 13:47:00-06:00,6919.5,6919.5,6915.0,6915.5,3753.0
2026-02-04 13:48:00-06:00,6915.5,6929.0,6914.25,6925.5,15878.0
2026-02-04 13:49:00-06:00,6925.75,6926.25,6917.25,6918.25,7993.0
2026-02-04 13:50:00-06:00,6918.0,6920.25,6915.75,6917.25,3553.0
2026-02-04 13:51:00-06:00,6917.75,6923.75,6917.0,6921.0,4851.0
2026-02-04 13:52:00-06:00,6921.25,6927.5,6920.5,6927.0,3177.0
2026-02-04 13:53:00-06:00,6927.0,6930.25,6926.75,6928.75,4094.0
2026-02-04 13:54:00-06:00,6928.75,6928.75,6922.25,6922.25,3557.0
2026-02-04 13:55:00-06:00,6922.5,6924.25,6920.5,6924.0,3557.0
2026-02-04 13:56:00-06:00,6924.25,6926.0,6922.75,6925.5,2344.0
2026-02-04 13:57:00-06:00,6925.5,6928.5,6925.25,6927.5,1901.0
2026-02-04 13:58:00-06:00,6927.75,6928.5,6926.0,6926.75,1924.0
2026-02-04 13:59:00-06:00,6927.0,6928.5,6924.75,6928.25,2777.0
2026-02-04 14:00:00-06:00,6928.0,6930.25,6923.25,6923.25,4358.0
2026-02-04 14:01:00-06:00,6923.5,6924.25,6920.25,6920.75,3072.0
2026-02-04 14:02:00-06:00,6920.75,6922.75,6919.25,6920.0,2027.0
2026-02-04 14:03:00-06:00,6920.25,6925.0,6920.25,6924.75,1925.0
2026-02-04 14:04:00-06:00,6925.0,6925.75,6922.25,6923.5,1575.0
2026-02-04 14:05:00-06:00,6923.25,6925.5,6922.5,6923.25,1654.0
2026-02-04 14:06:00-06:00,6923.25,6925.5,6922.75,6924.5,1283.0
2026-02-04 14:07:00-06:00,6924.5,6925.0,6922.25,6922.75,1035.0
2026-02-04 14:08:00-06:00,6923.0,6925.0,6922.25,6923.25,1679.0
2026-02-04 14:09:00-06:00,6923.5,6926.0,6923.25,6924.75,1218.0
2026-02-04 14:10:00-06:00,6925.0,6926.5,6922.25,6922.5,1749.0
2026-02-04 14:11:00-06:00,6922.5,6922.5,6916.25,6916.5,3118.0
2026-02-04 14:12:00-06:00,6916.5,6917.0,6913.5,6915.0,3399.0
2026-02-04 14:13:00-06:00,6915.5,6917.25,6912.75,6917.0,2709.0
2026-02-04 14:14:00-06:00,6917.25,6920.75,6917.0,6920.25,2423.0
2026-02-04 14:15:00-06:00,6920.5,6922.5,6919.0,6922.0,2270.0
2026-02-04 14:16:00-06:00,6922.5,6922.5,6916.25,6917.5,2221.0
2026-02-04 14:17:00-06:00,6917.75,6920.0,6917.25,6919.75,1428.0
2026-02-04 14:18:00-06:00,6920.0,6921.0,6917.5,6917.75,1502.0
2026-02-04 14:19:00-06:00,6918.0,6920.75,6917.75,6919.5,1193.0
2026-02-04 14:20:00-06:00,6919.5,6920.25,6916.5,6917.0,2067.0
2026-02-04 14:21:00-06:00,6917.25,6922.0,6916.25,6919.75,2405.0
2026-02-04 14:22:00-06:00,6919.75,6922.5,6919.25,6920.75,1773.0
2026-02-04 14:23:00-06:00,6921.0,6924.0,6920.5,6923.75,1591.0
2026-02-04 14:24:00-06:00,6924.0,6925.0,6922.5,6923.25,1865.0
2026-02-04 14:25:00-06:00,6923.5,6923.75,6919.5,6922.75,1630.0
2026-02-04 14:26:00-06:00,6922.75,6924.5,6921.75,6923.75,1987.0
2026-02-04 14:27:00-06:00,6923.75,6927.0,6923.75,6924.75,2170.0
2026-02-04 14:28:00-06:00,6924.75,6925.5,6923.25,6924.5,1493.0
2026-02-04 14:29:00-06:00,6924.25,6925.0,6919.75,6920.75,1613.0
2026-02-04 14:30:00-06:00,6920.75,6922.5,6919.75,6920.5,2179.0
2026-02-04 14:31:00-06:00,6920.25,6922.75,6918.75,6919.0,1818.0
2026-02-04 14:32:00-06:00,6919.25,6920.5,6918.25,6920.25,2039.0
2026-02-04 14:33:00-06:00,6920.25,6924.75,6920.25,6923.75,1820.0
2026-02-04 14:34:00-06:00,6924.0,6926.25,6923.0,6924.25,1463.0
2026-02-04 14:35:00-06:00,6924.0,6924.75,6921.75,6922.25,1349.0
2026-02-04 14:36:00-06:00,6922.25,6926.0,6921.25,6925.0,1921.0
2026-02-04 14:37:00-06:00,6925.25,6927.25,6924.5,6927.25,1813.0
2026-02-04 14:38:00-06:00,6927.25,6928.25,6925.5,6927.75,1354.0
2026-02-04 14:39:00-06:00,6927.5,6927.75,6925.0,6927.25,639.0
2026-02-04 14:40:00-06:00,6927.5,6928.5,6926.5,6928.0,638.0
2026-02-04 14:41:00-06:00,6928.0,6928.25,6925.0,6925.5,721.0
2026-02-04 14:42:00-06:00,6925.75,6927.0,6924.25,6926.25,635.0
2026-02-04 14:43:00-06:00,6926.25,6928.75,6925.25,6925.5,867.0
2026-02-04 14:44:00-06:00,6925.5,6925.5,6922.75,6923.25,812.0
2026-02-04 14:45:00-06:00,6923.5,6924.5,6922.25,6922.75,805.0
2026-02-04 14:46:00-06:00,6922.75,6924.0,6920.25,6924.0,961.0
2026-02-04 14:47:00-06:00,6924.0,6928.5,6923.75,6926.75,1430.0
2026-02-04 14:48:00-06:00,6926.75,6927.5,6924.75,6926.75,645.0
2026-02-04 14:49:00-06:00,6927.0,6928.5,6925.5,6928.25,619.0
2026-02-04 14:50:00-06:00,6928.25,6933.25,6920.0,6920.5,3855.0
2026-02-04 14:51:00-06:00,6920.5,6921.0,6916.5,6917.75,1968.0
2026-02-04 14:52:00-06:00,6917.75,6918.0,6915.25,6917.25,1192.0
2026-02-04 14:53:00-06:00,6917.75,6919.0,6914.25,6915.0,1311.0
2026-02-04 14:54:00-06:00,6915.25,6916.25,6909.0,6910.5,2441.0
2026-02-04 14:55:00-06:00,6910.25,6911.0,6906.25,6906.25,1976.0
2026-02-04 14:56:00-06:00,6906.25,6906.5,6901.75,6904.75,2383.0
2026-02-04 14:57:00-06:00,6904.75,6907.25,6904.0,6906.25,1691.0
2026-02-04 14:58:00-06:00,6906.25,6908.5,6905.0,6908.25,1375.0
2026-02-04 14:59:00-06:00,6908.25,6909.75,6903.75,6906.25,4189.0
2026-02-04 15:00:00-06:00,6906.75,6916.0,6905.0,6911.5,4265.0
2026-02-04 15:01:00-06:00,6911.75,6915.25,6910.25,6915.25,1053.0
2026-02-04 15:02:00-06:00,6915.25,6922.0,6893.25,6902.0,3076.0
2026-02-04 15:03:00-06:00,6901.5,6904.0,6890.75,6893.5,1570.0
2026-02-04 15:04:00-06:00,6893.0,6905.75,6891.75,6898.5,1528.0
2026-02-04 15:05:00-06:00,6898.25,6909.25,6897.75,6908.75,1141.0
2026-02-04 15:06:00-06:00,6909.0,6915.0,6907.0,6907.5,1343.0
2026-02-04 15:07:00-06:00,6907.5,6909.75,6901.75,6907.0,869.0
2026-02-04 15:08:00-06:00,6906.75,6915.5,6902.5,6914.75,1092.0
2026-02-04 15:09:00-06:00,6914.75,6918.0,6910.5,6914.25,952.0
2026-02-04 15:10:00-06:00,6914.25,6920.0,6910.25,6915.5,1035.0
2026-02-04 15:11:00-06:00,6915.5,6919.25,6914.5,6916.25,500.0
2026-02-04 15:12:00-06:00,6915.75,6918.5,6913.0,6917.5,688.0
2026-02-04 15:13:00-06:00,6917.25,6925.25,6915.75,6922.75,1039.0
2026-02-04 15:14:00-06:00,6922.5,6925.5,6922.0,6923.25,776.0
2026-02-04 15:15:00-06:00,6923.0,6924.25,6919.25,6919.25,584.0
2026-02-04 15:16:00-06:00,6919.0,6919.5,6911.75,6914.25,1003.0
2026-02-04 15:17:00-06:00,6914.0,6921.25,6914.0,6920.25,500.0
2026-02-04 15:18:00-06:00,6920.25,6922.5,6919.25,6920.25,243.0
2026-02-04 15:19:00-06:00,6920.0,6921.75,6919.0,6920.0,222.0
2026-02-04 15:20:00-06:00,6920.0,6920.25,6915.0,6915.75,342.0
2026-02-04 15:21:00-06:00,6915.5,6916.5,6913.25,6916.0,289.0
2026-02-04 15:22:00-06:00,6916.25,6918.5,6915.25,6916.75,234.0
2026-02-04 15:23:00-06:00,6916.25,6916.25,6914.75,6916.0,138.0
2026-02-04 15:24:00-06:00,6915.75,6919.5,6915.75,6919.0,294.0
2026-02-04 15:25:00-06:00,6918.75,6919.75,6917.25,6917.5,111.0
2026-02-04 15:26:00-06:00,6917.25,6918.5,6915.0,6918.5,125.0
2026-02-04 15:27:00-06:00,6919.0,6921.0,6918.25,6920.5,223.0
2026-02-04 15:28:00-06:00,6920.5,6923.25,6920.5,6921.0,260.0
2026-02-04 15:29:00-06:00,6920.75,6922.5,6920.25,6920.25,210.0
2026-02-04 15:30:00-06:00,6920.25,6923.75,6919.75,6923.75,321.0
2026-02-04 15:31:00-06:00,6923.75,6929.0,6923.25,6928.75,678.0
2026-02-04 15:32:00-06:00,6928.5,6932.5,6927.5,6932.5,957.0
2026-02-04 15:33:00-06:00,6932.25,6938.75,6931.0,6937.75,1266.0
2026-02-04 15:34:00-06:00,6937.75,6940.5,6937.0,6939.75,1231.0
2026-02-04 15:35:00-06:00,6939.5,6941.25,6938.75,6938.75,638.0
2026-02-04 15:36:00-06:00,6939.0,6939.5,6935.0,6935.25,660.0
2026-02-04 15:37:00-06:00,6935.25,6937.5,6934.5,6935.25,480.0
2026-02-04 15:38:00-06:00,6935.0,6940.25,6935.0,6940.0,492.0
2026-02-04 15:39:00-06:00,6939.75,6939.75,6935.25,6937.0,421.0
2026-02-04 15:40:00-06:00,6937.0,6939.0,6935.0,6936.75,287.0
2026-02-04 15:41:00-06:00,6937.0,6937.75,6936.0,6936.0,314.0
2026-02-04 15:42:00-06:00,6935.75,6936.25,6932.25,6933.75,667.0
2026-02-04 15:43:00-06:00,6933.5,6934.0,6931.75,6932.75,585.0
2026-02-04 15:44:00-06:00,6932.75,6936.25,6932.5,6935.75,588.0
2026-02-04 15:45:00-06:00,6935.75,6936.25,6933.25,6934.25,341.0
2026-02-04 15:46:00-06:00,6934.25,6937.75,6933.25,6937.25,618.0
2026-02-04 15:47:00-06:00,6937.25,6938.0,6933.5,6938.0,353.0
2026-02-04 15:48:00-06:00,6938.0,6939.25,6935.75,6936.0,453.0
2026-02-04 15:49:00-06:00,6936.0,6937.0,6934.5,6935.5,210.0
2026-02-04 15:50:00-06:00,6935.5,6935.5,6932.5,6933.25,237.0
2026-02-04 15:51:00-06:00,6933.0,6935.75,6932.0,6935.5,317.0
2026-02-04 15:52:00-06:00,6935.5,6937.25,6935.0,6937.25,220.0
2026-02-04 15:53:00-06:00,6936.75,6936.75,6933.25,6934.75,117.0
2026-02-04 15:54:00-06:00,6935.0,6937.25,6934.75,6935.5,156.0
2026-02-04 15:55:00-06:00,6935.5,6935.5,6932.75,6934.0,289.0
2026-02-04 15:56:00-06:00,6933.75,6934.25,6930.25,6930.75,279.0
2026-02-04 15:57:00-06:00,6930.75,6931.0,6928.5,6929.0,296.0
2026-02-04 15:58:00-06:00,6929.0,6931.25,6928.75,6930.25,134.0
2026-02-04 15:59:00-06:00,6930.25,6932.0,6928.5,6928.75,306.0
2026-02-05 08:30:00-06:00,6853.5,6853.5,6840.0,6844.0,12325.0
2026-02-05 08:31:00-06:00,6844.0,6849.0,6836.75,6837.5,6984.0
2026-02-05 08:32:00-06:00,6837.75,6847.5,6831.25,6840.75,9564.0
2026-02-05 08:33:00-06:00,6840.75,6848.5,6837.75,6841.5,6043.0
2026-02-05 08:34:00-06:00,6841.75,6853.0,6839.25,6852.25,6574.0
2026-02-05 08:35:00-06:00,6852.5,6858.5,6851.0,6852.75,7216.0
2026-02-05 08:36:00-06:00,6853.0,6854.75,6847.0,6847.5,5138.0
2026-02-05 08:37:00-06:00,6847.25,6862.75,6844.5,6862.0,7413.0
2026-02-05 08:38:00-06:00,6861.75,6868.75,6861.0,6867.0,6927.0
2026-02-05 08:39:00-06:00,6867.0,6871.25,6865.25,6869.0,5473.0
2026-02-05 08:40:00-06:00,6869.25,6870.0,6862.5,6868.5,8469.0
2026-02-05 08:41:00-06:00,6868.75,6871.0,6858.75,6859.5,7466.0
2026-02-05 08:42:00-06:00,6859.5,6869.5,6856.75,6865.0,7108.0
2026-02-05 08:43:00-06:00,6865.0,6875.0,6863.75,6873.0,7327.0
2026-02-05 08:44:00-06:00,6873.0,6878.0,6871.5,6873.75,6168.0
2026-02-05 08:45:00-06:00,6873.75,6876.25,6868.5,6874.0,5954.0
2026-02-05 08:46:00-06:00,6874.0,6876.75,6867.75,6873.5,5605.0
2026-02-05 08:47:00-06:00,6873.25,6876.75,6868.5,6869.0,3759.0
2026-02-05 08:48:00-06:00,6869.0,6874.75,6865.5,6865.75,4268.0
2026-02-05 08:49:00-06:00,6865.75,6874.75,6865.25,6873.75,4540.0
2026-02-05 08:50:00-06:00,6873.5,6881.5,6870.25,6874.75,7683.0
2026-02-05 08:51:00-06:00,6875.0,6877.25,6863.75,6865.75,5411.0
2026-02-05 08:52:00-06:00,6865.75,6871.25,6862.5,6865.75,4121.0
2026-02-05 08:53:00-06:00,6865.75,6873.5,6862.75,6863.0,3744.0
2026-02-05 08:54:00-06:00,6863.25,6869.25,6858.25,6862.5,4701.0
2026-02-05 08:55:00-06:00,6862.5,6866.0,6855.25,6857.75,6352.0
2026-02-05 08:56:00-06:00,6857.75,6857.75,6852.5,6853.0,5713.0
2026-02-05 08:57:00-06:00,6853.25,6857.75,6850.25,6853.25,5142.0
2026-02-05 08:58:00-06:00,6853.5,6855.25,6849.0,6850.0,5020.0
2026-02-05 08:59:00-06:00,6850.0,6852.25,6846.75,6850.0,3766.0
2026-02-05 09:00:00-06:00,6850.0,6858.0,6840.25,6840.75,9705.0
2026-02-05 09:01:00-06:00,6840.75,6842.0,6835.25,6836.5,4708.0
2026-02-05 09:02:00-06:00,6836.5,6843.5,6833.25,6838.5,6178.0
2026-02-05 09:03:00-06:00,6838.25,6840.25,6833.75,6836.0,3683.0
2026-02-05 09:04:00-06:00,6835.75,6841.5,6833.25,6837.5,3460.0
2026-02-05 09:05:00-06:00,6837.75,6839.25,6830.0,6832.5,5289.0
2026-02-05 09:06:00-06:00,6832.5,6837.0,6828.75,6829.5,4570.0
2026-02-05 09:07:00-06:00,6829.75,6832.25,6828.25,6829.25,3612.0
2026-02-05 09:08:00-06:00,6829.25,6831.5,6827.0,6828.25,3347.0
2026-02-05 09:09:00-06:00,6828.0,6836.5,6827.75,6832.5,4071.0
2026-02-05 09:10:00-06:00,6832.5,6836.0,6824.0,6825.5,6983.0
2026-02-05 09:11:00-06:00,6825.25,6826.25,6821.0,6822.0,5248.0
2026-02-05 09:12:00-06:00,6822.0,6823.5,6817.25,6817.75,5335.0
2026-02-05 09:13:00-06:00,6817.5,6818.75,6815.75,6817.25,4248.0
2026-02-05 09:14:00-06:00,6817.25,6818.25,6811.5,6812.0,5896.0
2026-02-05 09:15:00-06:00,6812.0,6816.5,6810.5,6815.5,6087.0
2026-02-05 09:16:00-06:00,6815.5,6827.25,6814.75,6822.25,9366.0
2026-02-05 09:17:00-06:00,6822.25,6829.5,6820.0,6823.75,5004.0
2026-02-05 09:18:00-06:00,6823.75,6828.25,6822.0,6822.5,3933.0
2026-02-05 09:19:00-06:00,6822.5,6826.5,6820.25,6825.25,3200.0
2026-02-05 09:20:00-06:00,6824.75,6825.25,6818.75,6818.75,3836.0
2026-02-05 09:21:00-06:00,6818.75,6822.5,6815.25,6819.0,4857.0
2026-02-05 09:22:00-06:00,6818.75,6827.5,6815.5,6815.75,5329.0
2026-02-05 09:23:00-06:00,6815.75,6819.0,6812.75,6813.75,4066.0
2026-02-05 09:24:00-06:00,6813.75,6818.0,6812.25,6816.0,3270.0
2026-02-05 09:25:00-06:00,6816.0,6826.0,6815.25,6816.5,5265.0
2026-02-05 09:26:00-06:00,6816.75,6817.0,6808.5,6808.5,5279.0
2026-02-05 09:27:00-06:00,6808.5,6810.75,6805.0,6807.5,4952.0
2026-02-05 09:28:00-06:00,6807.5,6817.5,6807.5,6810.75,5296.0
2026-02-05 09:29:00-06:00,6810.5,6811.75,6807.25,6810.0,2532.0
2026-02-05 09:30:00-06:00,6810.0,6818.25,6809.0,6814.5,4832.0
2026-02-05 09:31:00-06:00,6814.25,6816.25,6807.75,6807.75,3189.0
2026-02-05 09:32:00-06:00,6807.75,6809.25,6804.25,6805.5,3284.0
2026-02-05 09:33:00-06:00,6805.25,6809.5,6804.5,6807.5,3164.0
2026-02-05 09:34:00-06:00,6807.25,6810.25,6802.75,6804.5,3475.0
2026-02-05 09:35:00-06:00,6804.75,6809.75,6804.0,6805.5,2888.0
2026-02-05 09:36:00-06:00,6805.25,6808.0,6803.5,6807.75,2046.0
2026-02-05 09:37:00-06:00,6807.75,6812.75,6806.25,6811.5,4167.0
2026-02-05 09:38:00-06:00,6811.25,6817.75,6809.75,6816.5,4025.0
2026-02-05 09:39:00-06:00,6816.25,6823.25,6816.0,6821.25,4732.0
2026-02-05 09:40:00-06:00,6821.25,6822.25,6814.25,6819.75,4679.0
2026-02-05 09:41:00-06:00,6819.5,6822.25,6816.75,6821.0,2760.0
2026-02-05 09:42:00-06:00,6821.25,6828.75,6820.5,6825.75,5456.0
2026-02-05 09:43:00-06:00,6825.5,6828.0,6819.75,6820.5,3003.0
2026-02-05 09:44:00-06:00,6820.75,6827.25,6820.5,6822.75,2281.0
2026-02-05 09:45:00-06:00,6822.5,6826.25,6812.25,6812.5,4439.0
2026-02-05 09:46:00-06:00,6812.25,6814.75,6807.5,6809.75,4249.0
2026-02-05 09:47:00-06:00,6809.75,6812.0,6806.75,6807.0,2393.0
2026-02-05 09:48:00-06:00,6807.0,6808.5,6805.5,6806.0,2081.0
2026-02-05 09:49:00-06:00,6805.75,6808.0,6804.75,6807.75,1793.0
2026-02-05 09:50:00-06:00,6807.5,6816.5,6807.25,6813.5,4826.0
2026-02-05 09:51:00-06:00,6813.0,6819.75,6812.0,6816.5,2842.0
2026-02-05 09:52:00-06:00,6816.5,6817.0,6809.75,6810.75,3108.0
2026-02-05 09:53:00-06:00,6810.75,6821.75,6810.0,6814.25,3790.0
2026-02-05 09:54:00-06:00,6814.5,6819.0,6810.75,6811.0,2426.0
2026-02-05 09:55:00-06:00,6811.0,6814.25,6810.25,6813.0,1617.0
2026-02-05 09:56:00-06:00,6813.0,6817.25,6810.75,6811.5,2398.0
2026-02-05 09:57:00-06:00,6811.5,6811.5,6804.75,6805.75,2489.0
2026-02-05 09:58:00-06:00,6805.5,6816.0,6804.0,6810.5,3561.0
2026-02-05 09:59:00-06:00,6810.75,6817.25,6809.25,6817.0,2042.0
2026-02-05 10:00:00-06:00,6817.25,6819.5,6814.0,6818.75,3821.0
2026-02-05 10:01:00-06:00,6818.5,6820.25,6816.25,6817.75,2153.0
2026-02-05 10:02:00-06:00,6817.75,6819.5,6813.0,6816.25,2449.0
2026-02-05 10:03:00-06:00,6816.25,6816.75,6810.25,6811.0,2568.0
2026-02-05 10:04:00-06:00,6811.25,6814.0,6808.5,6808.75,2778.0
2026-02-05 10:05:00-06:00,6808.75,6811.0,6808.25,6808.25,1470.0
2026-02-05 10:06:00-06:00,6808.0,6812.0,6806.25,6807.5,2353.0
2026-02-05 10:07:00-06:00,6807.75,6810.5,6805.25,6805.5,1781.0
2026-02-05 10:08:00-06:00,6805.5,6807.5,6803.5,6803.75,1969.0
2026-02-05 10:09:00-06:00,6804.25,6808.0,6801.75,6803.5,2694.0
2026-02-05 10:10:00-06:00,6803.25,6814.5,6802.75,6808.0,4618.0
2026-02-05 10:11:00-06:00,6808.0,6809.75,6805.0,6805.5,1960.0
2026-02-05 10:12:00-06:00,6805.5,6808.0,6805.0,6808.0,1367.0
2026-02-05 10:13:00-06:00,6807.25,6807.75,6803.0,6805.25,1854.0
2026-02-05 10:14:00-06:00,6805.25,6806.5,6801.25,6802.25,2120.0
2026-02-05 10:15:00-06:00,6802.5,6817.25,6802.0,6816.0,4682.0
2026-02-05 10:16:00-06:00,6816.0,6821.25,6814.5,6821.0,3440.0
2026-02-05 10:17:00-06:00,6821.0,6824.0,6819.0,6822.0,3470.0
2026-02-05 10:18:00-06:00,6822.25,6827.0,6820.75,6823.5,2873.0
2026-02-05 10:19:00-06:00,6823.75,6827.25,6823.5,6825.25,2759.0
2026-02-05 10:20:00-06:00,6825.0,6831.5,6824.0,6825.25,5191.0
2026-02-05 10:21:00-06:00,6825.5,6829.0,6824.5,6828.0,2749.0
2026-02-05 10:22:00-06:00,6827.75,6836.25,6827.75,6833.75,5524.0
2026-02-05 10:23:00-06:00,6833.75,6836.5,6825.25,6826.0,3914.0
2026-02-05 10:24:00-06:00,6825.75,6835.0,6825.25,6834.75,2866.0
2026-02-05 10:25:00-06:00,6835.0,6838.0,6831.0,6831.25,4715.0
2026-02-05 10:26:00-06:00,6831.5,6835.0,6831.0,6833.25,2794.0
2026-02-05 10:27:00-06:00,6833.5,6839.5,6833.0,6836.5,3424.0
2026-02-05 10:28:00-06:00,6837.0,6840.75,6837.0,6840.0,3502.0
2026-02-05 10:29:00-06:00,6840.0,6842.0,6837.75,6840.5,2789.0
2026-02-05 10:30:00-06:00,6840.75,6845.75,6840.75,6842.0,5008.0
2026-02-05 10:31:00-06:00,6842.25,6843.5,6838.5,6840.5,3096.0
2026-02-05 10:32:00-06:00,6840.75,6845.0,6838.5,6838.75,3325.0
2026-02-05 10:33:00-06:00,6839.0,6847.25,6838.25,6846.5,3133.0
2026-02-05 10:34:00-06:00,6846.25,6849.0,6844.75,6847.5,3466.0
2026-02-05 10:35:00-06:00,6847.5,6847.75,6844.0,6846.5,2090.0
2026-02-05 10:36:00-06:00,6846.75,6851.25,6843.75,6843.75,3612.0
2026-02-05 10:37:00-06:00,6843.75,6848.0,6843.75,6845.5,1972.0
2026-02-05 10:38:00-06:00,6845.5,6849.75,6843.0,6848.75,2489.0
2026-02-05 10:39:00-06:00,6848.5,6849.75,6843.75,6844.5,1892.0
2026-02-05 10:40:00-06:00,6844.75,6850.25,6842.5,6843.5,2686.0
2026-02-05 10:41:00-06:00,6843.5,6844.5,6839.75,6842.5,2924.0
2026-02-05 10:42:00-06:00,6842.5,6847.75,6842.25,6845.75,2402.0
2026-02-05 10:43:00-06:00,6845.75,6849.5,6842.5,6842.75,2582.0
2026-02-05 10:44:00-06:00,6842.75,6846.5,6841.5,6843.25,2007.0
2026-02-05 10:45:00-06:00,6843.5,6844.0,6838.25,6838.25,2259.0
2026-02-05 10:46:00-06:00,6838.5,6839.0,6834.5,6836.75,3427.0
2026-02-05 10:47:00-06:00,6837.0,6837.5,6833.25,6834.0,2267.0
2026-02-05 10:48:00-06:00,6834.0,6837.5,6834.0,6835.75,1942.0
2026-02-05 10:49:00-06:00,6835.5,6844.5,6834.25,6844.0,3473.0
2026-02-05 10:50:00-06:00,6844.25,6850.0,6844.0,6848.25,3835.0
2026-02-05 10:51:00-06:00,6848.0,6854.25,6846.75,6849.0,4885.0
2026-02-05 10:52:00-06:00,6849.0,6854.0,6848.5,6852.5,2725.0
2026-02-05 10:53:00-06:00,6852.75,6853.5,6850.25,6852.0,1705.0
2026-02-05 10:54:00-06:00,6852.25,6856.25,6851.25,6854.0,3309.0
2026-02-05 10:55:00-06:00,6854.25,6859.25,6854.0,6856.75,3266.0
2026-02-05 10:56:00-06:00,6856.5,6857.25,6847.5,6852.5,4080.0
2026-02-05 10:57:00-06:00,6852.5,6855.0,6851.25,6853.0,1775.0
2026-02-05 10:58:00-06:00,6853.25,6854.5,6850.5,6852.0,1449.0
2026-02-05 10:59:00-06:00,6852.0,6857.0,6849.75,6856.25,1854.0
2026-02-05 11:00:00-06:00,6856.0,6857.5,6848.0,6849.25,3033.0
2026-02-05 11:01:00-06:00,6849.25,6851.5,6847.5,6848.5,1782.0
2026-02-05 11:02:00-06:00,6848.5,6851.0,6847.75,6847.75,1351.0
2026-02-05 11:03:00-06:00,6848.0,6849.75,6843.5,6844.25,2138.0
2026-02-05 11:04:00-06:00,6844.25,6844.25,6839.25,6843.5,3037.0
2026-02-05 11:05:00-06:00,6843.25,6846.25,6841.5,6845.5,1800.0
2026-02-05 11:06:00-06:00,6845.0,6849.0,6842.5,6843.0,2631.0
2026-02-05 11:07:00-06:00,6842.75,6847.5,6841.0,6846.25,1844.0
2026-02-05 11:08:00-06:00,6846.25,6847.0,6843.5,6843.75,1293.0
2026-02-05 11:09:00-06:00,6843.75,6844.75,6841.25,6843.0,1200.0
2026-02-05 11:10:00-06:00,6843.0,6844.5,6838.25,6838.5,2026.0
2026-02-05 11:11:00-06:00,6838.75,6846.0,6838.75,6839.25,2046.0
2026-02-05 11:12:00-06:00,6839.25,6839.5,6836.25,6837.75,1917.0
2026-02-05 11:13:00-06:00,6837.75,6843.25,6837.5,6840.5,1846.0
2026-02-05 11:14:00-06:00,6840.5,6846.5,6840.25,6844.0,1472.0
2026-02-05 11:15:00-06:00,6844.0,6845.0,6840.5,6842.5,1333.0
2026-02-05 11:16:00-06:00,6842.5,6845.75,6841.0,6843.25,1360.0
2026-02-05 11:17:00-06:00,6843.5,6844.5,6839.5,6842.0,977.0
2026-02-05 11:18:00-06:00,6842.25,6845.0,6840.5,6844.25,1029.0
2026-02-05 11:19:00-06:00,6844.75,6845.0,6840.0,6841.5,1096.0
2026-02-05 11:20:00-06:00,6841.0,6844.0,6834.5,6836.25,2290.0
2026-02-05 11:21:00-06:00,6836.0,6837.75,6833.5,6835.5,2002.0
2026-02-05 11:22:00-06:00,6835.75,6843.0,6835.75,6839.75,2204.0
2026-02-05 11:23:00-06:00,6839.75,6847.75,6839.25,6847.25,2310.0
2026-02-05 11:24:00-06:00,6847.5,6854.75,6846.25,6854.75,2984.0
2026-02-05 11:25:00-06:00,6855.0,6860.0,6854.75,6859.0,4179.0
2026-02-05 11:26:00-06:00,6859.5,6862.75,6859.5,6860.5,3036.0
2026-02-05 11:27:00-06:00,6860.5,6862.25,6858.0,6861.0,2218.0
2026-02-05 11:28:00-06:00,6861.25,6863.5,6858.75,6861.5,1923.0
2026-02-05 11:29:00-06:00,6861.5,6861.75,6857.25,6859.0,1703.0
2026-02-05 11:30:00-06:00,6859.25,6863.0,6858.75,6859.25,2554.0
2026-02-05 11:31:00-06:00,6859.0,6860.75,6852.25,6852.5,3322.0
2026-02-05 11:32:00-06:00,6852.25,6859.25,6852.25,6858.75,2119.0
2026-02-05 11:33:00-06:00,6858.5,6859.0,6851.75,6854.25,1755.0
2026-02-05 11:34:00-06:00,6854.5,6855.75,6851.75,6852.75,1414.0
2026-02-05 11:35:00-06:00,6852.5,6856.5,6851.0,6855.5,1801.0
2026-02-05 11:36:00-06:00,6855.5,6860.5,6855.0,6859.25,1980.0
2026-02-05 11:37:00-06:00,6859.25,6861.0,6855.0,6859.5,1595.0
2026-02-05 11:38:00-06:00,6859.25,6861.0,6856.5,6860.25,1137.0
2026-02-05 11:39:00-06:00,6860.0,6860.25,6857.25,6858.25,811.0
2026-02-05 11:40:00-06:00,6858.25,6866.75,6856.5,6865.25,3670.0
2026-02-05 11:41:00-06:00,6865.5,6866.75,6860.75,6863.25,2172.0
2026-02-05 11:42:00-06:00,6863.5,6864.0,6860.0,6861.25,1586.0
2026-02-05 11:43:00-06:00,6861.25,6863.75,6857.5,6861.25,1921.0
2026-02-05 11:44:00-06:00,6861.25,6861.25,6856.5,6861.25,1378.0
2026-02-05 11:45:00-06:00,6861.25,6867.5,6859.75,6867.25,1971.0
2026-02-05 11:46:00-06:00,6867.25,6870.0,6865.25,6869.75,2279.0
2026-02-05 11:47:00-06:00,6869.75,6870.25,6861.5,6863.25,2652.0
2026-02-05 11:48:00-06:00,6863.75,6864.25,6854.25,6854.5,2511.0
2026-02-05 11:49:00-06:00,6854.5,6857.5,6853.0,6854.75,2197.0
2026-02-05 11:50:00-06:00,6854.75,6855.25,6849.25,6854.25,3580.0
2026-02-05 11:51:00-06:00,6854.25,6861.0,6854.25,6857.25,3377.0
2026-02-05 11:52:00-06:00,6857.5,6859.5,6854.5,6855.25,1692.0
2026-02-05 11:53:00-06:00,6855.5,6859.0,6854.75,6857.25,1443.0
2026-02-05 11:54:00-06:00,6857.75,6858.75,6852.0,6852.75,1425.0
2026-02-05 11:55:00-06:00,6852.5,6853.0,6849.0,6851.25,1774.0
2026-02-05 11:56:00-06:00,6851.25,6853.75,6849.5,6853.5,1295.0
2026-02-05 11:57:00-06:00,6853.5,6853.5,6848.75,6850.0,1219.0
2026-02-05 11:58:00-06:00,6850.0,6850.5,6845.25,6847.75,2546.0
2026-02-05 11:59:00-06:00,6847.5,6850.75,6846.5,6848.25,1407.0
2026-02-05 12:00:00-06:00,6848.5,6852.75,6847.5,6851.5,2319.0
2026-02-05 12:01:00-06:00,6851.75,6856.0,6850.0,6856.0,2421.0
2026-02-05 12:02:00-06:00,6856.25,6857.25,6854.5,6856.25,1879.0
2026-02-05 12:03:00-06:00,6856.25,6856.25,6852.5,6853.5,1684.0
2026-02-05 12:04:00-06:00,6853.5,6855.0,6849.75,6850.5,1408.0
2026-02-05 12:05:00-06:00,6850.25,6850.25,6847.0,6848.0,1886.0
2026-02-05 12:06:00-06:00,6847.75,6849.75,6845.75,6847.5,1514.0
2026-02-05 12:07:00-06:00,6847.5,6849.75,6845.25,6846.25,1269.0
2026-02-05 12:08:00-06:00,6845.75,6849.5,6845.25,6846.25,1204.0
2026-02-05 12:09:00-06:00,6846.5,6848.0,6844.5,6846.75,1682.0
2026-02-05 12:10:00-06:00,6846.25,6848.25,6842.25,6842.25,1756.0
2026-02-05 12:11:00-06:00,6842.5,6846.5,6841.25,6846.25,2461.0
2026-02-05 12:12:00-06:00,6846.5,6850.0,6844.5,6849.5,2111.0
2026-02-05 12:13:00-06:00,6849.5,6849.5,6844.75,6844.75,1205.0
2026-02-05 12:14:00-06:00,6844.75,6848.25,6844.5,6845.5,1152.0
2026-02-05 12:15:00-06:00,6845.25,6846.75,6843.5,6845.5,961.0
2026-02-05 12:16:00-06:00,6845.5,6847.75,6841.0,6841.75,1594.0
2026-02-05 12:17:00-06:00,6841.5,6844.75,6841.0,6842.5,1059.0
2026-02-05 12:18:00-06:00,6842.5,6842.75,6840.0,6841.5,1284.0
2026-02-05 12:19:00-06:00,6841.75,6844.5,6840.5,6841.5,1025.0
2026-02-05 12:20:00-06:00,6841.5,6843.25,6837.25,6837.75,1897.0
2026-02-05 12:21:00-06:00,6837.5,6840.25,6836.0,6837.75,1553.0
2026-02-05 12:22:00-06:00,6837.5,6839.25,6834.5,6835.25,1328.0
2026-02-05 12:23:00-06:00,6835.25,6835.75,6832.5,6835.0,2153.0
2026-02-05 12:24:00-06:00,6835.0,6837.25,6833.5,6835.5,1375.0
2026-02-05 12:25:00-06:00,6835.75,6836.75,6833.25,6834.0,1684.0
2026-02-05 12:26:00-06:00,6833.75,6838.5,6833.0,6837.25,1854.0
2026-02-05 12:27:00-06:00,6837.25,6839.75,6834.25,6836.5,1806.0
2026-02-05 12:28:00-06:00,6836.5,6837.75,6833.5,6835.0,894.0
2026-02-05 12:29:00-06:00,6835.25,6835.75,6833.5,6835.5,837.0
2026-02-05 12:30:00-06:00,6835.25,6840.0,6834.5,6838.5,1909.0
2026-02-05 12:31:00-06:00,6838.25,6844.0,6837.5,6841.5,2453.0
2026-02-05 12:32:00-06:00,6841.75,6841.75,6837.25,6837.75,1348.0
2026-02-05 12:33:00-06:00,6837.5,6840.25,6835.5,6836.0,1421.0
2026-02-05 12:34:00-06:00,6835.5,6838.25,6834.5,6838.0,1183.0
2026-02-05 12:35:00-06:00,6838.0,6838.5,6834.75,6835.5,1048.0
2026-02-05 12:36:00-06:00,6835.5,6836.75,6834.0,6834.5,847.0
2026-02-05 12:37:00-06:00,6834.75,6838.5,6834.0,6836.0,859.0
2026-02-05 12:38:00-06:00,6836.0,6837.0,6833.25,6833.75,742.0
2026-02-05 12:39:00-06:00,6833.5,6834.5,6830.75,6833.5,1759.0
2026-02-05 12:40:00-06:00,6833.25,6833.25,6830.5,6830.75,1631.0
2026-02-05 12:41:00-06:00,6831.0,6834.25,6828.75,6833.5,2630.0
2026-02-05 12:42:00-06:00,6833.75,6835.25,6831.75,6834.25,1448.0
2026-02-05 12:43:00-06:00,6834.5,6837.0,6831.5,6833.0,1460.0
2026-02-05 12:44:00-06:00,6832.75,6836.5,6832.25,6834.0,911.0
2026-02-05 12:45:00-06:00,6833.75,6836.25,6833.25,6834.5,1154.0
2026-02-05 12:46:00-06:00,6834.25,6834.5,6830.0,6830.25,1295.0
2026-02-05 12:47:00-06:00,6830.5,6832.25,6828.75,6829.0,1440.0
2026-02-05 12:48:00-06:00,6828.75,6830.5,6828.25,6829.0,1279.0
2026-02-05 12:49:00-06:00,6828.75,6831.25,6827.25,6829.0,1125.0
2026-02-05 12:50:00-06:00,6829.0,6829.0,6824.5,6824.75,1804.0
2026-02-05 12:51:00-06:00,6824.75,6826.75,6823.0,6826.0,1851.0
2026-02-05 12:52:00-06:00,6826.0,6826.75,6823.25,6823.5,1050.0
2026-02-05 12:53:00-06:00,6823.75,6824.25,6821.25,6823.5,1494.0
2026-02-05 12:54:00-06:00,6823.25,6825.0,6822.5,6823.75,1203.0
2026-02-05 12:55:00-06:00,6824.0,6824.0,6820.5,6821.75,1092.0
2026-02-05 12:56:00-06:00,6821.75,6825.0,6821.0,6824.75,1456.0
2026-02-05 12:57:00-06:00,6824.5,6828.25,6824.25,6826.25,2334.0
2026-02-05 12:58:00-06:00,6826.25,6828.0,6824.75,6825.5,1011.0
2026-02-05 12:59:00-06:00,6825.5,6830.0,6825.0,6826.5,1461.0
2026-02-05 13:00:00-06:00,6827.0,6828.5,6824.75,6828.25,1367.0
2026-02-05 13:01:00-06:00,6828.0,6828.75,6824.0,6824.25,1218.0
2026-02-05 13:02:00-06:00,6824.5,6829.5,6824.5,6829.25,1688.0
2026-02-05 13:03:00-06:00,6829.25,6834.5,6828.75,6834.0,2981.0
2026-02-05 13:04:00-06:00,6834.25,6837.5,6833.0,6833.25,2650.0
2026-02-05 13:05:00-06:00,6833.25,6836.5,6832.5,6836.0,1287.0
2026-02-05 13:06:00-06:00,6835.75,6840.75,6835.25,6837.0,2403.0
2026-02-05 13:07:00-06:00,6837.5,6841.0,6835.25,6835.25,1782.0
2026-02-05 13:08:00-06:00,6835.0,6837.5,6833.5,6836.75,1539.0
2026-02-05 13:09:00-06:00,6836.5,6840.0,6835.75,6839.75,1013.0
2026-02-05 13:10:00-06:00,6840.0,6843.75,6839.0,6843.0,1968.0
2026-02-05 13:11:00-06:00,6843.25,6847.0,6843.0,6847.0,2848.0
2026-02-05 13:12:00-06:00,6847.25,6850.25,6844.25,6850.0,2851.0
2026-02-05 13:13:00-06:00,6849.75,6852.5,6849.5,6851.0,1867.0
2026-02-05 13:14:00-06:00,6851.25,6852.25,6849.0,6849.75,1576.0
2026-02-05 13:15:00-06:00,6850.0,6851.0,6848.0,6849.5,1455.0
2026-02-05 13:16:00-06:00,6849.5,6853.25,6849.5,6851.5,1893.0
2026-02-05 13:17:00-06:00,6851.5,6853.5,6850.0,6853.5,1148.0
2026-02-05 13:18:00-06:00,6853.5,6855.25,6852.75,6854.0,1566.0
2026-02-05 13:19:00-06:00,6854.25,6855.75,6853.75,6855.75,1235.0
2026-02-05 13:20:00-06:00,6855.25,6856.25,6853.75,6856.0,1145.0
2026-02-05 13:21:00-06:00,6855.5,6858.5,6854.25,6854.25,1959.0
2026-02-05 13:22:00-06:00,6854.25,6856.75,6853.5,6856.5,1636.0
2026-02-05 13:23:00-06:00,6856.75,6859.0,6855.5,6857.0,1211.0
2026-02-05 13:24:00-06:00,6857.0,6857.5,6855.25,6856.25,779.0
2026-02-05 13:25:00-06:00,6856.5,6856.5,6849.5,6850.0,2762.0
2026-02-05 13:26:00-06:00,6850.25,6852.25,6848.75,6849.75,1757.0
2026-02-05 13:27:00-06:00,6849.5,6851.0,6846.5,6847.0,1659.0
2026-02-05 13:28:00-06:00,6846.75,6849.0,6846.0,6848.25,1123.0
2026-02-05 13:29:00-06:00,6848.25,6849.25,6844.75,6846.5,1453.0
2026-02-05 13:30:00-06:00,6846.0,6846.5,6838.5,6840.25,3194.0
2026-02-05 13:31:00-06:00,6840.0,6841.5,6837.75,6838.75,1957.0
2026-02-05 13:32:00-06:00,6838.75,6838.75,6830.0,6831.0,3011.0
2026-02-05 13:33:00-06:00,6830.75,6835.75,6829.25,6832.25,2720.0
2026-02-05 13:34:00-06:00,6832.25,6838.5,6832.0,6838.25,1873.0
2026-02-05 13:35:00-06:00,6838.25,6839.0,6835.0,6837.25,1634.0
2026-02-05 13:36:00-06:00,6837.25,6839.75,6833.0,6834.5,2022.0
2026-02-05 13:37:00-06:00,6834.25,6838.0,6833.25,6835.75,1164.0
2026-02-05 13:38:00-06:00,6835.75,6841.0,6835.0,6837.75,1541.0
2026-02-05 13:39:00-06:00,6838.0,6838.0,6834.0,6834.0,1107.0
2026-02-05 13:40:00-06:00,6834.25,6835.25,6831.5,6832.0,1541.0
2026-02-05 13:41:00-06:00,6831.75,6834.75,6830.0,6833.5,1526.0
2026-02-05 13:42:00-06:00,6833.5,6835.5,6831.0,6831.0,1154.0
2026-02-05 13:43:00-06:00,6831.0,6836.25,6830.75,6835.25,1347.0
2026-02-05 13:44:00-06:00,6835.25,6836.25,6832.25,6832.5,870.0
2026-02-05 13:45:00-06:00,6832.5,6836.5,6832.25,6833.25,1081.0
2026-02-05 13:46:00-06:00,6833.25,6834.75,6830.75,6831.0,992.0
2026-02-05 13:47:00-06:00,6831.0,6832.5,6829.5,6830.5,1026.0
2026-02-05 13:48:00-06:00,6830.75,6833.75,6830.0,6831.25,850.0
2026-02-05 13:49:00-06:00,6831.0,6833.0,6831.0,6831.75,526.0
2026-02-05 13:50:00-06:00,6832.0,6833.0,6829.25,6831.25,918.0
2026-02-05 13:51:00-06:00,6831.0,6832.75,6829.75,6830.0,698.0
2026-02-05 13:52:00-06:00,6830.0,6831.5,6827.25,6828.25,1855.0
2026-02-05 13:53:00-06:00,6828.0,6830.75,6828.0,6830.0,850.0
2026-02-05 13:54:00-06:00,6830.0,6835.5,6829.0,6831.75,2285.0
2026-02-05 13:55:00-06:00,6831.75,6834.75,6831.0,6833.0,1635.0
2026-02-05 13:56:00-06:00,6832.75,6834.75,6830.25,6830.5,1293.0
2026-02-05 13:57:00-06:00,6830.75,6832.75,6830.25,6831.5,699.0
2026-02-05 13:58:00-06:00,6831.75,6833.75,6830.75,6833.5,766.0
2026-02-05 13:59:00-06:00,6833.5,6835.5,6833.0,6834.5,1394.0
2026-02-05 14:00:00-06:00,6834.5,6835.0,6830.25,6832.25,1808.0
2026-02-05 14:01:00-06:00,6832.25,6838.5,6832.0,6838.25,1844.0
2026-02-05 14:02:00-06:00,6838.25,6839.5,6836.0,6837.75,2032.0
2026-02-05 14:03:00-06:00,6837.5,6838.0,6835.25,6837.0,928.0
2026-02-05 14:04:00-06:00,6837.0,6838.75,6836.5,6838.25,867.0
2026-02-05 14:05:00-06:00,6838.5,6839.5,6836.75,6837.25,1279.0
2026-02-05 14:06:00-06:00,6837.5,6841.75,6835.75,6840.25,1834.0
2026-02-05 14:07:00-06:00,6840.25,6847.0,6840.0,6847.0,2142.0
2026-02-05 14:08:00-06:00,6847.0,6848.75,6846.25,6847.75,1720.0
2026-02-05 14:09:00-06:00,6847.75,6851.75,6847.5,6850.25,1682.0
2026-02-05 14:10:00-06:00,6850.0,6852.0,6847.25,6852.0,1790.0
2026-02-05 14:11:00-06:00,6852.0,6853.0,6847.25,6848.25,1649.0
2026-02-05 14:12:00-06:00,6848.5,6848.5,6843.5,6843.75,2240.0
2026-02-05 14:13:00-06:00,6843.75,6844.5,6840.75,6843.75,1724.0
2026-02-05 14:14:00-06:00,6843.5,6845.25,6842.25,6842.25,1382.0
2026-02-05 14:15:00-06:00,6842.25,6842.75,6832.25,6834.0,2934.0
2026-02-05 14:16:00-06:00,6833.75,6836.25,6832.75,6832.75,1693.0
2026-02-05 14:17:00-06:00,6832.5,6833.75,6830.25,6832.0,2084.0
2026-02-05 14:18:00-06:00,6831.75,6834.75,6831.5,6834.0,1125.0
2026-02-05 14:19:00-06:00,6834.0,6834.0,6830.5,6831.0,1142.0
2026-02-05 14:20:00-06:00,6831.0,6832.5,6828.75,6829.0,1714.0
2026-02-05 14:21:00-06:00,6829.0,6829.25,6826.0,6827.25,2054.0
2026-02-05 14:22:00-06:00,6827.0,6830.0,6822.75,6823.5,2507.0
2026-02-05 14:23:00-06:00,6823.75,6825.25,6821.0,6823.5,2091.0
2026-02-05 14:24:00-06:00,6823.5,6825.75,6822.0,6823.5,1816.0
2026-02-05 14:25:00-06:00,6823.25,6824.0,6820.0,6820.75,2274.0
2026-02-05 14:26:00-06:00,6820.75,6823.25,6820.25,6822.5,1338.0
2026-02-05 14:27:00-06:00,6822.5,6824.5,6820.5,6822.75,1612.0
2026-02-05 14:28:00-06:00,6822.5,6824.0,6821.5,6822.5,1048.0
2026-02-05 14:29:00-06:00,6822.25,6823.75,6820.0,6821.5,1436.0
2026-02-05 14:30:00-06:00,6821.5,6825.5,6820.0,6824.25,2110.0
2026-02-05 14:31:00-06:00,6824.0,6824.5,6817.5,6819.0,2505.0
2026-02-05 14:32:00-06:00,6818.75,6818.75,6816.25,6817.75,2149.0
2026-02-05 14:33:00-06:00,6817.5,6820.25,6816.75,6819.5,1402.0
2026-02-05 14:34:00-06:00,6819.75,6821.75,6815.75,6816.5,1652.0
2026-02-05 14:35:00-06:00,6816.75,6818.0,6814.25,6817.0,1690.0
2026-02-05 14:36:00-06:00,6817.0,6819.0,6815.0,6817.0,1335.0
2026-02-05 14:37:00-06:00,6816.75,6821.0,6816.75,6818.25,1777.0
2026-02-05 14:38:00-06:00,6818.25,6818.75,6816.75,6817.75,699.0
2026-02-05 14:39:00-06:00,6818.0,6821.0,6818.0,6820.75,1161.0
2026-02-05 14:40:00-06:00,6821.0,6827.5,6819.75,6824.25,3675.0
2026-02-05 14:41:00-06:00,6824.0,6825.0,6822.0,6822.5,1297.0
2026-02-05 14:42:00-06:00,6822.5,6824.25,6820.5,6821.5,1371.0
2026-02-05 14:43:00-06:00,6821.75,6822.5,6814.75,6815.0,2255.0
2026-02-05 14:44:00-06:00,6814.75,6815.75,6812.5,6814.75,2592.0
2026-02-05 14:45:00-06:00,6814.75,6816.75,6812.0,6814.75,2394.0
2026-02-05 14:46:00-06:00,6814.5,6815.75,6811.25,6811.75,1354.0
2026-02-05 14:47:00-06:00,6812.0,6812.0,6809.0,6810.0,2261.0
2026-02-05 14:48:00-06:00,6810.0,6811.25,6808.75,6810.0,1510.0
2026-02-05 14:49:00-06:00,6810.0,6814.5,6808.75,6813.25,1979.0
2026-02-05 14:50:00-06:00,6813.25,6818.25,6811.25,6811.5,3666.0
2026-02-05 14:51:00-06:00,6811.5,6811.75,6807.5,6810.5,1921.0
2026-02-05 14:52:00-06:00,6810.5,6810.5,6805.25,6807.75,2119.0
2026-02-05 14:53:00-06:00,6807.5,6810.75,6806.25,6810.75,1664.0
2026-02-05 14:54:00-06:00,6810.5,6815.0,6808.75,6814.75,2645.0
2026-02-05 14:55:00-06:00,6814.75,6818.25,6813.0,6818.0,3146.0
2026-02-05 14:56:00-06:00,6818.25,6821.0,6816.75,6820.0,2240.0
2026-02-05 14:57:00-06:00,6820.25,6824.5,6819.0,6822.75,2863.0
2026-02-05 14:58:00-06:00,6823.0,6823.75,6820.0,6821.5,1988.0
2026-02-05 14:59:00-06:00,6821.25,6823.25,6817.25,6818.0,5939.0
2026-02-05 15:00:00-06:00,6818.0,6825.75,6814.0,6824.0,4165.0
2026-02-05 15:01:00-06:00,6824.0,6828.5,6810.0,6822.0,4687.0
2026-02-05 15:02:00-06:00,6822.25,6823.25,6810.0,6810.25,1826.0
2026-02-05 15:03:00-06:00,6810.75,6812.75,6807.0,6808.5,1601.0
2026-02-05 15:04:00-06:00,6808.25,6812.75,6804.5,6805.75,1338.0
2026-02-05 15:05:00-06:00,6806.25,6806.75,6800.25,6800.5,2218.0
2026-02-05 15:06:00-06:00,6800.5,6807.25,6798.5,6806.75,2585.0
2026-02-05 15:07:00-06:00,6806.5,6808.0,6802.5,6803.5,1226.0
2026-02-05 15:08:00-06:00,6803.5,6806.75,6802.75,6806.5,924.0
2026-02-05 15:09:00-06:00,6806.25,6811.0,6806.0,6810.0,1238.0
2026-02-05 15:10:00-06:00,6810.0,6816.25,6809.75,6816.25,1383.0
2026-02-05 15:11:00-06:00,6816.5,6818.75,6815.75,6817.75,1178.0
2026-02-05 15:12:00-06:00,6817.75,6820.25,6817.25,6817.5,881.0
2026-02-05 15:13:00-06:00,6817.25,6818.75,6816.0,6817.0,587.0
2026-02-05 15:14:00-06:00,6816.75,6818.0,6814.5,6816.0,902.0
2026-02-05 15:15:00-06:00,6815.5,6817.0,6811.25,6813.0,802.0
2026-02-05 15:16:00-06:00,6812.75,6814.75,6811.25,6812.0,558.0
2026-02-05 15:17:00-06:00,6811.75,6813.25,6808.75,6809.75,620.0
2026-02-05 15:18:00-06:00,6809.75,6812.0,6808.25,6808.25,458.0
2026-02-05 15:19:00-06:00,6808.5,6808.5,6801.0,6802.75,1180.0
2026-02-05 15:20:00-06:00,6802.75,6804.0,6800.5,6803.5,600.0
2026-02-05 15:21:00-06:00,6803.5,6805.0,6802.5,6804.25,369.0
2026-02-05 15:22:00-06:00,6804.0,6805.5,6802.5,6804.75,463.0
2026-02-05 15:23:00-06:00,6804.75,6805.5,6802.75,6803.75,422.0
2026-02-05 15:24:00-06:00,6804.0,6806.0,6803.5,6803.75,602.0
2026-02-05 15:25:00-06:00,6803.5,6808.5,6803.25,6806.25,736.0
2026-02-05 15:26:00-06:00,6806.25,6809.0,6804.5,6805.25,482.0
2026-02-05 15:27:00-06:00,6805.25,6806.0,6804.5,6805.75,241.0
2026-02-05 15:28:00-06:00,6805.5,6808.25,6805.25,6805.25,269.0
2026-02-05 15:29:00-06:00,6805.25,6806.0,6803.75,6805.0,278.0
2026-02-05 15:30:00-06:00,6805.0,6805.75,6803.0,6804.0,277.0
2026-02-05 15:31:00-06:00,6803.5,6803.5,6801.25,6801.75,395.0
2026-02-05 15:32:00-06:00,6801.5,6803.5,6801.25,6801.75,348.0
2026-02-05 15:33:00-06:00,6801.75,6803.0,6796.0,6797.0,1043.0
2026-02-05 15:34:00-06:00,6797.0,6797.25,6791.75,6792.5,1406.0
2026-02-05 15:35:00-06:00,6792.75,6795.5,6791.5,6795.25,920.0
2026-02-05 15:36:00-06:00,6795.25,6796.25,6791.75,6792.0,820.0
2026-02-05 15:37:00-06:00,6792.0,6793.5,6789.5,6793.0,1113.0
2026-02-05 15:38:00-06:00,6793.25,6794.5,6792.5,6793.25,567.0
2026-02-05 15:39:00-06:00,6793.25,6794.0,6787.5,6789.5,917.0
2026-02-05 15:40:00-06:00,6789.25,6789.75,6787.0,6788.0,918.0
2026-02-05 15:41:00-06:00,6788.0,6789.0,6785.75,6786.0,910.0
2026-02-05 15:42:00-06:00,6786.0,6791.25,6785.75,6789.5,792.0
2026-02-05 15:43:00-06:00,6789.5,6791.5,6789.5,6789.75,459.0
2026-02-05 15:44:00-06:00,6789.75,6790.25,6788.5,6789.75,740.0
2026-02-05 15:45:00-06:00,6789.75,6793.25,6788.5,6791.0,899.0
2026-02-05 15:46:00-06:00,6791.0,6792.0,6789.5,6791.75,474.0
2026-02-05 15:47:00-06:00,6792.0,6793.75,6791.5,6792.0,642.0
2026-02-05 15:48:00-06:00,6792.25,6792.75,6788.75,6789.0,381.0
2026-02-05 15:49:00-06:00,6789.25,6789.5,6785.25,6785.5,726.0
2026-02-05 15:50:00-06:00,6785.75,6788.0,6785.5,6787.5,566.0
2026-02-05 15:51:00-06:00,6787.5,6789.75,6787.5,6788.25,375.0
2026-02-05 15:52:00-06:00,6788.0,6789.25,6787.0,6788.0,560.0
2026-02-05 15:53:00-06:00,6787.75,6790.25,6787.75,6788.25,617.0
2026-02-05 15:54:00-06:00,6788.25,6790.75,6787.75,6790.0,520.0
2026-02-05 15:55:00-06:00,6790.25,6791.75,6789.5,6791.0,442.0
2026-02-05 15:56:00-06:00,6791.0,6791.75,6785.0,6785.25,669.0
2026-02-05 15:57:00-06:00,6785.25,6790.0,6785.0,6789.25,393.0
2026-02-05 15:58:00-06:00,6788.75,6789.75,6787.75,6788.5,248.0
2026-02-05 15:59:00-06:00,6788.5,6790.5,6787.75,6788.75,505.0
2026-02-06 08:30:00-06:00,6856.25,6863.0,6850.0,6857.25,7041.0
2026-02-06 08:31:00-06:00,6857.25,6863.25,6854.25,6860.25,4231.0
2026-02-06 08:32:00-06:00,6859.75,6875.0,6854.25,6874.5,7705.0
2026-02-06 08:33:00-06:00,6874.75,6882.0,6874.5,6881.25,7080.0
2026-02-06 08:34:00-06:00,6881.25,6886.75,6877.5,6879.75,6594.0
2026-02-06 08:35:00-06:00,6879.75,6884.75,6877.25,6882.5,5584.0
2026-02-06 08:36:00-06:00,6882.5,6883.5,6876.75,6882.0,5155.0
2026-02-06 08:37:00-06:00,6882.0,6884.5,6879.75,6884.0,3763.0
2026-02-06 08:38:00-06:00,6884.25,6890.5,6883.75,6889.0,6375.0
2026-02-06 08:39:00-06:00,6889.25,6892.25,6886.75,6889.0,4838.0
2026-02-06 08:40:00-06:00,6889.0,6894.5,6884.25,6892.5,6363.0
2026-02-06 08:41:00-06:00,6892.5,6894.0,6881.25,6884.0,5316.0
2026-02-06 08:42:00-06:00,6884.25,6888.75,6884.0,6886.5,3776.0
2026-02-06 08:43:00-06:00,6887.0,6892.75,6886.5,6892.25,3101.0
2026-02-06 08:44:00-06:00,6892.25,6897.5,6891.0,6897.25,4499.0
2026-02-06 08:45:00-06:00,6897.5,6900.75,6897.25,6897.5,5937.0
2026-02-06 08:46:00-06:00,6897.75,6899.75,6891.5,6896.0,4926.0
2026-02-06 08:47:00-06:00,6896.0,6899.5,6893.0,6897.5,3123.0
2026-02-06 08:48:00-06:00,6897.75,6899.0,6894.25,6898.0,2536.0
2026-02-06 08:49:00-06:00,6898.0,6899.75,6891.25,6897.25,5448.0
2026-02-06 08:50:00-06:00,6897.25,6902.0,6895.5,6900.0,3862.0
2026-02-06 08:51:00-06:00,6900.25,6906.5,6899.75,6905.25,5840.0
2026-02-06 08:52:00-06:00,6905.25,6907.25,6903.0,6906.25,3180.0
2026-02-06 08:53:00-06:00,6906.0,6907.0,6898.75,6899.25,3998.0
2026-02-06 08:54:00-06:00,6899.25,6901.25,6895.0,6895.25,4366.0
2026-02-06 08:55:00-06:00,6895.75,6895.75,6889.75,6891.75,6214.0
2026-02-06 08:56:00-06:00,6891.5,6891.75,6887.75,6888.75,3608.0
2026-02-06 08:57:00-06:00,6888.5,6896.0,6887.5,6895.75,3672.0
2026-02-06 08:58:00-06:00,6895.75,6895.75,6888.5,6892.75,2909.0
2026-02-06 08:59:00-06:00,6892.5,6892.75,6889.0,6889.75,2158.0
2026-02-06 09:00:00-06:00,6890.0,6893.25,6887.5,6891.5,4469.0
2026-02-06 09:01:00-06:00,6891.25,6892.0,6884.75,6886.5,4272.0
2026-02-06 09:02:00-06:00,6887.5,6889.0,6883.5,6885.5,4290.0
2026-02-06 09:03:00-06:00,6885.25,6887.5,6880.0,6880.75,4909.0
2026-02-06 09:04:00-06:00,6880.75,6883.0,6878.75,6882.75,3876.0
2026-02-06 09:05:00-06:00,6882.75,6891.5,6881.5,6884.5,6416.0
2026-02-06 09:06:00-06:00,6884.5,6885.0,6876.25,6877.0,5086.0
2026-02-06 09:07:00-06:00,6877.0,6883.25,6875.5,6881.5,4532.0
2026-02-06 09:08:00-06:00,6881.5,6882.5,6878.25,6881.75,2405.0
2026-02-06 09:09:00-06:00,6881.5,6885.0,6880.0,6881.5,3226.0
2026-02-06 09:10:00-06:00,6881.75,6892.5,6881.75,6891.0,5415.0
2026-02-06 09:11:00-06:00,6891.25,6897.0,6890.0,6892.25,6341.0
2026-02-06 09:12:00-06:00,6892.25,6894.0,6883.0,6883.25,4907.0
2026-02-06 09:13:00-06:00,6883.5,6886.25,6878.5,6881.0,4941.0
2026-02-06 09:14:00-06:00,6881.5,6884.75,6878.25,6879.25,3298.0
2026-02-06 09:15:00-06:00,6879.0,6882.0,6877.25,6878.5,3732.0
2026-02-06 09:16:00-06:00,6878.5,6884.25,6872.75,6884.0,7133.0
2026-02-06 09:17:00-06:00,6884.0,6889.5,6881.5,6884.5,5546.0
2026-02-06 09:18:00-06:00,6884.5,6891.75,6880.25,6890.0,3929.0
2026-02-06 09:19:00-06:00,6890.25,6892.5,6886.0,6889.75,3398.0
2026-02-06 09:20:00-06:00,6890.0,6893.0,6888.25,6888.75,2969.0
2026-02-06 09:21:00-06:00,6889.0,6898.75,6887.75,6894.5,5265.0
2026-02-06 09:22:00-06:00,6894.75,6899.25,6894.25,6897.75,3221.0
2026-02-06 09:23:00-06:00,6897.75,6899.75,6881.5,6883.5,6970.0
2026-02-06 09:24:00-06:00,6883.25,6888.25,6880.75,6885.5,3651.0
2026-02-06 09:25:00-06:00,6885.75,6896.0,6882.75,6895.75,4506.0
2026-02-06 09:26:00-06:00,6895.75,6899.5,6894.25,6898.75,3398.0
2026-02-06 09:27:00-06:00,6898.75,6899.5,6892.25,6895.0,2860.0
2026-02-06 09:28:00-06:00,6894.75,6900.0,6894.75,6896.75,3191.0
2026-02-06 09:29:00-06:00,6896.5,6898.75,6893.75,6898.5,1713.0
2026-02-06 09:30:00-06:00,6898.5,6899.25,6893.0,6895.5,3470.0
2026-02-06 09:31:00-06:00,6895.25,6897.0,6890.75,6894.75,2236.0
2026-02-06 09:32:00-06:00,6894.75,6898.25,6892.25,6897.25,2427.0
2026-02-06 09:33:00-06:00,6897.25,6903.75,6896.0,6903.25,5154.0
2026-02-06 09:34:00-06:00,6903.25,6905.75,6902.5,6903.25,3384.0
2026-02-06 09:35:00-06:00,6903.5,6905.25,6900.75,6904.5,2873.0
2026-02-06 09:36:00-06:00,6904.5,6904.5,6900.0,6901.0,2157.0
2026-02-06 09:37:00-06:00,6900.75,6902.75,6899.5,6902.25,2082.0
2026-02-06 09:38:00-06:00,6902.0,6904.0,6901.0,6903.25,1594.0
2026-02-06 09:39:00-06:00,6903.25,6904.75,6902.0,6903.0,1210.0
2026-02-06 09:40:00-06:00,6903.0,6905.5,6901.25,6904.0,1948.0
2026-02-06 09:41:00-06:00,6904.0,6906.5,6903.75,6904.5,2089.0
2026-02-06 09:42:00-06:00,6904.25,6909.75,6903.0,6907.75,4538.0
2026-02-06 09:43:00-06:00,6908.0,6909.5,6904.5,6906.25,3024.0
2026-02-06 09:44:00-06:00,6906.25,6908.5,6904.5,6905.5,1500.0
2026-02-06 09:45:00-06:00,6905.75,6908.5,6905.0,6906.75,1733.0
2026-02-06 09:46:00-06:00,6907.0,6911.75,6906.0,6911.5,2912.0
2026-02-06 09:47:00-06:00,6911.25,6912.75,6909.5,6911.25,2763.0
2026-02-06 09:48:00-06:00,6911.25,6911.5,6902.75,6903.5,3719.0
2026-02-06 09:49:00-06:00,6903.75,6905.5,6900.0,6901.5,4051.0
2026-02-06 09:50:00-06:00,6901.25,6901.75,6892.5,6892.5,5647.0
2026-02-06 09:51:00-06:00,6892.5,6896.25,6891.5,6894.25,3726.0
2026-02-06 09:52:00-06:00,6894.25,6895.5,6889.25,6889.5,2659.0
2026-02-06 09:53:00-06:00,6889.5,6891.25,6889.0,6889.5,2547.0
2026-02-06 09:54:00-06:00,6889.25,6890.75,6885.5,6887.25,3958.0
2026-02-06 09:55:00-06:00,6887.0,6896.25,6885.25,6896.0,4567.0
2026-02-06 09:56:00-06:00,6896.0,6899.25,6892.75,6897.75,4044.0
2026-02-06 09:57:00-06:00,6897.5,6899.75,6896.0,6898.75,2265.0
2026-02-06 09:58:00-06:00,6899.0,6901.0,6896.25,6897.25,2168.0
2026-02-06 09:59:00-06:00,6897.25,6901.75,6895.25,6900.0,2404.0
2026-02-06 10:00:00-06:00,6899.75,6900.25,6896.0,6898.0,2637.0
2026-02-06 10:01:00-06:00,6897.75,6903.5,6897.0,6903.25,2705.0
2026-02-06 10:02:00-06:00,6902.75,6908.0,6901.5,6906.25,3787.0
2026-02-06 10:03:00-06:00,6906.25,6910.25,6906.25,6910.0,2971.0
2026-02-06 10:04:00-06:00,6910.0,6911.25,6907.25,6911.25,2114.0
2026-02-06 10:05:00-06:00,6911.25,6912.75,6908.5,6909.5,3831.0
2026-02-06 10:06:00-06:00,6909.5,6912.75,6907.25,6912.75,2489.0
2026-02-06 10:07:00-06:00,6912.5,6915.25,6912.5,6913.5,4422.0
2026-02-06 10:08:00-06:00,6913.5,6914.5,6910.25,6911.75,1963.0
2026-02-06 10:09:00-06:00,6911.75,6913.5,6911.5,6913.25,1422.0
2026-02-06 10:10:00-06:00,6913.25,6915.75,6912.75,6914.75,1980.0
2026-02-06 10:11:00-06:00,6914.75,6915.25,6911.0,6914.5,1947.0
2026-02-06 10:12:00-06:00,6914.75,6914.75,6912.75,6913.0,1316.0
2026-02-06 10:13:00-06:00,6913.0,6915.5,6912.5,6915.25,1278.0
2026-02-06 10:14:00-06:00,6915.0,6916.75,6914.0,6915.75,1432.0
2026-02-06 10:15:00-06:00,6915.5,6917.5,6914.5,6915.75,1941.0
2026-02-06 10:16:00-06:00,6915.75,6916.0,6911.25,6911.75,2478.0
2026-02-06 10:17:00-06:00,6912.0,6912.5,6910.25,6910.75,1751.0
2026-02-06 10:18:00-06:00,6910.5,6913.0,6910.0,6911.5,1380.0
2026-02-06 10:19:00-06:00,6911.75,6913.5,6910.5,6912.75,880.0
2026-02-06 10:20:00-06:00,6913.0,6916.25,6911.75,6912.75,2036.0
2026-02-06 10:21:00-06:00,6913.0,6918.25,6912.75,6917.75,2397.0
2026-02-06 10:22:00-06:00,6918.0,6919.0,6914.0,6914.5,2402.0
2026-02-06 10:23:00-06:00,6914.5,6917.0,6914.5,6915.0,858.0
2026-02-06 10:24:00-06:00,6915.25,6915.75,6913.5,6914.5,1088.0
2026-02-06 10:25:00-06:00,6914.5,6915.25,6911.5,6911.75,1538.0
2026-02-06 10:26:00-06:00,6912.0,6914.0,6910.5,6911.75,1835.0
2026-02-06 10:27:00-06:00,6912.0,6912.25,6907.75,6909.0,2595.0
2026-02-06 10:28:00-06:00,6909.0,6911.5,6907.75,6910.75,1983.0
2026-02-06 10:29:00-06:00,6910.75,6913.25,6909.75,6913.25,1260.0
2026-02-06 10:30:00-06:00,6913.0,6916.5,6912.5,6915.25,3057.0
2026-02-06 10:31:00-06:00,6915.25,6915.5,6913.0,6914.0,1139.0
2026-02-06 10:32:00-06:00,6914.0,6917.5,6913.75,6915.5,1362.0
2026-02-06 10:33:00-06:00,6915.5,6917.0,6914.5,6916.75,845.0
2026-02-06 10:34:00-06:00,6916.5,6919.0,6916.25,6919.0,1470.0
2026-02-06 10:35:00-06:00,6919.0,6922.25,6918.0,6921.5,4082.0
2026-02-06 10:36:00-06:00,6921.5,6921.75,6919.0,6920.5,1871.0
2026-02-06 10:37:00-06:00,6920.25,6920.25,6917.25,6918.25,1530.0
2026-02-06 10:38:00-06:00,6918.5,6921.25,6917.75,6918.75,1427.0
2026-02-06 10:39:00-06:00,6918.75,6920.75,6918.0,6919.5,840.0
2026-02-06 10:40:00-06:00,6919.5,6921.75,6918.5,6920.75,1218.0
2026-02-06 10:41:00-06:00,6920.75,6922.25,6920.25,6921.5,1131.0
2026-02-06 10:42:00-06:00,6921.5,6921.75,6919.0,6920.75,1444.0
2026-02-06 10:43:00-06:00,6920.75,6922.0,6919.0,6919.25,821.0
2026-02-06 10:44:00-06:00,6919.0,6920.0,6916.25,6919.0,2066.0
2026-02-06 10:45:00-06:00,6919.0,6921.25,6918.75,6919.75,1417.0
2026-02-06 10:46:00-06:00,6920.0,6920.5,6917.75,6919.75,1198.0
2026-02-06 10:47:00-06:00,6920.0,6920.75,6917.5,6917.75,730.0
2026-02-06 10:48:00-06:00,6918.0,6920.0,6917.75,6918.75,581.0
2026-02-06 10:49:00-06:00,6918.5,6920.5,6917.5,6920.5,721.0
2026-02-06 10:50:00-06:00,6920.25,6921.5,6919.5,6921.0,923.0
2026-02-06 10:51:00-06:00,6921.0,6922.25,6920.5,6921.25,1048.0
2026-02-06 10:52:00-06:00,6921.5,6921.5,6919.0,6919.25,725.0
2026-02-06 10:53:00-06:00,6919.25,6922.25,6918.75,6921.25,1141.0
2026-02-06 10:54:00-06:00,6921.0,6921.75,6918.75,6919.75,849.0
2026-02-06 10:55:00-06:00,6919.75,6920.0,6915.75,6917.5,1776.0
2026-02-06 10:56:00-06:00,6917.25,6917.75,6915.25,6916.25,1367.0
2026-02-06 10:57:00-06:00,6916.25,6916.25,6914.0,6914.25,1849.0
2026-02-06 10:58:00-06:00,6914.5,6915.0,6911.5,6914.0,2439.0
2026-02-06 10:59:00-06:00,6914.0,6917.0,6913.25,6916.5,1836.0
2026-02-06 11:00:00-06:00,6916.75,6917.25,6913.5,6913.5,2003.0
2026-02-06 11:01:00-06:00,6913.75,6918.0,6913.75,6917.75,1190.0
2026-02-06 11:02:00-06:00,6918.0,6918.75,6915.5,6916.0,1364.0
2026-02-06 11:03:00-06:00,6916.25,6918.75,6915.5,6918.75,1058.0
2026-02-06 11:04:00-06:00,6918.75,6920.25,6917.25,6920.25,2167.0
2026-02-06 11:05:00-06:00,6920.25,6921.75,6920.0,6920.75,1464.0
2026-02-06 11:06:00-06:00,6921.0,6923.0,6920.5,6921.75,1525.0
2026-02-06 11:07:00-06:00,6921.5,6924.75,6921.25,6924.5,2119.0
2026-02-06 11:08:00-06:00,6924.5,6925.75,6922.5,6923.0,2004.0
2026-02-06 11:09:00-06:00,6923.25,6923.75,6922.25,6923.25,937.0
2026-02-06 11:10:00-06:00,6923.75,6925.75,6923.75,6925.5,1477.0
2026-02-06 11:11:00-06:00,6925.5,6926.25,6924.25,6924.5,1162.0
2026-02-06 11:12:00-06:00,6924.5,6925.25,6919.5,6920.25,1980.0
2026-02-06 11:13:00-06:00,6920.5,6923.0,6919.0,6922.5,1496.0
2026-02-06 11:14:00-06:00,6922.75,6923.5,6921.0,6921.0,1360.0
2026-02-06 11:15:00-06:00,6921.5,6922.25,6918.25,6918.75,1721.0
2026-02-06 11:16:00-06:00,6919.0,6920.5,6918.0,6920.5,1088.0
2026-02-06 11:17:00-06:00,6920.75,6922.0,6918.0,6921.5,1427.0
2026-02-06 11:18:00-06:00,6921.5,6922.25,6920.25,6922.25,889.0
2026-02-06 11:19:00-06:00,6922.25,6924.75,6921.75,6922.5,1441.0
2026-02-06 11:20:00-06:00,6922.5,6922.5,6920.5,6921.25,869.0
2026-02-06 11:21:00-06:00,6921.0,6922.5,6920.5,6920.75,913.0
2026-02-06 11:22:00-06:00,6920.75,6921.5,6919.5,6921.5,937.0
2026-02-06 11:23:00-06:00,6921.75,6922.75,6921.0,6921.5,628.0
2026-02-06 11:24:00-06:00,6921.75,6922.75,6921.0,6921.75,456.0
2026-02-06 11:25:00-06:00,6921.75,6923.75,6921.75,6922.75,816.0
2026-02-06 11:26:00-06:00,6922.5,6924.5,6922.0,6923.75,540.0
2026-02-06 11:27:00-06:00,6924.0,6926.25,6923.5,6925.5,1285.0
2026-02-06 11:28:00-06:00,6925.5,6926.75,6924.25,6925.25,1143.0
2026-02-06 11:29:00-06:00,6925.5,6927.0,6925.25,6926.75,1086.0
2026-02-06 11:30:00-06:00,6927.0,6928.25,6926.5,6927.5,1847.0
2026-02-06 11:31:00-06:00,6927.75,6929.0,6927.0,6928.25,1313.0
2026-02-06 11:32:00-06:00,6928.25,6931.25,6928.0,6930.25,2973.0
2026-02-06 11:33:00-06:00,6930.25,6930.5,6928.0,6929.5,1652.0
2026-02-06 11:34:00-06:00,6929.75,6930.25,6928.5,6928.75,826.0
2026-02-06 11:35:00-06:00,6928.75,6928.75,6924.0,6924.25,2353.0
2026-02-06 11:36:00-06:00,6924.5,6925.0,6922.0,6922.75,1463.0
2026-02-06 11:37:00-06:00,6923.0,6925.0,6921.75,6923.25,1949.0
2026-02-06 11:38:00-06:00,6923.25,6923.5,6921.0,6921.0,1143.0
2026-02-06 11:39:00-06:00,6921.0,6923.25,6920.5,6922.0,1018.0
2026-02-06 11:40:00-06:00,6922.0,6924.5,6921.75,6923.0,1156.0
2026-02-06 11:41:00-06:00,6923.25,6926.75,6923.25,6926.25,1297.0
2026-02-06 11:42:00-06:00,6926.5,6927.0,6925.5,6926.25,638.0
2026-02-06 11:43:00-06:00,6926.0,6927.0,6923.75,6926.75,963.0
2026-02-06 11:44:00-06:00,6926.5,6927.25,6925.75,6927.25,583.0
2026-02-06 11:45:00-06:00,6927.25,6930.0,6927.0,6929.0,1805.0
2026-02-06 11:46:00-06:00,6929.0,6930.5,6928.75,6929.25,1229.0
2026-02-06 11:47:00-06:00,6929.25,6930.0,6929.0,6929.75,515.0
2026-02-06 11:48:00-06:00,6930.0,6931.25,6929.75,6931.25,963.0
2026-02-06 11:49:00-06:00,6931.25,6931.75,6929.5,6930.75,1540.0
2026-02-06 11:50:00-06:00,6931.25,6932.75,6931.0,6931.25,1348.0
2026-02-06 11:51:00-06:00,6931.0,6936.0,6929.5,6936.0,2682.0
2026-02-06 11:52:00-06:00,6936.0,6937.75,6934.25,6934.25,2773.0
2026-02-06 11:53:00-06:00,6934.25,6935.25,6932.5,6934.0,1474.0
2026-02-06 11:54:00-06:00,6934.0,6935.25,6932.75,6932.75,1320.0
2026-02-06 11:55:00-06:00,6932.75,6933.5,6931.5,6931.5,1338.0
2026-02-06 11:56:00-06:00,6931.75,6933.5,6931.75,6933.0,573.0
2026-02-06 11:57:00-06:00,6933.0,6934.0,6931.75,6932.25,636.0
2026-02-06 11:58:00-06:00,6932.25,6934.25,6932.0,6933.25,774.0
2026-02-06 11:59:00-06:00,6933.5,6933.75,6931.5,6931.5,665.0
2026-02-06 12:00:00-06:00,6931.75,6935.5,6931.5,6933.75,1665.0
2026-02-06 12:01:00-06:00,6933.75,6934.25,6933.0,6934.0,654.0
2026-02-06 12:02:00-06:00,6934.0,6936.5,6934.0,6934.75,1028.0
2026-02-06 12:03:00-06:00,6934.75,6935.75,6934.0,6935.0,597.0
2026-02-06 12:04:00-06:00,6934.75,6937.5,6934.5,6936.75,1269.0
2026-02-06 12:05:00-06:00,6936.75,6937.0,6935.5,6936.25,822.0
2026-02-06 12:06:00-06:00,6936.5,6937.25,6935.25,6935.75,664.0
2026-02-06 12:07:00-06:00,6935.5,6935.5,6933.75,6934.25,1063.0
2026-02-06 12:08:00-06:00,6934.25,6934.75,6931.75,6932.0,1369.0
2026-02-06 12:09:00-06:00,6932.0,6933.5,6931.25,6933.0,891.0
2026-02-06 12:10:00-06:00,6933.25,6934.25,6932.0,6932.0,1126.0
2026-02-06 12:11:00-06:00,6932.0,6933.0,6931.75,6932.75,523.0
2026-02-06 12:12:00-06:00,6932.5,6935.5,6932.5,6934.5,1018.0
2026-02-06 12:13:00-06:00,6934.5,6934.5,6932.0,6932.25,872.0
2026-02-06 12:14:00-06:00,6932.25,6933.25,6931.75,6932.75,470.0
2026-02-06 12:15:00-06:00,6932.5,6933.25,6929.75,6930.0,1216.0
2026-02-06 12:16:00-06:00,6930.25,6931.0,6928.25,6930.75,1684.0
2026-02-06 12:17:00-06:00,6930.75,6932.5,6930.5,6932.5,857.0
2026-02-06 12:18:00-06:00,6932.5,6934.0,6932.0,6933.5,1056.0
2026-02-06 12:19:00-06:00,6933.5,6934.0,6933.0,6933.75,576.0
2026-02-06 12:20:00-06:00,6933.75,6934.25,6932.5,6934.0,655.0
2026-02-06 12:21:00-06:00,6934.0,6936.75,6933.0,6933.5,2083.0
2026-02-06 12:22:00-06:00,6933.5,6934.25,6932.5,6932.5,874.0
2026-02-06 12:23:00-06:00,6932.5,6933.25,6931.0,6932.0,917.0
2026-02-06 12:24:00-06:00,6932.0,6932.5,6930.75,6931.0,624.0
2026-02-06 12:25:00-06:00,6931.0,6931.25,6929.25,6930.0,1201.0
2026-02-06 12:26:00-06:00,6930.0,6931.5,6929.5,6930.5,1018.0
2026-02-06 12:27:00-06:00,6930.5,6931.0,6929.25,6929.5,582.0
2026-02-06 12:28:00-06:00,6929.5,6930.0,6928.0,6928.5,1657.0
2026-02-06 12:29:00-06:00,6928.5,6932.0,6928.25,6931.75,1425.0
2026-02-06 12:30:00-06:00,6931.75,6933.5,6931.5,6932.25,1655.0
2026-02-06 12:31:00-06:00,6932.25,6934.0,6931.25,6934.0,878.0
2026-02-06 12:32:00-06:00,6933.75,6934.0,6932.75,6933.0,582.0
2026-02-06 12:33:00-06:00,6933.25,6934.5,6932.5,6932.5,771.0
2026-02-06 12:34:00-06:00,6932.5,6933.0,6930.75,6931.25,792.0
2026-02-06 12:35:00-06:00,6931.5,6933.75,6931.5,6933.0,462.0
2026-02-06 12:36:00-06:00,6933.25,6933.5,6932.5,6933.0,1132.0
2026-02-06 12:37:00-06:00,6933.0,6934.5,6932.5,6934.0,956.0
2026-02-06 12:38:00-06:00,6933.75,6936.5,6933.0,6935.25,1494.0
2026-02-06 12:39:00-06:00,6935.0,6935.5,6934.5,6935.25,438.0
2026-02-06 12:40:00-06:00,6935.25,6936.0,6934.5,6935.5,574.0
2026-02-06 12:41:00-06:00,6935.5,6935.5,6934.0,6934.5,561.0
2026-02-06 12:42:00-06:00,6934.75,6935.75,6934.5,6935.75,332.0
2026-02-06 12:43:00-06:00,6935.75,6936.75,6935.5,6936.0,603.0
2026-02-06 12:44:00-06:00,6936.0,6936.0,6934.0,6935.25,506.0
2026-02-06 12:45:00-06:00,6935.25,6938.25,6935.0,6936.25,1561.0
2026-02-06 12:46:00-06:00,6936.25,6936.25,6935.25,6936.0,581.0
2026-02-06 12:47:00-06:00,6935.75,6937.0,6935.75,6936.5,376.0
2026-02-06 12:48:00-06:00,6936.5,6937.75,6936.5,6937.0,461.0
2026-02-06 12:49:00-06:00,6937.25,6937.75,6936.5,6937.75,443.0
2026-02-06 12:50:00-06:00,6937.5,6938.75,6937.25,6938.0,1042.0
2026-02-06 12:51:00-06:00,6938.0,6938.5,6936.75,6937.0,595.0
2026-02-06 12:52:00-06:00,6937.25,6938.0,6935.75,6937.5,852.0
2026-02-06 12:53:00-06:00,6937.75,6937.75,6936.25,6936.25,538.0
2026-02-06 12:54:00-06:00,6936.25,6937.0,6935.5,6935.75,480.0
2026-02-06 12:55:00-06:00,6935.75,6936.5,6935.0,6935.0,531.0
2026-02-06 12:56:00-06:00,6935.0,6935.0,6934.0,6934.25,807.0
2026-02-06 12:57:00-06:00,6934.25,6934.75,6933.25,6934.25,648.0
2026-02-06 12:58:00-06:00,6934.5,6934.75,6932.0,6932.5,921.0
2026-02-06 12:59:00-06:00,6932.5,6932.75,6931.5,6932.5,988.0
2026-02-06 13:00:00-06:00,6932.5,6934.0,6931.5,6931.5,1286.0
2026-02-06 13:01:00-06:00,6931.75,6934.25,6931.5,6934.0,750.0
2026-02-06 13:02:00-06:00,6934.0,6935.5,6933.75,6935.25,998.0
2026-02-06 13:03:00-06:00,6935.25,6935.25,6934.5,6935.0,469.0
2026-02-06 13:04:00-06:00,6935.25,6936.25,6934.75,6935.75,600.0
2026-02-06 13:05:00-06:00,6935.75,6936.5,6933.75,6933.75,905.0
2026-02-06 13:06:00-06:00,6934.0,6934.75,6933.25,6934.5,1002.0
2026-02-06 13:07:00-06:00,6934.5,6935.5,6934.0,6935.25,650.0
2026-02-06 13:08:00-06:00,6935.25,6936.0,6934.25,6934.75,396.0
2026-02-06 13:09:00-06:00,6935.0,6935.5,6933.5,6934.25,533.0
2026-02-06 13:10:00-06:00,6934.25,6935.25,6934.0,6934.5,380.0
2026-02-06 13:11:00-06:00,6934.75,6935.75,6934.25,6934.75,289.0
2026-02-06 13:12:00-06:00,6934.75,6934.75,6931.5,6931.5,892.0
2026-02-06 13:13:00-06:00,6931.5,6932.75,6931.25,6932.5,619.0
2026-02-06 13:14:00-06:00,6932.25,6932.25,6931.0,6931.25,469.0
2026-02-06 13:15:00-06:00,6931.25,6933.0,6931.25,6932.5,670.0
2026-02-06 13:16:00-06:00,6932.25,6932.25,6930.75,6930.75,679.0
2026-02-06 13:17:00-06:00,6930.75,6931.5,6929.5,6930.5,1597.0
2026-02-06 13:18:00-06:00,6930.25,6932.0,6930.0,6931.0,742.0
2026-02-06 13:19:00-06:00,6930.75,6932.0,6930.0,6931.0,612.0
2026-02-06 13:20:00-06:00,6931.0,6933.5,6930.75,6932.0,1114.0
2026-02-06 13:21:00-06:00,6932.0,6932.25,6931.25,6932.0,374.0
2026-02-06 13:22:00-06:00,6932.0,6935.75,6931.75,6935.75,1584.0
2026-02-06 13:23:00-06:00,6935.75,6937.5,6935.0,6936.5,1288.0
2026-02-06 13:24:00-06:00,6936.5,6936.75,6935.5,6936.25,689.0
2026-02-06 13:25:00-06:00,6936.5,6937.0,6935.75,6936.25,696.0
2026-02-06 13:26:00-06:00,6936.0,6936.5,6935.25,6936.0,490.0
2026-02-06 13:27:00-06:00,6936.25,6936.5,6934.75,6935.0,620.0
2026-02-06 13:28:00-06:00,6935.25,6936.25,6935.0,6935.5,389.0
2026-02-06 13:29:00-06:00,6935.75,6937.25,6935.75,6937.25,749.0
2026-02-06 13:30:00-06:00,6937.25,6938.0,6935.25,6936.25,1630.0
2026-02-06 13:31:00-06:00,6936.0,6936.0,6935.25,6935.75,479.0
2026-02-06 13:32:00-06:00,6935.5,6936.25,6935.0,6936.25,370.0
2026-02-06 13:33:00-06:00,6936.25,6936.5,6934.75,6935.0,513.0
2026-02-06 13:34:00-06:00,6934.75,6935.25,6934.25,6934.5,723.0
2026-02-06 13:35:00-06:00,6934.5,6935.25,6933.75,6935.25,654.0
2026-02-06 13:36:00-06:00,6935.0,6935.25,6934.0,6935.0,416.0
2026-02-06 13:37:00-06:00,6935.0,6935.25,6933.5,6934.25,420.0
2026-02-06 13:38:00-06:00,6934.0,6936.0,6934.0,6934.75,477.0
2026-02-06 13:39:00-06:00,6934.75,6935.0,6934.0,6934.25,382.0
2026-02-06 13:40:00-06:00,6934.0,6934.5,6932.75,6933.25,896.0
2026-02-06 13:41:00-06:00,6933.0,6933.25,6932.0,6932.5,1010.0
2026-02-06 13:42:00-06:00,6932.25,6933.0,6931.5,6932.5,809.0
2026-02-06 13:43:00-06:00,6932.5,6933.0,6932.0,6932.0,698.0
2026-02-06 13:44:00-06:00,6932.0,6932.5,6931.25,6932.0,647.0
2026-02-06 13:45:00-06:00,6932.0,6934.75,6931.75,6934.25,1053.0
2026-02-06 13:46:00-06:00,6934.0,6936.25,6933.75,6936.25,875.0
2026-02-06 13:47:00-06:00,6936.25,6938.5,6935.5,6938.5,992.0
2026-02-06 13:48:00-06:00,6938.25,6939.75,6937.0,6939.75,1942.0
2026-02-06 13:49:00-06:00,6939.75,6940.0,6938.5,6938.5,1184.0
2026-02-06 13:50:00-06:00,6938.5,6939.75,6936.25,6938.75,1474.0
2026-02-06 13:51:00-06:00,6938.75,6939.25,6938.5,6939.0,312.0
2026-02-06 13:52:00-06:00,6939.0,6939.25,6938.0,6938.75,433.0
2026-02-06 13:53:00-06:00,6938.75,6938.75,6937.25,6938.0,554.0
2026-02-06 13:54:00-06:00,6937.75,6938.75,6937.5,6938.0,488.0
2026-02-06 13:55:00-06:00,6937.75,6938.25,6935.75,6936.0,865.0
2026-02-06 13:56:00-06:00,6935.75,6936.5,6935.0,6936.0,787.0
2026-02-06 13:57:00-06:00,6935.75,6938.0,6935.0,6935.5,920.0
2026-02-06 13:58:00-06:00,6935.25,6936.5,6934.75,6936.25,374.0
2026-02-06 13:59:00-06:00,6936.25,6936.25,6935.5,6935.75,398.0
2026-02-06 14:00:00-06:00,6935.5,6935.75,6933.25,6935.25,1823.0
2026-02-06 14:01:00-06:00,6935.25,6937.0,6935.0,6937.0,691.0
2026-02-06 14:02:00-06:00,6936.75,6937.75,6936.5,6937.75,621.0
2026-02-06 14:03:00-06:00,6937.75,6938.75,6937.5,6938.25,1016.0
2026-02-06 14:04:00-06:00,6938.5,6938.5,6937.0,6937.25,578.0
2026-02-06 14:05:00-06:00,6937.25,6940.0,6936.5,6939.75,1024.0
2026-02-06 14:06:00-06:00,6939.75,6940.5,6938.75,6939.0,976.0
2026-02-06 14:07:00-06:00,6939.25,6939.75,6938.5,6938.75,578.0
2026-02-06 14:08:00-06:00,6938.75,6939.25,6937.5,6938.0,798.0
2026-02-06 14:09:00-06:00,6937.75,6939.25,6937.75,6938.25,320.0
2026-02-06 14:10:00-06:00,6938.0,6938.0,6936.5,6937.75,925.0
2026-02-06 14:11:00-06:00,6937.5,6938.25,6936.25,6936.75,434.0
2026-02-06 14:12:00-06:00,6937.0,6938.0,6936.5,6937.0,408.0
2026-02-06 14:13:00-06:00,6936.75,6938.0,6936.75,6937.75,264.0
2026-02-06 14:14:00-06:00,6937.75,6937.75,6936.75,6936.75,261.0
2026-02-06 14:15:00-06:00,6936.75,6938.0,6936.5,6937.75,473.0
2026-02-06 14:16:00-06:00,6937.75,6938.25,6937.0,6937.0,257.0
2026-02-06 14:17:00-06:00,6937.0,6937.75,6936.75,6937.0,296.0
2026-02-06 14:18:00-06:00,6937.0,6940.0,6936.75,6939.75,688.0
2026-02-06 14:19:00-06:00,6940.0,6940.25,6938.5,6939.5,932.0
2026-02-06 14:20:00-06:00,6939.75,6943.5,6939.25,6942.5,3088.0
2026-02-06 14:21:00-06:00,6942.25,6942.5,6940.25,6941.0,1990.0
2026-02-06 14:22:00-06:00,6940.75,6942.5,6940.0,6942.0,718.0
2026-02-06 14:23:00-06:00,6942.0,6943.5,6941.5,6942.5,928.0
2026-02-06 14:24:00-06:00,6942.75,6943.0,6942.0,6942.0,497.0
2026-02-06 14:25:00-06:00,6942.0,6943.0,6940.5,6940.75,934.0
2026-02-06 14:26:00-06:00,6940.75,6941.5,6939.75,6941.25,818.0
2026-02-06 14:27:00-06:00,6941.0,6942.0,6940.75,6941.5,498.0
2026-02-06 14:28:00-06:00,6941.75,6943.0,6941.25,6941.25,708.0
2026-02-06 14:29:00-06:00,6941.5,6941.5,6939.0,6939.75,777.0
2026-02-06 14:30:00-06:00,6939.5,6940.25,6937.75,6940.0,1801.0
2026-02-06 14:31:00-06:00,6940.25,6942.5,6939.75,6941.75,1234.0
2026-02-06 14:32:00-06:00,6941.5,6942.75,6940.75,6941.75,719.0
2026-02-06 14:33:00-06:00,6941.25,6941.75,6940.5,6941.0,537.0
2026-02-06 14:34:00-06:00,6941.0,6941.75,6940.25,6940.75,520.0
2026-02-06 14:35:00-06:00,6940.75,6940.75,6939.25,6940.25,821.0
2026-02-06 14:36:00-06:00,6940.25,6940.25,6939.25,6939.5,419.0
2026-02-06 14:37:00-06:00,6939.5,6940.75,6939.5,6940.75,465.0
2026-02-06 14:38:00-06:00,6940.5,6942.5,6940.5,6942.25,728.0
2026-02-06 14:39:00-06:00,6942.25,6942.5,6941.5,6942.25,444.0
2026-02-06 14:40:00-06:00,6942.25,6946.0,6942.0,6944.5,3245.0
2026-02-06 14:41:00-06:00,6944.25,6946.25,6944.25,6945.75,1533.0
2026-02-06 14:42:00-06:00,6945.75,6949.75,6945.75,6947.75,2757.0
2026-02-06 14:43:00-06:00,6947.75,6948.25,6946.5,6947.5,1094.0
2026-02-06 14:44:00-06:00,6947.25,6949.75,6947.25,6949.75,944.0
2026-02-06 14:45:00-06:00,6949.75,6951.5,6949.0,6950.75,2631.0
2026-02-06 14:46:00-06:00,6951.0,6953.75,6950.25,6952.75,2378.0
2026-02-06 14:47:00-06:00,6952.5,6953.25,6951.75,6953.0,1275.0
2026-02-06 14:48:00-06:00,6953.0,6953.25,6950.25,6950.5,2101.0
2026-02-06 14:49:00-06:00,6950.75,6952.5,6949.5,6952.5,1444.0
2026-02-06 14:50:00-06:00,6952.5,6960.0,6951.25,6960.0,6302.0
2026-02-06 14:51:00-06:00,6960.0,6965.5,6959.25,6964.25,4240.0
2026-02-06 14:52:00-06:00,6964.5,6965.5,6961.25,6961.5,3085.0
2026-02-06 14:53:00-06:00,6961.75,6964.5,6960.5,6963.5,2622.0
2026-02-06 14:54:00-06:00,6963.5,6964.0,6961.25,6962.5,3524.0
2026-02-06 14:55:00-06:00,6962.5,6962.75,6956.5,6958.25,5167.0
2026-02-06 14:56:00-06:00,6958.5,6959.5,6957.25,6957.75,1767.0
2026-02-06 14:57:00-06:00,6957.75,6959.5,6956.0,6957.75,1767.0
2026-02-06 14:58:00-06:00,6957.75,6958.25,6955.25,6955.25,2056.0
2026-02-06 14:59:00-06:00,6955.25,6960.0,6947.5,6948.75,12971.0
2026-02-06 15:00:00-06:00,6948.75,6951.25,6943.75,6945.0,7363.0
2026-02-06 15:01:00-06:00,6945.0,6952.25,6945.0,6951.25,2609.0
2026-02-06 15:02:00-06:00,6951.25,6951.75,6948.5,6948.75,1292.0
2026-02-06 15:03:00-06:00,6948.75,6949.25,6947.25,6947.25,858.0
2026-02-06 15:04:00-06:00,6947.5,6948.75,6945.75,6948.25,1114.0
2026-02-06 15:05:00-06:00,6948.0,6949.0,6947.0,6948.25,806.0
2026-02-06 15:06:00-06:00,6948.0,6950.0,6947.5,6949.25,543.0
2026-02-06 15:07:00-06:00,6949.25,6949.75,6947.5,6948.0,407.0
2026-02-06 15:08:00-06:00,6948.0,6948.25,6946.75,6947.25,333.0
2026-02-06 15:09:00-06:00,6947.0,6947.0,6945.75,6946.25,469.0
2026-02-06 15:10:00-06:00,6946.0,6946.25,6944.5,6946.25,642.0
2026-02-06 15:11:00-06:00,6946.25,6946.75,6945.25,6945.75,486.0
2026-02-06 15:12:00-06:00,6945.75,6946.75,6945.25,6946.25,263.0
2026-02-06 15:13:00-06:00,6946.25,6947.5,6944.5,6944.5,609.0
2026-02-06 15:14:00-06:00,6944.5,6947.75,6944.0,6946.5,697.0
2026-02-06 15:15:00-06:00,6946.25,6946.25,6944.0,6944.5,512.0
2026-02-06 15:16:00-06:00,6944.5,6945.25,6944.25,6944.5,322.0
2026-02-06 15:17:00-06:00,6944.5,6946.0,6944.25,6945.75,238.0
2026-02-06 15:18:00-06:00,6946.0,6947.5,6946.0,6947.25,377.0
2026-02-06 15:19:00-06:00,6946.75,6946.75,6945.25,6945.5,212.0
2026-02-06 15:20:00-06:00,6945.5,6947.0,6945.25,6946.5,161.0
2026-02-06 15:21:00-06:00,6946.5,6946.75,6945.5,6945.75,248.0
2026-02-06 15:22:00-06:00,6945.5,6945.75,6944.25,6944.25,220.0
2026-02-06 15:23:00-06:00,6944.0,6945.0,6943.5,6944.75,363.0
2026-02-06 15:24:00-06:00,6944.25,6944.5,6942.75,6944.25,306.0
2026-02-06 15:25:00-06:00,6944.25,6945.0,6944.0,6944.0,181.0
2026-02-06 15:26:00-06:00,6944.25,6945.0,6943.75,6944.25,215.0
2026-02-06 15:27:00-06:00,6944.5,6944.75,6943.5,6944.25,173.0
2026-02-06 15:28:00-06:00,6944.25,6945.0,6943.5,6944.75,209.0
2026-02-06 15:29:00-06:00,6945.0,6945.0,6943.75,6944.25,159.0
2026-02-06 15:30:00-06:00,6944.25,6944.75,6943.75,6944.5,131.0
2026-02-06 15:31:00-06:00,6944.5,6944.5,6943.75,6943.75,144.0
2026-02-06 15:32:00-06:00,6943.5,6944.25,6942.75,6943.0,208.0
2026-02-06 15:33:00-06:00,6943.5,6944.5,6943.0,6944.5,144.0
2026-02-06 15:34:00-06:00,6944.5,6944.5,6943.75,6944.25,94.0
2026-02-06 15:35:00-06:00,6944.25,6945.25,6944.0,6944.75,196.0
2026-02-06 15:36:00-06:00,6944.75,6946.75,6944.25,6945.0,459.0
2026-02-06 15:37:00-06:00,6945.0,6946.25,6944.75,6945.0,215.0
2026-02-06 15:38:00-06:00,6944.75,6945.0,6944.25,6945.0,138.0
2026-02-06 15:39:00-06:00,6945.0,6945.0,6944.25,6944.25,169.0
2026-02-06 15:40:00-06:00,6944.0,6945.25,6944.0,6945.25,110.0
2026-02-06 15:41:00-06:00,6945.25,6945.5,6944.75,6944.75,131.0
2026-02-06 15:42:00-06:00,6945.0,6945.0,6944.25,6945.0,85.0
2026-02-06 15:43:00-06:00,6944.5,6945.0,6943.75,6943.75,227.0
2026-02-06 15:44:00-06:00,6944.0,6945.75,6943.25,6945.75,521.0
2026-02-06 15:45:00-06:00,6945.75,6945.75,6944.25,6944.25,425.0
2026-02-06 15:46:00-06:00,6944.5,6945.0,6944.0,6944.0,123.0
2026-02-06 15:47:00-06:00,6944.0,6944.25,6943.25,6943.5,140.0
2026-02-06 15:48:00-06:00,6943.5,6943.75,6943.25,6943.5,126.0
2026-02-06 15:49:00-06:00,6943.5,6943.5,6942.75,6943.25,218.0
2026-02-06 15:50:00-06:00,6943.5,6943.5,6942.0,6942.0,247.0
2026-02-06 15:51:00-06:00,6942.0,6943.0,6942.0,6942.75,247.0
2026-02-06 15:52:00-06:00,6942.75,6943.5,6942.25,6942.25,138.0
2026-02-06 15:53:00-06:00,6942.5,6944.0,6942.25,6943.5,220.0
2026-02-06 15:54:00-06:00,6943.5,6945.0,6943.5,6944.0,350.0
2026-02-06 15:55:00-06:00,6943.75,6945.25,6943.25,6945.0,402.0
2026-02-06 15:56:00-06:00,6944.75,6946.75,6944.25,6946.0,319.0
2026-02-06 15:57:00-06:00,6945.75,6946.75,6945.0,6945.25,135.0
2026-02-06 15:58:00-06:00,6945.25,6946.25,6945.25,6946.25,179.0
2026-02-06 15:59:00-06:00,6946.0,6947.75,6945.0,6946.25,611.0
